store_id,sku_id,shelf_slot,shelf_stock_units,shelf_capacity_units,backroom_stock_units,total_stock_units,safety_stock_threshold_units,reorder_point_units
STORE_001,SKU_COLD_DRINK_750ML,SLOT_CB_01,49,50,156,205,20,35
STORE_001,SKU_DIET_HERBAL_TEA_250ML,SLOT_HB_02,50,50,131,181,20,35
STORE_001,SKU_ENERGY_DRINK_250ML,SLOT_CB_03,50,50,129,179,20,35
STORE_001,SKU_KALE_CHIPS_50G,SLOT_S&C_04,42,50,115,157,20,35
STORE_001,SKU_CHIPS_100G,SLOT_S&C_05,44,50,147,191,20,35
STORE_001,SKU_COLBEV_001,SLOT_CB_06,49,50,125,174,20,35
STORE_001,SKU_COLBEV_002,SLOT_CB_07,42,50,132,174,20,35
STORE_001,SKU_COLBEV_003,SLOT_CB_08,40,50,155,195,20,35
STORE_001,SKU_COLBEV_004,SLOT_CB_09,50,50,110,160,20,35
STORE_001,SKU_COLBEV_005,SLOT_CB_10,41,50,124,165,20,35
STORE_001,SKU_COLBEV_006,SLOT_CB_11,47,50,133,180,20,35
STORE_001,SKU_COLBEV_007,SLOT_CB_12,40,50,143,183,20,35
STORE_001,SKU_COLBEV_008,SLOT_CB_13,48,50,148,196,20,35
STORE_001,SKU_COLBEV_009,SLOT_CB_14,50,50,121,171,20,35
STORE_001,SKU_COLBEV_010,SLOT_CB_15,46,50,110,156,20,35
STORE_001,SKU_COLBEV_011,SLOT_CB_16,44,50,132,176,20,35
STORE_001,SKU_COLBEV_012,SLOT_CB_17,41,50,155,196,20,35
STORE_001,SKU_COLBEV_013,SLOT_CB_18,50,50,132,182,20,35
STORE_001,SKU_COLBEV_014,SLOT_CB_19,42,50,123,165,20,35
STORE_001,SKU_HOTBEV_015,SLOT_HB_20,48,50,158,206,20,35
STORE_001,SKU_HOTBEV_016,SLOT_HB_21,45,50,131,176,20,35
STORE_001,SKU_HOTBEV_017,SLOT_HB_22,45,50,156,201,20,35
STORE_001,SKU_HOTBEV_018,SLOT_HB_23,40,50,115,155,20,35
STORE_001,SKU_HOTBEV_019,SLOT_HB_24,41,50,105,146,20,35
STORE_001,SKU_HOTBEV_020,SLOT_HB_25,41,50,148,189,20,35
STORE_001,SKU_HOTBEV_021,SLOT_HB_26,42,50,108,150,20,35
STORE_001,SKU_HOTBEV_022,SLOT_HB_27,48,50,110,158,20,35
STORE_001,SKU_HOTBEV_023,SLOT_HB_28,49,50,127,176,20,35
STORE_001,SKU_HOTBEV_024,SLOT_HB_29,48,50,148,196,20,35
STORE_001,SKU_HOTBEV_025,SLOT_HB_30,44,50,125,169,20,35
STORE_001,SKU_SNA&CHI_026,SLOT_S&C_01,47,50,157,204,20,35
STORE_001,SKU_SNA&CHI_027,SLOT_S&C_02,41,50,115,156,20,35
STORE_001,SKU_SNA&CHI_028,SLOT_S&C_03,45,50,101,146,20,35
STORE_001,SKU_SNA&CHI_029,SLOT_S&C_04,43,50,137,180,20,35
STORE_001,SKU_SNA&CHI_030,SLOT_S&C_05,41,50,145,186,20,35
STORE_001,SKU_SNA&CHI_031,SLOT_S&C_06,43,50,104,147,20,35
STORE_001,SKU_SNA&CHI_032,SLOT_S&C_07,45,50,104,149,20,35
STORE_001,SKU_SNA&CHI_033,SLOT_S&C_08,44,50,142,186,20,35
STORE_001,SKU_SNA&CHI_034,SLOT_S&C_09,48,50,108,156,20,35
STORE_001,SKU_SNA&CHI_035,SLOT_S&C_10,47,50,115,162,20,35
STORE_001,SKU_SNA&CHI_036,SLOT_S&C_11,46,50,112,158,20,35
STORE_001,SKU_SNA&CHI_037,SLOT_S&C_12,50,50,127,177,20,35
STORE_001,SKU_SNA&CHI_038,SLOT_S&C_13,46,50,129,175,20,35
STORE_001,SKU_INSMEA_039,SLOT_IM_14,50,50,141,191,20,35
STORE_001,SKU_INSMEA_040,SLOT_IM_15,46,50,146,192,20,35
STORE_001,SKU_INSMEA_041,SLOT_IM_16,41,50,115,156,20,35
STORE_001,SKU_INSMEA_042,SLOT_IM_17,48,50,128,176,20,35
STORE_001,SKU_INSMEA_043,SLOT_IM_18,42,50,117,159,20,35
STORE_001,SKU_INSMEA_044,SLOT_IM_19,41,50,128,169,20,35
STORE_001,SKU_INSMEA_045,SLOT_IM_20,40,50,141,181,20,35
STORE_001,SKU_INSMEA_046,SLOT_IM_21,40,50,105,145,20,35
STORE_001,SKU_INSMEA_047,SLOT_IM_22,46,50,131,177,20,35
STORE_001,SKU_INSMEA_048,SLOT_IM_23,46,50,157,203,20,35
STORE_001,SKU_INSMEA_049,SLOT_IM_24,46,50,100,146,20,35
STORE_001,SKU_INSMEA_050,SLOT_IM_25,47,50,118,165,20,35
STORE_001,SKU_INSMEA_051,SLOT_IM_26,48,50,142,190,20,35
STORE_001,SKU_INSMEA_052,SLOT_IM_27,43,50,118,161,20,35
STORE_001,SKU_INSMEA_053,SLOT_IM_28,49,50,147,196,20,35
STORE_001,SKU_INSMEA_054,SLOT_IM_29,45,50,103,148,20,35
STORE_001,SKU_GRO_055,SLOT_G_30,47,50,132,179,20,35
STORE_001,SKU_GRO_056,SLOT_G_01,40,50,132,172,20,35
STORE_001,SKU_GRO_057,SLOT_G_02,42,50,104,146,20,35
STORE_001,SKU_GRO_058,SLOT_G_03,50,50,155,205,20,35
STORE_001,SKU_GRO_059,SLOT_G_04,41,50,160,201,20,35
STORE_001,SKU_GRO_060,SLOT_G_05,49,50,138,187,20,35
STORE_001,SKU_GRO_061,SLOT_G_06,41,50,126,167,20,35
STORE_001,SKU_GRO_062,SLOT_G_07,48,50,120,168,20,35
STORE_001,SKU_GRO_063,SLOT_G_08,50,50,145,195,20,35
STORE_001,SKU_GRO_064,SLOT_G_09,44,50,125,169,20,35
STORE_001,SKU_GRO_065,SLOT_G_10,50,50,119,169,20,35
STORE_001,SKU_GRO_066,SLOT_G_11,41,50,100,141,20,35
STORE_001,SKU_GRO_067,SLOT_G_12,49,50,106,155,20,35
STORE_001,SKU_GRO_068,SLOT_G_13,43,50,132,175,20,35
STORE_001,SKU_GRO_069,SLOT_G_14,45,50,156,201,20,35
STORE_001,SKU_GRO_070,SLOT_G_15,43,50,123,166,20,35
STORE_001,SKU_GRO_071,SLOT_G_16,47,50,153,200,20,35
STORE_001,SKU_FRU&VEG_072,SLOT_F&V_17,44,50,139,183,20,35
STORE_001,SKU_FRU&VEG_073,SLOT_F&V_18,40,50,142,182,20,35
STORE_001,SKU_FRU&VEG_074,SLOT_F&V_19,50,50,106,156,20,35
STORE_001,SKU_FRU&VEG_075,SLOT_F&V_20,41,50,156,197,20,35
STORE_001,SKU_FRU&VEG_076,SLOT_F&V_21,48,50,109,157,20,35
STORE_001,SKU_FRU&VEG_077,SLOT_F&V_22,49,50,113,162,20,35
STORE_001,SKU_FRU&VEG_078,SLOT_F&V_23,50,50,140,190,20,35
STORE_001,SKU_FRU&VEG_079,SLOT_F&V_24,47,50,116,163,20,35
STORE_001,SKU_FRU&VEG_080,SLOT_F&V_25,50,50,127,177,20,35
STORE_001,SKU_FRU&VEG_081,SLOT_F&V_26,40,50,121,161,20,35
STORE_001,SKU_FRU&VEG_082,SLOT_F&V_27,44,50,110,154,20,35
STORE_001,SKU_FRU&VEG_083,SLOT_F&V_28,46,50,135,181,20,35
STORE_001,SKU_FRU&VEG_084,SLOT_F&V_29,41,50,160,201,20,35
STORE_001,SKU_FRU&VEG_085,SLOT_F&V_30,40,50,153,193,20,35
STORE_001,SKU_FRU&VEG_086,SLOT_F&V_01,48,50,109,157,20,35
STORE_001,SKU_PERCAR_087,SLOT_PC_02,40,50,119,159,20,35
STORE_001,SKU_PERCAR_088,SLOT_PC_03,40,50,157,197,20,35
STORE_001,SKU_PERCAR_089,SLOT_PC_04,50,50,115,165,20,35
STORE_001,SKU_PERCAR_090,SLOT_PC_05,48,50,156,204,20,35
STORE_001,SKU_PERCAR_091,SLOT_PC_06,42,50,159,201,20,35
STORE_001,SKU_PERCAR_092,SLOT_PC_07,42,50,151,193,20,35
STORE_001,SKU_PERCAR_093,SLOT_PC_08,46,50,101,147,20,35
STORE_001,SKU_PERCAR_094,SLOT_PC_09,45,50,150,195,20,35
STORE_001,SKU_PERCAR_095,SLOT_PC_10,50,50,155,205,20,35
STORE_001,SKU_PERCAR_096,SLOT_PC_11,42,50,150,192,20,35
STORE_001,SKU_PERCAR_097,SLOT_PC_12,40,50,154,194,20,35
STORE_001,SKU_PERCAR_098,SLOT_PC_13,43,50,152,195,20,35
STORE_001,SKU_PERCAR_099,SLOT_PC_14,44,50,152,196,20,35
STORE_001,SKU_PERCAR_100,SLOT_PC_15,40,50,142,182,20,35
STORE_001,SKU_SWE_101,SLOT_S_16,45,50,117,162,20,35
STORE_001,SKU_SWE_102,SLOT_S_17,44,50,122,166,20,35
STORE_001,SKU_SWE_103,SLOT_S_18,46,50,143,189,20,35
STORE_001,SKU_SWE_104,SLOT_S_19,40,50,107,147,20,35
STORE_001,SKU_SWE_105,SLOT_S_20,49,50,116,165,20,35
STORE_001,SKU_SWE_106,SLOT_S_21,49,50,127,176,20,35
STORE_001,SKU_SWE_107,SLOT_S_22,45,50,127,172,20,35
STORE_001,SKU_SWE_108,SLOT_S_23,41,50,124,165,20,35
STORE_001,SKU_SWE_109,SLOT_S_24,44,50,102,146,20,35
STORE_001,SKU_SWE_110,SLOT_S_25,48,50,159,207,20,35
STORE_001,SKU_GENERIC_SWE_116,SLOT_S_26,50,50,112,162,20,35
STORE_001,SKU_GENERIC_COLBEV_117,SLOT_CB_27,41,50,160,201,20,35
STORE_001,SKU_GENERIC_HOTBEV_118,SLOT_HB_28,45,50,142,187,20,35
STORE_001,SKU_GENERIC_SNA&CHI_119,SLOT_S&C_29,44,50,132,176,20,35
STORE_001,SKU_GENERIC_INSMEA_120,SLOT_IM_30,46,50,120,166,20,35
STORE_001,SKU_GENERIC_DAI&BAK_121,SLOT_D&B_01,44,50,135,179,20,35
STORE_001,SKU_GENERIC_GRO_122,SLOT_G_02,46,50,142,188,20,35
STORE_001,SKU_GENERIC_FRU&VEG_123,SLOT_F&V_03,42,50,139,181,20,35
STORE_001,SKU_GENERIC_PERCAR_124,SLOT_PC_04,46,50,135,181,20,35
STORE_001,SKU_GENERIC_SWE_125,SLOT_S_05,44,50,113,157,20,35
STORE_001,SKU_GENERIC_COLBEV_126,SLOT_CB_06,49,50,138,187,20,35
STORE_001,SKU_GENERIC_HOTBEV_127,SLOT_HB_07,47,50,128,175,20,35
STORE_001,SKU_GENERIC_SNA&CHI_128,SLOT_S&C_08,43,50,132,175,20,35
STORE_001,SKU_GENERIC_INSMEA_129,SLOT_IM_09,42,50,142,184,20,35
STORE_001,SKU_GENERIC_DAI&BAK_130,SLOT_D&B_10,48,50,142,190,20,35
STORE_001,SKU_GENERIC_GRO_131,SLOT_G_11,45,50,105,150,20,35
STORE_001,SKU_GENERIC_FRU&VEG_132,SLOT_F&V_12,44,50,114,158,20,35
STORE_001,SKU_GENERIC_PERCAR_133,SLOT_PC_13,40,50,102,142,20,35
STORE_001,SKU_GENERIC_SWE_134,SLOT_S_14,49,50,154,203,20,35
STORE_001,SKU_GENERIC_COLBEV_135,SLOT_CB_15,46,50,156,202,20,35
STORE_001,SKU_GENERIC_HOTBEV_136,SLOT_HB_16,43,50,145,188,20,35
STORE_001,SKU_GENERIC_SNA&CHI_137,SLOT_S&C_17,46,50,115,161,20,35
STORE_001,SKU_GENERIC_INSMEA_138,SLOT_IM_18,40,50,157,197,20,35
STORE_001,SKU_GENERIC_DAI&BAK_139,SLOT_D&B_19,46,50,114,160,20,35
STORE_001,SKU_GENERIC_GRO_140,SLOT_G_20,48,50,129,177,20,35
STORE_001,SKU_GENERIC_FRU&VEG_141,SLOT_F&V_21,43,50,158,201,20,35
STORE_001,SKU_GENERIC_PERCAR_142,SLOT_PC_22,42,50,151,193,20,35
STORE_001,SKU_GENERIC_SWE_143,SLOT_S_23,48,50,135,183,20,35
STORE_001,SKU_GENERIC_COLBEV_144,SLOT_CB_24,47,50,139,186,20,35
STORE_001,SKU_GENERIC_HOTBEV_145,SLOT_HB_25,48,50,128,176,20,35
STORE_001,SKU_GENERIC_SNA&CHI_146,SLOT_S&C_26,47,50,128,175,20,35
STORE_001,SKU_GENERIC_INSMEA_147,SLOT_IM_27,43,50,153,196,20,35
STORE_001,SKU_GENERIC_DAI&BAK_148,SLOT_D&B_28,48,50,131,179,20,35
STORE_001,SKU_GENERIC_GRO_149,SLOT_G_29,44,50,128,172,20,35
STORE_001,SKU_GENERIC_FRU&VEG_150,SLOT_F&V_30,44,50,115,159,20,35
STORE_002,SKU_COLD_DRINK_750ML,SLOT_CB_01,33,50,61,94,20,40
STORE_002,SKU_DIET_HERBAL_TEA_250ML,SLOT_HB_02,35,50,97,132,20,40
STORE_002,SKU_ENERGY_DRINK_250ML,SLOT_CB_03,42,50,45,87,20,40
STORE_002,SKU_KALE_CHIPS_50G,SLOT_S&C_04,29,50,49,78,20,40
STORE_002,SKU_CHIPS_100G,SLOT_S&C_05,32,50,64,96,20,40
STORE_002,SKU_COLBEV_001,SLOT_CB_06,29,50,85,114,20,40
STORE_002,SKU_COLBEV_002,SLOT_CB_07,31,50,44,75,20,40
STORE_002,SKU_COLBEV_003,SLOT_CB_08,38,50,66,104,20,40
STORE_002,SKU_COLBEV_004,SLOT_CB_09,35,50,74,109,20,40
STORE_002,SKU_COLBEV_005,SLOT_CB_10,39,50,66,105,20,40
STORE_002,SKU_COLBEV_006,SLOT_CB_11,26,50,53,79,20,40
STORE_002,SKU_COLBEV_007,SLOT_CB_12,38,50,64,102,20,40
STORE_002,SKU_COLBEV_008,SLOT_CB_13,43,50,100,143,20,40
STORE_002,SKU_COLBEV_009,SLOT_CB_14,25,50,94,119,20,40
STORE_002,SKU_COLBEV_010,SLOT_CB_15,43,50,64,107,20,40
STORE_002,SKU_COLBEV_011,SLOT_CB_16,40,50,40,80,20,40
STORE_002,SKU_COLBEV_012,SLOT_CB_17,36,50,59,95,20,40
STORE_002,SKU_COLBEV_013,SLOT_CB_18,37,50,94,131,20,40
STORE_002,SKU_COLBEV_014,SLOT_CB_19,38,50,74,112,20,40
STORE_002,SKU_HOTBEV_015,SLOT_HB_20,42,50,91,133,20,40
STORE_002,SKU_HOTBEV_016,SLOT_HB_21,44,50,97,141,20,40
STORE_002,SKU_HOTBEV_017,SLOT_HB_22,32,50,71,103,20,40
STORE_002,SKU_HOTBEV_018,SLOT_HB_23,32,50,57,89,20,40
STORE_002,SKU_HOTBEV_019,SLOT_HB_24,38,50,71,109,20,40
STORE_002,SKU_HOTBEV_020,SLOT_HB_25,25,50,64,89,20,40
STORE_002,SKU_HOTBEV_021,SLOT_HB_26,35,50,82,117,20,40
STORE_002,SKU_HOTBEV_022,SLOT_HB_27,37,50,86,123,20,40
STORE_002,SKU_HOTBEV_023,SLOT_HB_28,30,50,93,123,20,40
STORE_002,SKU_HOTBEV_024,SLOT_HB_29,39,50,98,137,20,40
STORE_002,SKU_HOTBEV_025,SLOT_HB_30,29,50,79,108,20,40
STORE_002,SKU_SNA&CHI_026,SLOT_S&C_01,42,50,41,83,20,40
STORE_002,SKU_SNA&CHI_027,SLOT_S&C_02,37,50,77,114,20,40
STORE_002,SKU_SNA&CHI_028,SLOT_S&C_03,43,50,82,125,20,40
STORE_002,SKU_SNA&CHI_029,SLOT_S&C_04,25,50,45,70,20,40
STORE_002,SKU_SNA&CHI_030,SLOT_S&C_05,45,50,67,112,20,40
STORE_002,SKU_SNA&CHI_031,SLOT_S&C_06,29,50,95,124,20,40
STORE_002,SKU_SNA&CHI_032,SLOT_S&C_07,39,50,51,90,20,40
STORE_002,SKU_SNA&CHI_033,SLOT_S&C_08,26,50,56,82,20,40
STORE_002,SKU_SNA&CHI_034,SLOT_S&C_09,37,50,60,97,20,40
STORE_002,SKU_SNA&CHI_035,SLOT_S&C_10,31,50,69,100,20,40
STORE_002,SKU_SNA&CHI_036,SLOT_S&C_11,35,50,61,96,20,40
STORE_002,SKU_SNA&CHI_037,SLOT_S&C_12,37,50,57,94,20,40
STORE_002,SKU_SNA&CHI_038,SLOT_S&C_13,38,50,56,94,20,40
STORE_002,SKU_INSMEA_039,SLOT_IM_14,27,50,70,97,20,40
STORE_002,SKU_INSMEA_040,SLOT_IM_15,25,50,87,112,20,40
STORE_002,SKU_INSMEA_041,SLOT_IM_16,42,50,43,85,20,40
STORE_002,SKU_INSMEA_042,SLOT_IM_17,36,50,54,90,20,40
STORE_002,SKU_INSMEA_043,SLOT_IM_18,45,50,44,89,20,40
STORE_002,SKU_INSMEA_044,SLOT_IM_19,45,50,42,87,20,40
STORE_002,SKU_INSMEA_045,SLOT_IM_20,25,50,100,125,20,40
STORE_002,SKU_INSMEA_046,SLOT_IM_21,32,50,52,84,20,40
STORE_002,SKU_INSMEA_047,SLOT_IM_22,25,50,79,104,20,40
STORE_002,SKU_INSMEA_048,SLOT_IM_23,29,50,55,84,20,40
STORE_002,SKU_INSMEA_049,SLOT_IM_24,29,50,70,99,20,40
STORE_002,SKU_INSMEA_050,SLOT_IM_25,28,50,76,104,20,40
STORE_002,SKU_INSMEA_051,SLOT_IM_26,31,50,69,100,20,40
STORE_002,SKU_INSMEA_052,SLOT_IM_27,33,50,89,122,20,40
STORE_002,SKU_INSMEA_053,SLOT_IM_28,36,50,50,86,20,40
STORE_002,SKU_INSMEA_054,SLOT_IM_29,44,50,78,122,20,40
STORE_002,SKU_GRO_055,SLOT_G_30,28,50,89,117,20,40
STORE_002,SKU_GRO_056,SLOT_G_01,30,50,59,89,20,40
STORE_002,SKU_GRO_057,SLOT_G_02,28,50,77,105,20,40
STORE_002,SKU_GRO_058,SLOT_G_03,25,50,99,124,20,40
STORE_002,SKU_GRO_059,SLOT_G_04,34,50,76,110,20,40
STORE_002,SKU_GRO_060,SLOT_G_05,37,50,65,102,20,40
STORE_002,SKU_GRO_061,SLOT_G_06,31,50,44,75,20,40
STORE_002,SKU_GRO_062,SLOT_G_07,43,50,84,127,20,40
STORE_002,SKU_GRO_063,SLOT_G_08,45,50,55,100,20,40
STORE_002,SKU_GRO_064,SLOT_G_09,28,50,84,112,20,40
STORE_002,SKU_GRO_065,SLOT_G_10,34,50,94,128,20,40
STORE_002,SKU_GRO_066,SLOT_G_11,44,50,91,135,20,40
STORE_002,SKU_GRO_067,SLOT_G_12,28,50,90,118,20,40
STORE_002,SKU_GRO_068,SLOT_G_13,43,50,90,133,20,40
STORE_002,SKU_GRO_069,SLOT_G_14,26,50,62,88,20,40
STORE_002,SKU_GRO_070,SLOT_G_15,42,50,67,109,20,40
STORE_002,SKU_GRO_071,SLOT_G_16,36,50,44,80,20,40
STORE_002,SKU_FRU&VEG_072,SLOT_F&V_17,41,50,81,122,20,40
STORE_002,SKU_FRU&VEG_073,SLOT_F&V_18,35,50,40,75,20,40
STORE_002,SKU_FRU&VEG_074,SLOT_F&V_19,38,50,92,130,20,40
STORE_002,SKU_FRU&VEG_075,SLOT_F&V_20,40,50,46,86,20,40
STORE_002,SKU_FRU&VEG_076,SLOT_F&V_21,38,50,63,101,20,40
STORE_002,SKU_FRU&VEG_077,SLOT_F&V_22,45,50,97,142,20,40
STORE_002,SKU_FRU&VEG_078,SLOT_F&V_23,39,50,85,124,20,40
STORE_002,SKU_FRU&VEG_079,SLOT_F&V_24,29,50,67,96,20,40
STORE_002,SKU_FRU&VEG_080,SLOT_F&V_25,30,50,86,116,20,40
STORE_002,SKU_FRU&VEG_081,SLOT_F&V_26,41,50,81,122,20,40
STORE_002,SKU_FRU&VEG_082,SLOT_F&V_27,33,50,79,112,20,40
STORE_002,SKU_FRU&VEG_083,SLOT_F&V_28,42,50,89,131,20,40
STORE_002,SKU_FRU&VEG_084,SLOT_F&V_29,40,50,69,109,20,40
STORE_002,SKU_FRU&VEG_085,SLOT_F&V_30,38,50,92,130,20,40
STORE_002,SKU_FRU&VEG_086,SLOT_F&V_01,43,50,57,100,20,40
STORE_002,SKU_PERCAR_087,SLOT_PC_02,35,50,94,129,20,40
STORE_002,SKU_PERCAR_088,SLOT_PC_03,32,50,93,125,20,40
STORE_002,SKU_PERCAR_089,SLOT_PC_04,27,50,57,84,20,40
STORE_002,SKU_PERCAR_090,SLOT_PC_05,39,50,55,94,20,40
STORE_002,SKU_PERCAR_091,SLOT_PC_06,39,50,76,115,20,40
STORE_002,SKU_PERCAR_092,SLOT_PC_07,44,50,82,126,20,40
STORE_002,SKU_PERCAR_093,SLOT_PC_08,37,50,61,98,20,40
STORE_002,SKU_PERCAR_094,SLOT_PC_09,25,50,71,96,20,40
STORE_002,SKU_PERCAR_095,SLOT_PC_10,35,50,51,86,20,40
STORE_002,SKU_PERCAR_096,SLOT_PC_11,40,50,53,93,20,40
STORE_002,SKU_PERCAR_097,SLOT_PC_12,36,50,91,127,20,40
STORE_002,SKU_PERCAR_098,SLOT_PC_13,33,50,61,94,20,40
STORE_002,SKU_PERCAR_099,SLOT_PC_14,33,50,96,129,20,40
STORE_002,SKU_PERCAR_100,SLOT_PC_15,44,50,84,128,20,40
STORE_002,SKU_SWE_101,SLOT_S_16,33,50,75,108,20,40
STORE_002,SKU_SWE_102,SLOT_S_17,25,50,73,98,20,40
STORE_002,SKU_SWE_103,SLOT_S_18,31,50,45,76,20,40
STORE_002,SKU_SWE_104,SLOT_S_19,32,50,86,118,20,40
STORE_002,SKU_SWE_105,SLOT_S_20,38,50,71,109,20,40
STORE_002,SKU_SWE_106,SLOT_S_21,42,50,88,130,20,40
STORE_002,SKU_SWE_107,SLOT_S_22,32,50,84,116,20,40
STORE_002,SKU_SWE_108,SLOT_S_23,40,50,81,121,20,40
STORE_002,SKU_SWE_109,SLOT_S_24,40,50,68,108,20,40
STORE_002,SKU_SWE_110,SLOT_S_25,25,50,45,70,20,40
STORE_002,SKU_GENERIC_SWE_116,SLOT_S_26,34,50,54,88,20,40
STORE_002,SKU_GENERIC_COLBEV_117,SLOT_CB_27,37,50,84,121,20,40
STORE_002,SKU_GENERIC_HOTBEV_118,SLOT_HB_28,32,50,59,91,20,40
STORE_002,SKU_GENERIC_SNA&CHI_119,SLOT_S&C_29,43,50,63,106,20,40
STORE_002,SKU_GENERIC_INSMEA_120,SLOT_IM_30,40,50,75,115,20,40
STORE_002,SKU_GENERIC_DAI&BAK_121,SLOT_D&B_01,41,50,62,103,20,40
STORE_002,SKU_GENERIC_GRO_122,SLOT_G_02,38,50,87,125,20,40
STORE_002,SKU_GENERIC_FRU&VEG_123,SLOT_F&V_03,42,50,61,103,20,40
STORE_002,SKU_GENERIC_PERCAR_124,SLOT_PC_04,36,50,84,120,20,40
STORE_002,SKU_GENERIC_SWE_125,SLOT_S_05,39,50,57,96,20,40
STORE_002,SKU_GENERIC_COLBEV_126,SLOT_CB_06,34,50,56,90,20,40
STORE_002,SKU_GENERIC_HOTBEV_127,SLOT_HB_07,32,50,47,79,20,40
STORE_002,SKU_GENERIC_SNA&CHI_128,SLOT_S&C_08,31,50,60,91,20,40
STORE_002,SKU_GENERIC_INSMEA_129,SLOT_IM_09,28,50,87,115,20,40
STORE_002,SKU_GENERIC_DAI&BAK_130,SLOT_D&B_10,42,50,100,142,20,40
STORE_002,SKU_GENERIC_GRO_131,SLOT_G_11,30,50,52,82,20,40
STORE_002,SKU_GENERIC_FRU&VEG_132,SLOT_F&V_12,31,50,87,118,20,40
STORE_002,SKU_GENERIC_PERCAR_133,SLOT_PC_13,40,50,57,97,20,40
STORE_002,SKU_GENERIC_SWE_134,SLOT_S_14,43,50,88,131,20,40
STORE_002,SKU_GENERIC_COLBEV_135,SLOT_CB_15,41,50,78,119,20,40
STORE_002,SKU_GENERIC_HOTBEV_136,SLOT_HB_16,34,50,46,80,20,40
STORE_002,SKU_GENERIC_SNA&CHI_137,SLOT_S&C_17,31,50,58,89,20,40
STORE_002,SKU_GENERIC_INSMEA_138,SLOT_IM_18,32,50,63,95,20,40
STORE_002,SKU_GENERIC_DAI&BAK_139,SLOT_D&B_19,30,50,59,89,20,40
STORE_002,SKU_GENERIC_GRO_140,SLOT_G_20,25,50,85,110,20,40
STORE_002,SKU_GENERIC_FRU&VEG_141,SLOT_F&V_21,42,50,48,90,20,40
STORE_002,SKU_GENERIC_PERCAR_142,SLOT_PC_22,33,50,42,75,20,40
STORE_002,SKU_GENERIC_SWE_143,SLOT_S_23,26,50,75,101,20,40
STORE_002,SKU_GENERIC_COLBEV_144,SLOT_CB_24,34,50,84,118,20,40
STORE_002,SKU_GENERIC_HOTBEV_145,SLOT_HB_25,29,50,80,109,20,40
STORE_002,SKU_GENERIC_SNA&CHI_146,SLOT_S&C_26,40,50,46,86,20,40
STORE_002,SKU_GENERIC_INSMEA_147,SLOT_IM_27,25,50,76,101,20,40
STORE_002,SKU_GENERIC_DAI&BAK_148,SLOT_D&B_28,34,50,70,104,20,40
STORE_002,SKU_GENERIC_GRO_149,SLOT_G_29,40,50,68,108,20,40
STORE_002,SKU_GENERIC_FRU&VEG_150,SLOT_F&V_30,35,50,51,86,20,40
STORE_003,SKU_COLD_DRINK_750ML,SLOT_CB_01,26,50,56,82,20,40
STORE_003,SKU_DIET_HERBAL_TEA_250ML,SLOT_HB_02,40,50,47,87,20,40
STORE_003,SKU_ENERGY_DRINK_250ML,SLOT_CB_03,27,50,65,92,20,40
STORE_003,SKU_KALE_CHIPS_50G,SLOT_S&C_04,40,50,44,84,20,40
STORE_003,SKU_CHIPS_100G,SLOT_S&C_05,43,50,80,123,20,40
STORE_003,SKU_COLBEV_001,SLOT_CB_06,26,50,49,75,20,40
STORE_003,SKU_COLBEV_002,SLOT_CB_07,29,50,91,120,20,40
STORE_003,SKU_COLBEV_003,SLOT_CB_08,43,50,100,143,20,40
STORE_003,SKU_COLBEV_004,SLOT_CB_09,34,50,45,79,20,40
STORE_003,SKU_COLBEV_005,SLOT_CB_10,32,50,47,79,20,40
STORE_003,SKU_COLBEV_006,SLOT_CB_11,42,50,88,130,20,40
STORE_003,SKU_COLBEV_007,SLOT_CB_12,38,50,78,116,20,40
STORE_003,SKU_COLBEV_008,SLOT_CB_13,44,50,90,134,20,40
STORE_003,SKU_COLBEV_009,SLOT_CB_14,44,50,54,98,20,40
STORE_003,SKU_COLBEV_010,SLOT_CB_15,41,50,64,105,20,40
STORE_003,SKU_COLBEV_011,SLOT_CB_16,39,50,98,137,20,40
STORE_003,SKU_COLBEV_012,SLOT_CB_17,39,50,59,98,20,40
STORE_003,SKU_COLBEV_013,SLOT_CB_18,43,50,67,110,20,40
STORE_003,SKU_COLBEV_014,SLOT_CB_19,34,50,76,110,20,40
STORE_003,SKU_HOTBEV_015,SLOT_HB_20,44,50,43,87,20,40
STORE_003,SKU_HOTBEV_016,SLOT_HB_21,44,50,87,131,20,40
STORE_003,SKU_HOTBEV_017,SLOT_HB_22,28,50,100,128,20,40
STORE_003,SKU_HOTBEV_018,SLOT_HB_23,31,50,80,111,20,40
STORE_003,SKU_HOTBEV_019,SLOT_HB_24,31,50,56,87,20,40
STORE_003,SKU_HOTBEV_020,SLOT_HB_25,27,50,50,77,20,40
STORE_003,SKU_HOTBEV_021,SLOT_HB_26,32,50,51,83,20,40
STORE_003,SKU_HOTBEV_022,SLOT_HB_27,42,50,44,86,20,40
STORE_003,SKU_HOTBEV_023,SLOT_HB_28,30,50,40,70,20,40
STORE_003,SKU_HOTBEV_024,SLOT_HB_29,38,50,68,106,20,40
STORE_003,SKU_HOTBEV_025,SLOT_HB_30,44,50,70,114,20,40
STORE_003,SKU_SNA&CHI_026,SLOT_S&C_01,34,50,42,76,20,40
STORE_003,SKU_SNA&CHI_027,SLOT_S&C_02,32,50,58,90,20,40
STORE_003,SKU_SNA&CHI_028,SLOT_S&C_03,34,50,84,118,20,40
STORE_003,SKU_SNA&CHI_029,SLOT_S&C_04,39,50,44,83,20,40
STORE_003,SKU_SNA&CHI_030,SLOT_S&C_05,32,50,99,131,20,40
STORE_003,SKU_SNA&CHI_031,SLOT_S&C_06,33,50,90,123,20,40
STORE_003,SKU_SNA&CHI_032,SLOT_S&C_07,45,50,77,122,20,40
STORE_003,SKU_SNA&CHI_033,SLOT_S&C_08,31,50,67,98,20,40
STORE_003,SKU_SNA&CHI_034,SLOT_S&C_09,28,50,74,102,20,40
STORE_003,SKU_SNA&CHI_035,SLOT_S&C_10,32,50,81,113,20,40
STORE_003,SKU_SNA&CHI_036,SLOT_S&C_11,29,50,98,127,20,40
STORE_003,SKU_SNA&CHI_037,SLOT_S&C_12,33,50,92,125,20,40
STORE_003,SKU_SNA&CHI_038,SLOT_S&C_13,29,50,44,73,20,40
STORE_003,SKU_INSMEA_039,SLOT_IM_14,26,50,50,76,20,40
STORE_003,SKU_INSMEA_040,SLOT_IM_15,34,50,78,112,20,40
STORE_003,SKU_INSMEA_041,SLOT_IM_16,43,50,98,141,20,40
STORE_003,SKU_INSMEA_042,SLOT_IM_17,34,50,68,102,20,40
STORE_003,SKU_INSMEA_043,SLOT_IM_18,28,50,69,97,20,40
STORE_003,SKU_INSMEA_044,SLOT_IM_19,34,50,84,118,20,40
STORE_003,SKU_INSMEA_045,SLOT_IM_20,37,50,100,137,20,40
STORE_003,SKU_INSMEA_046,SLOT_IM_21,33,50,72,105,20,40
STORE_003,SKU_INSMEA_047,SLOT_IM_22,42,50,71,113,20,40
STORE_003,SKU_INSMEA_048,SLOT_IM_23,39,50,45,84,20,40
STORE_003,SKU_INSMEA_049,SLOT_IM_24,44,50,42,86,20,40
STORE_003,SKU_INSMEA_050,SLOT_IM_25,38,50,87,125,20,40
STORE_003,SKU_INSMEA_051,SLOT_IM_26,35,50,78,113,20,40
STORE_003,SKU_INSMEA_052,SLOT_IM_27,33,50,41,74,20,40
STORE_003,SKU_INSMEA_053,SLOT_IM_28,27,50,54,81,20,40
STORE_003,SKU_INSMEA_054,SLOT_IM_29,43,50,77,120,20,40
STORE_003,SKU_GRO_055,SLOT_G_30,25,50,88,113,20,40
STORE_003,SKU_GRO_056,SLOT_G_01,33,50,76,109,20,40
STORE_003,SKU_GRO_057,SLOT_G_02,26,50,88,114,20,40
STORE_003,SKU_GRO_058,SLOT_G_03,30,50,70,100,20,40
STORE_003,SKU_GRO_059,SLOT_G_04,41,50,81,122,20,40
STORE_003,SKU_GRO_060,SLOT_G_05,39,50,98,137,20,40
STORE_003,SKU_GRO_061,SLOT_G_06,33,50,51,84,20,40
STORE_003,SKU_GRO_062,SLOT_G_07,43,50,67,110,20,40
STORE_003,SKU_GRO_063,SLOT_G_08,45,50,92,137,20,40
STORE_003,SKU_GRO_064,SLOT_G_09,40,50,45,85,20,40
STORE_003,SKU_GRO_065,SLOT_G_10,40,50,62,102,20,40
STORE_003,SKU_GRO_066,SLOT_G_11,38,50,61,99,20,40
STORE_003,SKU_GRO_067,SLOT_G_12,35,50,82,117,20,40
STORE_003,SKU_GRO_068,SLOT_G_13,28,50,94,122,20,40
STORE_003,SKU_GRO_069,SLOT_G_14,30,50,61,91,20,40
STORE_003,SKU_GRO_070,SLOT_G_15,38,50,84,122,20,40
STORE_003,SKU_GRO_071,SLOT_G_16,40,50,58,98,20,40
STORE_003,SKU_FRU&VEG_072,SLOT_F&V_17,37,50,92,129,20,40
STORE_003,SKU_FRU&VEG_073,SLOT_F&V_18,42,50,42,84,20,40
STORE_003,SKU_FRU&VEG_074,SLOT_F&V_19,39,50,45,84,20,40
STORE_003,SKU_FRU&VEG_075,SLOT_F&V_20,35,50,56,91,20,40
STORE_003,SKU_FRU&VEG_076,SLOT_F&V_21,35,50,47,82,20,40
STORE_003,SKU_FRU&VEG_077,SLOT_F&V_22,37,50,95,132,20,40
STORE_003,SKU_FRU&VEG_078,SLOT_F&V_23,41,50,92,133,20,40
STORE_003,SKU_FRU&VEG_079,SLOT_F&V_24,25,50,82,107,20,40
STORE_003,SKU_FRU&VEG_080,SLOT_F&V_25,42,50,69,111,20,40
STORE_003,SKU_FRU&VEG_081,SLOT_F&V_26,38,50,43,81,20,40
STORE_003,SKU_FRU&VEG_082,SLOT_F&V_27,31,50,73,104,20,40
STORE_003,SKU_FRU&VEG_083,SLOT_F&V_28,36,50,79,115,20,40
STORE_003,SKU_FRU&VEG_084,SLOT_F&V_29,40,50,80,120,20,40
STORE_003,SKU_FRU&VEG_085,SLOT_F&V_30,39,50,88,127,20,40
STORE_003,SKU_FRU&VEG_086,SLOT_F&V_01,26,50,53,79,20,40
STORE_003,SKU_PERCAR_087,SLOT_PC_02,33,50,75,108,20,40
STORE_003,SKU_PERCAR_088,SLOT_PC_03,29,50,99,128,20,40
STORE_003,SKU_PERCAR_089,SLOT_PC_04,34,50,68,102,20,40
STORE_003,SKU_PERCAR_090,SLOT_PC_05,40,50,47,87,20,40
STORE_003,SKU_PERCAR_091,SLOT_PC_06,25,50,80,105,20,40
STORE_003,SKU_PERCAR_092,SLOT_PC_07,44,50,91,135,20,40
STORE_003,SKU_PERCAR_093,SLOT_PC_08,32,50,85,117,20,40
STORE_003,SKU_PERCAR_094,SLOT_PC_09,30,50,59,89,20,40
STORE_003,SKU_PERCAR_095,SLOT_PC_10,42,50,40,82,20,40
STORE_003,SKU_PERCAR_096,SLOT_PC_11,42,50,66,108,20,40
STORE_003,SKU_PERCAR_097,SLOT_PC_12,27,50,54,81,20,40
STORE_003,SKU_PERCAR_098,SLOT_PC_13,28,50,69,97,20,40
STORE_003,SKU_PERCAR_099,SLOT_PC_14,28,50,81,109,20,40
STORE_003,SKU_PERCAR_100,SLOT_PC_15,29,50,71,100,20,40
STORE_003,SKU_SWE_101,SLOT_S_16,34,50,72,106,20,40
STORE_003,SKU_SWE_102,SLOT_S_17,33,50,66,99,20,40
STORE_003,SKU_SWE_103,SLOT_S_18,40,50,70,110,20,40
STORE_003,SKU_SWE_104,SLOT_S_19,32,50,69,101,20,40
STORE_003,SKU_SWE_105,SLOT_S_20,42,50,49,91,20,40
STORE_003,SKU_SWE_106,SLOT_S_21,37,50,52,89,20,40
STORE_003,SKU_SWE_107,SLOT_S_22,44,50,72,116,20,40
STORE_003,SKU_SWE_108,SLOT_S_23,29,50,95,124,20,40
STORE_003,SKU_SWE_109,SLOT_S_24,27,50,57,84,20,40
STORE_003,SKU_SWE_110,SLOT_S_25,38,50,61,99,20,40
STORE_003,SKU_GENERIC_SWE_116,SLOT_S_26,41,50,57,98,20,40
STORE_003,SKU_GENERIC_COLBEV_117,SLOT_CB_27,25,50,58,83,20,40
STORE_003,SKU_GENERIC_HOTBEV_118,SLOT_HB_28,34,50,93,127,20,40
STORE_003,SKU_GENERIC_SNA&CHI_119,SLOT_S&C_29,43,50,77,120,20,40
STORE_003,SKU_GENERIC_INSMEA_120,SLOT_IM_30,40,50,95,135,20,40
STORE_003,SKU_GENERIC_DAI&BAK_121,SLOT_D&B_01,29,50,68,97,20,40
STORE_003,SKU_GENERIC_GRO_122,SLOT_G_02,42,50,70,112,20,40
STORE_003,SKU_GENERIC_FRU&VEG_123,SLOT_F&V_03,36,50,61,97,20,40
STORE_003,SKU_GENERIC_PERCAR_124,SLOT_PC_04,42,50,88,130,20,40
STORE_003,SKU_GENERIC_SWE_125,SLOT_S_05,42,50,64,106,20,40
STORE_003,SKU_GENERIC_COLBEV_126,SLOT_CB_06,39,50,99,138,20,40
STORE_003,SKU_GENERIC_HOTBEV_127,SLOT_HB_07,35,50,95,130,20,40
STORE_003,SKU_GENERIC_SNA&CHI_128,SLOT_S&C_08,31,50,84,115,20,40
STORE_003,SKU_GENERIC_INSMEA_129,SLOT_IM_09,32,50,76,108,20,40
STORE_003,SKU_GENERIC_DAI&BAK_130,SLOT_D&B_10,37,50,54,91,20,40
STORE_003,SKU_GENERIC_GRO_131,SLOT_G_11,38,50,42,80,20,40
STORE_003,SKU_GENERIC_FRU&VEG_132,SLOT_F&V_12,35,50,87,122,20,40
STORE_003,SKU_GENERIC_PERCAR_133,SLOT_PC_13,40,50,85,125,20,40
STORE_003,SKU_GENERIC_SWE_134,SLOT_S_14,37,50,64,101,20,40
STORE_003,SKU_GENERIC_COLBEV_135,SLOT_CB_15,45,50,49,94,20,40
STORE_003,SKU_GENERIC_HOTBEV_136,SLOT_HB_16,40,50,42,82,20,40
STORE_003,SKU_GENERIC_SNA&CHI_137,SLOT_S&C_17,29,50,72,101,20,40
STORE_003,SKU_GENERIC_INSMEA_138,SLOT_IM_18,43,50,61,104,20,40
STORE_003,SKU_GENERIC_DAI&BAK_139,SLOT_D&B_19,28,50,95,123,20,40
STORE_003,SKU_GENERIC_GRO_140,SLOT_G_20,39,50,46,85,20,40
STORE_003,SKU_GENERIC_FRU&VEG_141,SLOT_F&V_21,41,50,98,139,20,40
STORE_003,SKU_GENERIC_PERCAR_142,SLOT_PC_22,39,50,40,79,20,40
STORE_003,SKU_GENERIC_SWE_143,SLOT_S_23,29,50,66,95,20,40
STORE_003,SKU_GENERIC_COLBEV_144,SLOT_CB_24,45,50,49,94,20,40
STORE_003,SKU_GENERIC_HOTBEV_145,SLOT_HB_25,27,50,70,97,20,40
STORE_003,SKU_GENERIC_SNA&CHI_146,SLOT_S&C_26,33,50,61,94,20,40
STORE_003,SKU_GENERIC_INSMEA_147,SLOT_IM_27,44,50,84,128,20,40
STORE_003,SKU_GENERIC_DAI&BAK_148,SLOT_D&B_28,37,50,81,118,20,40
STORE_003,SKU_GENERIC_GRO_149,SLOT_G_29,27,50,94,121,20,40
STORE_003,SKU_GENERIC_FRU&VEG_150,SLOT_F&V_30,35,50,94,129,20,40
STORE_004,SKU_COLD_DRINK_750ML,SLOT_CB_01,40,50,80,120,25,50
STORE_004,SKU_DIET_HERBAL_TEA_250ML,SLOT_HB_02,35,50,80,115,20,40
STORE_004,SKU_ENERGY_DRINK_250ML,SLOT_CB_03,40,50,95,135,20,40
STORE_004,SKU_KALE_CHIPS_50G,SLOT_S&C_04,42,50,42,84,20,40
STORE_004,SKU_CHIPS_100G,SLOT_S&C_05,44,50,44,88,20,40
STORE_004,SKU_COLBEV_001,SLOT_CB_06,32,50,80,112,20,40
STORE_004,SKU_COLBEV_002,SLOT_CB_07,34,50,54,88,20,40
STORE_004,SKU_COLBEV_003,SLOT_CB_08,27,50,67,94,20,40
STORE_004,SKU_COLBEV_004,SLOT_CB_09,28,50,88,116,20,40
STORE_004,SKU_COLBEV_005,SLOT_CB_10,45,50,85,130,20,40
STORE_004,SKU_COLBEV_006,SLOT_CB_11,28,50,68,96,20,40
STORE_004,SKU_COLBEV_007,SLOT_CB_12,30,50,84,114,20,40
STORE_004,SKU_COLBEV_008,SLOT_CB_13,34,50,97,131,20,40
STORE_004,SKU_COLBEV_009,SLOT_CB_14,25,50,42,67,20,40
STORE_004,SKU_COLBEV_010,SLOT_CB_15,35,50,90,125,20,40
STORE_004,SKU_COLBEV_011,SLOT_CB_16,26,50,58,84,20,40
STORE_004,SKU_COLBEV_012,SLOT_CB_17,36,50,63,99,20,40
STORE_004,SKU_COLBEV_013,SLOT_CB_18,38,50,49,87,20,40
STORE_004,SKU_COLBEV_014,SLOT_CB_19,32,50,73,105,20,40
STORE_004,SKU_HOTBEV_015,SLOT_HB_20,38,50,76,114,20,40
STORE_004,SKU_HOTBEV_016,SLOT_HB_21,30,50,50,80,20,40
STORE_004,SKU_HOTBEV_017,SLOT_HB_22,30,50,45,75,20,40
STORE_004,SKU_HOTBEV_018,SLOT_HB_23,44,50,95,139,20,40
STORE_004,SKU_HOTBEV_019,SLOT_HB_24,37,50,79,116,20,40
STORE_004,SKU_HOTBEV_020,SLOT_HB_25,32,50,71,103,20,40
STORE_004,SKU_HOTBEV_021,SLOT_HB_26,43,50,49,92,20,40
STORE_004,SKU_HOTBEV_022,SLOT_HB_27,32,50,69,101,20,40
STORE_004,SKU_HOTBEV_023,SLOT_HB_28,45,50,56,101,20,40
STORE_004,SKU_HOTBEV_024,SLOT_HB_29,39,50,56,95,20,40
STORE_004,SKU_HOTBEV_025,SLOT_HB_30,25,50,97,122,20,40
STORE_004,SKU_SNA&CHI_026,SLOT_S&C_01,39,50,97,136,20,40
STORE_004,SKU_SNA&CHI_027,SLOT_S&C_02,34,50,83,117,20,40
STORE_004,SKU_SNA&CHI_028,SLOT_S&C_03,42,50,50,92,20,40
STORE_004,SKU_SNA&CHI_029,SLOT_S&C_04,27,50,68,95,20,40
STORE_004,SKU_SNA&CHI_030,SLOT_S&C_05,36,50,77,113,20,40
STORE_004,SKU_SNA&CHI_031,SLOT_S&C_06,34,50,80,114,20,40
STORE_004,SKU_SNA&CHI_032,SLOT_S&C_07,38,50,84,122,20,40
STORE_004,SKU_SNA&CHI_033,SLOT_S&C_08,33,50,69,102,20,40
STORE_004,SKU_SNA&CHI_034,SLOT_S&C_09,34,50,52,86,20,40
STORE_004,SKU_SNA&CHI_035,SLOT_S&C_10,37,50,94,131,20,40
STORE_004,SKU_SNA&CHI_036,SLOT_S&C_11,40,50,46,86,20,40
STORE_004,SKU_SNA&CHI_037,SLOT_S&C_12,32,50,64,96,20,40
STORE_004,SKU_SNA&CHI_038,SLOT_S&C_13,43,50,62,105,20,40
STORE_004,SKU_INSMEA_039,SLOT_IM_14,43,50,58,101,20,40
STORE_004,SKU_INSMEA_040,SLOT_IM_15,34,50,41,75,20,40
STORE_004,SKU_INSMEA_041,SLOT_IM_16,37,50,57,94,20,40
STORE_004,SKU_INSMEA_042,SLOT_IM_17,25,50,76,101,20,40
STORE_004,SKU_INSMEA_043,SLOT_IM_18,26,50,98,124,20,40
STORE_004,SKU_INSMEA_044,SLOT_IM_19,44,50,87,131,20,40
STORE_004,SKU_INSMEA_045,SLOT_IM_20,40,50,93,133,20,40
STORE_004,SKU_INSMEA_046,SLOT_IM_21,34,50,89,123,20,40
STORE_004,SKU_INSMEA_047,SLOT_IM_22,32,50,78,110,20,40
STORE_004,SKU_INSMEA_048,SLOT_IM_23,36,50,54,90,20,40
STORE_004,SKU_INSMEA_049,SLOT_IM_24,45,50,52,97,20,40
STORE_004,SKU_INSMEA_050,SLOT_IM_25,44,50,56,100,20,40
STORE_004,SKU_INSMEA_051,SLOT_IM_26,29,50,80,109,20,40
STORE_004,SKU_INSMEA_052,SLOT_IM_27,28,50,97,125,20,40
STORE_004,SKU_INSMEA_053,SLOT_IM_28,45,50,81,126,20,40
STORE_004,SKU_INSMEA_054,SLOT_IM_29,26,50,59,85,20,40
STORE_004,SKU_GRO_055,SLOT_G_30,39,50,42,81,20,40
STORE_004,SKU_GRO_056,SLOT_G_01,43,50,63,106,20,40
STORE_004,SKU_GRO_057,SLOT_G_02,29,50,45,74,20,40
STORE_004,SKU_GRO_058,SLOT_G_03,34,50,60,94,20,40
STORE_004,SKU_GRO_059,SLOT_G_04,38,50,51,89,20,40
STORE_004,SKU_GRO_060,SLOT_G_05,31,50,48,79,20,40
STORE_004,SKU_GRO_061,SLOT_G_06,42,50,96,138,20,40
STORE_004,SKU_GRO_062,SLOT_G_07,36,50,73,109,20,40
STORE_004,SKU_GRO_063,SLOT_G_08,41,50,98,139,20,40
STORE_004,SKU_GRO_064,SLOT_G_09,33,50,93,126,20,40
STORE_004,SKU_GRO_065,SLOT_G_10,30,50,56,86,20,40
STORE_004,SKU_GRO_066,SLOT_G_11,40,50,91,131,20,40
STORE_004,SKU_GRO_067,SLOT_G_12,34,50,87,121,20,40
STORE_004,SKU_GRO_068,SLOT_G_13,35,50,91,126,20,40
STORE_004,SKU_GRO_069,SLOT_G_14,28,50,69,97,20,40
STORE_004,SKU_GRO_070,SLOT_G_15,27,50,49,76,20,40
STORE_004,SKU_GRO_071,SLOT_G_16,32,50,95,127,20,40
STORE_004,SKU_FRU&VEG_072,SLOT_F&V_17,37,50,94,131,20,40
STORE_004,SKU_FRU&VEG_073,SLOT_F&V_18,42,50,63,105,20,40
STORE_004,SKU_FRU&VEG_074,SLOT_F&V_19,27,50,90,117,20,40
STORE_004,SKU_FRU&VEG_075,SLOT_F&V_20,37,50,40,77,20,40
STORE_004,SKU_FRU&VEG_076,SLOT_F&V_21,33,50,74,107,20,40
STORE_004,SKU_FRU&VEG_077,SLOT_F&V_22,28,50,69,97,20,40
STORE_004,SKU_FRU&VEG_078,SLOT_F&V_23,36,50,83,119,20,40
STORE_004,SKU_FRU&VEG_079,SLOT_F&V_24,33,50,77,110,20,40
STORE_004,SKU_FRU&VEG_080,SLOT_F&V_25,37,50,92,129,20,40
STORE_004,SKU_FRU&VEG_081,SLOT_F&V_26,45,50,100,145,20,40
STORE_004,SKU_FRU&VEG_082,SLOT_F&V_27,36,50,46,82,20,40
STORE_004,SKU_FRU&VEG_083,SLOT_F&V_28,32,50,70,102,20,40
STORE_004,SKU_FRU&VEG_084,SLOT_F&V_29,25,50,79,104,20,40
STORE_004,SKU_FRU&VEG_085,SLOT_F&V_30,42,50,60,102,20,40
STORE_004,SKU_FRU&VEG_086,SLOT_F&V_01,44,50,54,98,20,40
STORE_004,SKU_PERCAR_087,SLOT_PC_02,45,50,44,89,20,40
STORE_004,SKU_PERCAR_088,SLOT_PC_03,45,50,92,137,20,40
STORE_004,SKU_PERCAR_089,SLOT_PC_04,39,50,98,137,20,40
STORE_004,SKU_PERCAR_090,SLOT_PC_05,34,50,81,115,20,40
STORE_004,SKU_PERCAR_091,SLOT_PC_06,38,50,47,85,20,40
STORE_004,SKU_PERCAR_092,SLOT_PC_07,29,50,42,71,20,40
STORE_004,SKU_PERCAR_093,SLOT_PC_08,26,50,59,85,20,40
STORE_004,SKU_PERCAR_094,SLOT_PC_09,40,50,47,87,20,40
STORE_004,SKU_PERCAR_095,SLOT_PC_10,28,50,55,83,20,40
STORE_004,SKU_PERCAR_096,SLOT_PC_11,42,50,48,90,20,40
STORE_004,SKU_PERCAR_097,SLOT_PC_12,37,50,69,106,20,40
STORE_004,SKU_PERCAR_098,SLOT_PC_13,36,50,82,118,20,40
STORE_004,SKU_PERCAR_099,SLOT_PC_14,42,50,66,108,20,40
STORE_004,SKU_PERCAR_100,SLOT_PC_15,43,50,87,130,20,40
STORE_004,SKU_SWE_101,SLOT_S_16,29,50,96,125,20,40
STORE_004,SKU_SWE_102,SLOT_S_17,38,50,81,119,20,40
STORE_004,SKU_SWE_103,SLOT_S_18,28,50,93,121,20,40
STORE_004,SKU_SWE_104,SLOT_S_19,40,50,79,119,20,40
STORE_004,SKU_SWE_105,SLOT_S_20,38,50,100,138,20,40
STORE_004,SKU_SWE_106,SLOT_S_21,33,50,42,75,20,40
STORE_004,SKU_SWE_107,SLOT_S_22,36,50,53,89,20,40
STORE_004,SKU_SWE_108,SLOT_S_23,39,50,68,107,20,40
STORE_004,SKU_SWE_109,SLOT_S_24,32,50,94,126,20,40
STORE_004,SKU_SWE_110,SLOT_S_25,36,50,46,82,20,40
STORE_004,SKU_GENERIC_SWE_116,SLOT_S_26,36,50,74,110,20,40
STORE_004,SKU_GENERIC_COLBEV_117,SLOT_CB_27,45,50,62,107,20,40
STORE_004,SKU_GENERIC_HOTBEV_118,SLOT_HB_28,26,50,65,91,20,40
STORE_004,SKU_GENERIC_SNA&CHI_119,SLOT_S&C_29,33,50,52,85,20,40
STORE_004,SKU_GENERIC_INSMEA_120,SLOT_IM_30,28,50,100,128,20,40
STORE_004,SKU_GENERIC_DAI&BAK_121,SLOT_D&B_01,39,50,45,84,20,40
STORE_004,SKU_GENERIC_GRO_122,SLOT_G_02,31,50,81,112,20,40
STORE_004,SKU_GENERIC_FRU&VEG_123,SLOT_F&V_03,45,50,78,123,20,40
STORE_004,SKU_GENERIC_PERCAR_124,SLOT_PC_04,25,50,43,68,20,40
STORE_004,SKU_GENERIC_SWE_125,SLOT_S_05,35,50,55,90,20,40
STORE_004,SKU_GENERIC_COLBEV_126,SLOT_CB_06,29,50,90,119,20,40
STORE_004,SKU_GENERIC_HOTBEV_127,SLOT_HB_07,43,50,53,96,20,40
STORE_004,SKU_GENERIC_SNA&CHI_128,SLOT_S&C_08,27,50,93,120,20,40
STORE_004,SKU_GENERIC_INSMEA_129,SLOT_IM_09,42,50,53,95,20,40
STORE_004,SKU_GENERIC_DAI&BAK_130,SLOT_D&B_10,43,50,53,96,20,40
STORE_004,SKU_GENERIC_GRO_131,SLOT_G_11,32,50,61,93,20,40
STORE_004,SKU_GENERIC_FRU&VEG_132,SLOT_F&V_12,29,50,90,119,20,40
STORE_004,SKU_GENERIC_PERCAR_133,SLOT_PC_13,44,50,40,84,20,40
STORE_004,SKU_GENERIC_SWE_134,SLOT_S_14,33,50,94,127,20,40
STORE_004,SKU_GENERIC_COLBEV_135,SLOT_CB_15,29,50,48,77,20,40
STORE_004,SKU_GENERIC_HOTBEV_136,SLOT_HB_16,42,50,56,98,20,40
STORE_004,SKU_GENERIC_SNA&CHI_137,SLOT_S&C_17,30,50,47,77,20,40
STORE_004,SKU_GENERIC_INSMEA_138,SLOT_IM_18,25,50,48,73,20,40
STORE_004,SKU_GENERIC_DAI&BAK_139,SLOT_D&B_19,25,50,62,87,20,40
STORE_004,SKU_GENERIC_GRO_140,SLOT_G_20,32,50,77,109,20,40
STORE_004,SKU_GENERIC_FRU&VEG_141,SLOT_F&V_21,35,50,41,76,20,40
STORE_004,SKU_GENERIC_PERCAR_142,SLOT_PC_22,30,50,56,86,20,40
STORE_004,SKU_GENERIC_SWE_143,SLOT_S_23,26,50,48,74,20,40
STORE_004,SKU_GENERIC_COLBEV_144,SLOT_CB_24,38,50,73,111,20,40
STORE_004,SKU_GENERIC_HOTBEV_145,SLOT_HB_25,28,50,87,115,20,40
STORE_004,SKU_GENERIC_SNA&CHI_146,SLOT_S&C_26,27,50,70,97,20,40
STORE_004,SKU_GENERIC_INSMEA_147,SLOT_IM_27,39,50,89,128,20,40
STORE_004,SKU_GENERIC_DAI&BAK_148,SLOT_D&B_28,36,50,72,108,20,40
STORE_004,SKU_GENERIC_GRO_149,SLOT_G_29,43,50,46,89,20,40
STORE_004,SKU_GENERIC_FRU&VEG_150,SLOT_F&V_30,39,50,72,111,20,40
STORE_005,SKU_COLD_DRINK_750ML,SLOT_CB_01,32,50,100,132,20,40
STORE_005,SKU_DIET_HERBAL_TEA_250ML,SLOT_HB_02,44,50,42,86,20,40
STORE_005,SKU_ENERGY_DRINK_250ML,SLOT_CB_03,41,50,59,100,20,40
STORE_005,SKU_KALE_CHIPS_50G,SLOT_S&C_04,39,50,81,120,20,40
STORE_005,SKU_CHIPS_100G,SLOT_S&C_05,25,50,43,68,20,40
STORE_005,SKU_COLBEV_001,SLOT_CB_06,40,50,94,134,20,40
STORE_005,SKU_COLBEV_002,SLOT_CB_07,37,50,67,104,20,40
STORE_005,SKU_COLBEV_003,SLOT_CB_08,28,50,71,99,20,40
STORE_005,SKU_COLBEV_004,SLOT_CB_09,39,50,44,83,20,40
STORE_005,SKU_COLBEV_005,SLOT_CB_10,27,50,60,87,20,40
STORE_005,SKU_COLBEV_006,SLOT_CB_11,44,50,49,93,20,40
STORE_005,SKU_COLBEV_007,SLOT_CB_12,27,50,48,75,20,40
STORE_005,SKU_COLBEV_008,SLOT_CB_13,33,50,79,112,20,40
STORE_005,SKU_COLBEV_009,SLOT_CB_14,45,50,77,122,20,40
STORE_005,SKU_COLBEV_010,SLOT_CB_15,42,50,85,127,20,40
STORE_005,SKU_COLBEV_011,SLOT_CB_16,35,50,64,99,20,40
STORE_005,SKU_COLBEV_012,SLOT_CB_17,44,50,73,117,20,40
STORE_005,SKU_COLBEV_013,SLOT_CB_18,34,50,69,103,20,40
STORE_005,SKU_COLBEV_014,SLOT_CB_19,41,50,78,119,20,40
STORE_005,SKU_HOTBEV_015,SLOT_HB_20,38,50,46,84,20,40
STORE_005,SKU_HOTBEV_016,SLOT_HB_21,28,50,94,122,20,40
STORE_005,SKU_HOTBEV_017,SLOT_HB_22,45,50,81,126,20,40
STORE_005,SKU_HOTBEV_018,SLOT_HB_23,42,50,86,128,20,40
STORE_005,SKU_HOTBEV_019,SLOT_HB_24,31,50,67,98,20,40
STORE_005,SKU_HOTBEV_020,SLOT_HB_25,39,50,96,135,20,40
STORE_005,SKU_HOTBEV_021,SLOT_HB_26,32,50,66,98,20,40
STORE_005,SKU_HOTBEV_022,SLOT_HB_27,35,50,92,127,20,40
STORE_005,SKU_HOTBEV_023,SLOT_HB_28,39,50,65,104,20,40
STORE_005,SKU_HOTBEV_024,SLOT_HB_29,38,50,86,124,20,40
STORE_005,SKU_HOTBEV_025,SLOT_HB_30,28,50,60,88,20,40
STORE_005,SKU_SNA&CHI_026,SLOT_S&C_01,38,50,60,98,20,40
STORE_005,SKU_SNA&CHI_027,SLOT_S&C_02,33,50,63,96,20,40
STORE_005,SKU_SNA&CHI_028,SLOT_S&C_03,29,50,83,112,20,40
STORE_005,SKU_SNA&CHI_029,SLOT_S&C_04,40,50,44,84,20,40
STORE_005,SKU_SNA&CHI_030,SLOT_S&C_05,27,50,93,120,20,40
STORE_005,SKU_SNA&CHI_031,SLOT_S&C_06,27,50,45,72,20,40
STORE_005,SKU_SNA&CHI_032,SLOT_S&C_07,38,50,46,84,20,40
STORE_005,SKU_SNA&CHI_033,SLOT_S&C_08,36,50,91,127,20,40
STORE_005,SKU_SNA&CHI_034,SLOT_S&C_09,29,50,75,104,20,40
STORE_005,SKU_SNA&CHI_035,SLOT_S&C_10,26,50,77,103,20,40
STORE_005,SKU_SNA&CHI_036,SLOT_S&C_11,42,50,75,117,20,40
STORE_005,SKU_SNA&CHI_037,SLOT_S&C_12,35,50,82,117,20,40
STORE_005,SKU_SNA&CHI_038,SLOT_S&C_13,28,50,66,94,20,40
STORE_005,SKU_INSMEA_039,SLOT_IM_14,36,50,95,131,20,40
STORE_005,SKU_INSMEA_040,SLOT_IM_15,38,50,95,133,20,40
STORE_005,SKU_INSMEA_041,SLOT_IM_16,26,50,58,84,20,40
STORE_005,SKU_INSMEA_042,SLOT_IM_17,44,50,59,103,20,40
STORE_005,SKU_INSMEA_043,SLOT_IM_18,36,50,46,82,20,40
STORE_005,SKU_INSMEA_044,SLOT_IM_19,43,50,72,115,20,40
STORE_005,SKU_INSMEA_045,SLOT_IM_20,31,50,49,80,20,40
STORE_005,SKU_INSMEA_046,SLOT_IM_21,40,50,54,94,20,40
STORE_005,SKU_INSMEA_047,SLOT_IM_22,28,50,62,90,20,40
STORE_005,SKU_INSMEA_048,SLOT_IM_23,42,50,63,105,20,40
STORE_005,SKU_INSMEA_049,SLOT_IM_24,28,50,88,116,20,40
STORE_005,SKU_INSMEA_050,SLOT_IM_25,33,50,76,109,20,40
STORE_005,SKU_INSMEA_051,SLOT_IM_26,32,50,91,123,20,40
STORE_005,SKU_INSMEA_052,SLOT_IM_27,38,50,94,132,20,40
STORE_005,SKU_INSMEA_053,SLOT_IM_28,42,50,89,131,20,40
STORE_005,SKU_INSMEA_054,SLOT_IM_29,44,50,79,123,20,40
STORE_005,SKU_GRO_055,SLOT_G_30,45,50,75,120,20,40
STORE_005,SKU_GRO_056,SLOT_G_01,25,50,78,103,20,40
STORE_005,SKU_GRO_057,SLOT_G_02,33,50,41,74,20,40
STORE_005,SKU_GRO_058,SLOT_G_03,30,50,57,87,20,40
STORE_005,SKU_GRO_059,SLOT_G_04,34,50,98,132,20,40
STORE_005,SKU_GRO_060,SLOT_G_05,35,50,62,97,20,40
STORE_005,SKU_GRO_061,SLOT_G_06,25,50,51,76,20,40
STORE_005,SKU_GRO_062,SLOT_G_07,29,50,76,105,20,40
STORE_005,SKU_GRO_063,SLOT_G_08,37,50,44,81,20,40
STORE_005,SKU_GRO_064,SLOT_G_09,29,50,87,116,20,40
STORE_005,SKU_GRO_065,SLOT_G_10,45,50,41,86,20,40
STORE_005,SKU_GRO_066,SLOT_G_11,27,50,87,114,20,40
STORE_005,SKU_GRO_067,SLOT_G_12,41,50,53,94,20,40
STORE_005,SKU_GRO_068,SLOT_G_13,37,50,66,103,20,40
STORE_005,SKU_GRO_069,SLOT_G_14,39,50,61,100,20,40
STORE_005,SKU_GRO_070,SLOT_G_15,30,50,63,93,20,40
STORE_005,SKU_GRO_071,SLOT_G_16,34,50,86,120,20,40
STORE_005,SKU_FRU&VEG_072,SLOT_F&V_17,35,50,89,124,20,40
STORE_005,SKU_FRU&VEG_073,SLOT_F&V_18,43,50,78,121,20,40
STORE_005,SKU_FRU&VEG_074,SLOT_F&V_19,27,50,96,123,20,40
STORE_005,SKU_FRU&VEG_075,SLOT_F&V_20,26,50,49,75,20,40
STORE_005,SKU_FRU&VEG_076,SLOT_F&V_21,30,50,88,118,20,40
STORE_005,SKU_FRU&VEG_077,SLOT_F&V_22,44,50,43,87,20,40
STORE_005,SKU_FRU&VEG_078,SLOT_F&V_23,27,50,57,84,20,40
STORE_005,SKU_FRU&VEG_079,SLOT_F&V_24,39,50,82,121,20,40
STORE_005,SKU_FRU&VEG_080,SLOT_F&V_25,38,50,71,109,20,40
STORE_005,SKU_FRU&VEG_081,SLOT_F&V_26,44,50,68,112,20,40
STORE_005,SKU_FRU&VEG_082,SLOT_F&V_27,38,50,57,95,20,40
STORE_005,SKU_FRU&VEG_083,SLOT_F&V_28,31,50,88,119,20,40
STORE_005,SKU_FRU&VEG_084,SLOT_F&V_29,41,50,47,88,20,40
STORE_005,SKU_FRU&VEG_085,SLOT_F&V_30,36,50,67,103,20,40
STORE_005,SKU_FRU&VEG_086,SLOT_F&V_01,28,50,58,86,20,40
STORE_005,SKU_PERCAR_087,SLOT_PC_02,43,50,71,114,20,40
STORE_005,SKU_PERCAR_088,SLOT_PC_03,41,50,82,123,20,40
STORE_005,SKU_PERCAR_089,SLOT_PC_04,34,50,42,76,20,40
STORE_005,SKU_PERCAR_090,SLOT_PC_05,32,50,65,97,20,40
STORE_005,SKU_PERCAR_091,SLOT_PC_06,44,50,43,87,20,40
STORE_005,SKU_PERCAR_092,SLOT_PC_07,25,50,53,78,20,40
STORE_005,SKU_PERCAR_093,SLOT_PC_08,34,50,100,134,20,40
STORE_005,SKU_PERCAR_094,SLOT_PC_09,31,50,89,120,20,40
STORE_005,SKU_PERCAR_095,SLOT_PC_10,29,50,88,117,20,40
STORE_005,SKU_PERCAR_096,SLOT_PC_11,33,50,58,91,20,40
STORE_005,SKU_PERCAR_097,SLOT_PC_12,35,50,47,82,20,40
STORE_005,SKU_PERCAR_098,SLOT_PC_13,25,50,71,96,20,40
STORE_005,SKU_PERCAR_099,SLOT_PC_14,38,50,51,89,20,40
STORE_005,SKU_PERCAR_100,SLOT_PC_15,29,50,64,93,20,40
STORE_005,SKU_SWE_101,SLOT_S_16,42,50,85,127,20,40
STORE_005,SKU_SWE_102,SLOT_S_17,32,50,72,104,20,40
STORE_005,SKU_SWE_103,SLOT_S_18,42,50,93,135,20,40
STORE_005,SKU_SWE_104,SLOT_S_19,36,50,44,80,20,40
STORE_005,SKU_SWE_105,SLOT_S_20,37,50,95,132,20,40
STORE_005,SKU_SWE_106,SLOT_S_21,26,50,67,93,20,40
STORE_005,SKU_SWE_107,SLOT_S_22,25,50,69,94,20,40
STORE_005,SKU_SWE_108,SLOT_S_23,27,50,95,122,20,40
STORE_005,SKU_SWE_109,SLOT_S_24,35,50,76,111,20,40
STORE_005,SKU_SWE_110,SLOT_S_25,38,50,76,114,20,40
STORE_005,SKU_GENERIC_SWE_116,SLOT_S_26,37,50,85,122,20,40
STORE_005,SKU_GENERIC_COLBEV_117,SLOT_CB_27,45,50,66,111,20,40
STORE_005,SKU_GENERIC_HOTBEV_118,SLOT_HB_28,34,50,47,81,20,40
STORE_005,SKU_GENERIC_SNA&CHI_119,SLOT_S&C_29,37,50,41,78,20,40
STORE_005,SKU_GENERIC_INSMEA_120,SLOT_IM_30,35,50,50,85,20,40
STORE_005,SKU_GENERIC_DAI&BAK_121,SLOT_D&B_01,44,50,69,113,20,40
STORE_005,SKU_GENERIC_GRO_122,SLOT_G_02,36,50,45,81,20,40
STORE_005,SKU_GENERIC_FRU&VEG_123,SLOT_F&V_03,38,50,94,132,20,40
STORE_005,SKU_GENERIC_PERCAR_124,SLOT_PC_04,28,50,55,83,20,40
STORE_005,SKU_GENERIC_SWE_125,SLOT_S_05,38,50,77,115,20,40
STORE_005,SKU_GENERIC_COLBEV_126,SLOT_CB_06,37,50,73,110,20,40
STORE_005,SKU_GENERIC_HOTBEV_127,SLOT_HB_07,27,50,65,92,20,40
STORE_005,SKU_GENERIC_SNA&CHI_128,SLOT_S&C_08,34,50,87,121,20,40
STORE_005,SKU_GENERIC_INSMEA_129,SLOT_IM_09,35,50,54,89,20,40
STORE_005,SKU_GENERIC_DAI&BAK_130,SLOT_D&B_10,35,50,89,124,20,40
STORE_005,SKU_GENERIC_GRO_131,SLOT_G_11,30,50,44,74,20,40
STORE_005,SKU_GENERIC_FRU&VEG_132,SLOT_F&V_12,41,50,80,121,20,40
STORE_005,SKU_GENERIC_PERCAR_133,SLOT_PC_13,28,50,73,101,20,40
STORE_005,SKU_GENERIC_SWE_134,SLOT_S_14,41,50,52,93,20,40
STORE_005,SKU_GENERIC_COLBEV_135,SLOT_CB_15,36,50,62,98,20,40
STORE_005,SKU_GENERIC_HOTBEV_136,SLOT_HB_16,45,50,92,137,20,40
STORE_005,SKU_GENERIC_SNA&CHI_137,SLOT_S&C_17,29,50,55,84,20,40
STORE_005,SKU_GENERIC_INSMEA_138,SLOT_IM_18,28,50,49,77,20,40
STORE_005,SKU_GENERIC_DAI&BAK_139,SLOT_D&B_19,33,50,52,85,20,40
STORE_005,SKU_GENERIC_GRO_140,SLOT_G_20,30,50,78,108,20,40
STORE_005,SKU_GENERIC_FRU&VEG_141,SLOT_F&V_21,29,50,88,117,20,40
STORE_005,SKU_GENERIC_PERCAR_142,SLOT_PC_22,45,50,44,89,20,40
STORE_005,SKU_GENERIC_SWE_143,SLOT_S_23,30,50,100,130,20,40
STORE_005,SKU_GENERIC_COLBEV_144,SLOT_CB_24,45,50,71,116,20,40
STORE_005,SKU_GENERIC_HOTBEV_145,SLOT_HB_25,39,50,88,127,20,40
STORE_005,SKU_GENERIC_SNA&CHI_146,SLOT_S&C_26,43,50,88,131,20,40
STORE_005,SKU_GENERIC_INSMEA_147,SLOT_IM_27,43,50,68,111,20,40
STORE_005,SKU_GENERIC_DAI&BAK_148,SLOT_D&B_28,43,50,81,124,20,40
STORE_005,SKU_GENERIC_GRO_149,SLOT_G_29,45,50,79,124,20,40
STORE_005,SKU_GENERIC_FRU&VEG_150,SLOT_F&V_30,35,50,95,130,20,40
STORE_006,SKU_COLD_DRINK_750ML,SLOT_CB_01,45,50,60,105,20,40
STORE_006,SKU_DIET_HERBAL_TEA_250ML,SLOT_HB_02,29,50,68,97,20,40
STORE_006,SKU_ENERGY_DRINK_250ML,SLOT_CB_03,27,50,70,97,20,40
STORE_006,SKU_KALE_CHIPS_50G,SLOT_S&C_04,39,50,80,119,20,40
STORE_006,SKU_CHIPS_100G,SLOT_S&C_05,34,50,90,124,20,40
STORE_006,SKU_COLBEV_001,SLOT_CB_06,33,50,77,110,20,40
STORE_006,SKU_COLBEV_002,SLOT_CB_07,26,50,62,88,20,40
STORE_006,SKU_COLBEV_003,SLOT_CB_08,41,50,44,85,20,40
STORE_006,SKU_COLBEV_004,SLOT_CB_09,34,50,69,103,20,40
STORE_006,SKU_COLBEV_005,SLOT_CB_10,39,50,42,81,20,40
STORE_006,SKU_COLBEV_006,SLOT_CB_11,26,50,63,89,20,40
STORE_006,SKU_COLBEV_007,SLOT_CB_12,34,50,44,78,20,40
STORE_006,SKU_COLBEV_008,SLOT_CB_13,45,50,95,140,20,40
STORE_006,SKU_COLBEV_009,SLOT_CB_14,27,50,79,106,20,40
STORE_006,SKU_COLBEV_010,SLOT_CB_15,44,50,72,116,20,40
STORE_006,SKU_COLBEV_011,SLOT_CB_16,37,50,69,106,20,40
STORE_006,SKU_COLBEV_012,SLOT_CB_17,43,50,75,118,20,40
STORE_006,SKU_COLBEV_013,SLOT_CB_18,26,50,68,94,20,40
STORE_006,SKU_COLBEV_014,SLOT_CB_19,43,50,81,124,20,40
STORE_006,SKU_HOTBEV_015,SLOT_HB_20,31,50,60,91,20,40
STORE_006,SKU_HOTBEV_016,SLOT_HB_21,44,50,70,114,20,40
STORE_006,SKU_HOTBEV_017,SLOT_HB_22,41,50,49,90,20,40
STORE_006,SKU_HOTBEV_018,SLOT_HB_23,26,50,68,94,20,40
STORE_006,SKU_HOTBEV_019,SLOT_HB_24,28,50,91,119,20,40
STORE_006,SKU_HOTBEV_020,SLOT_HB_25,35,50,85,120,20,40
STORE_006,SKU_HOTBEV_021,SLOT_HB_26,27,50,72,99,20,40
STORE_006,SKU_HOTBEV_022,SLOT_HB_27,45,50,51,96,20,40
STORE_006,SKU_HOTBEV_023,SLOT_HB_28,26,50,55,81,20,40
STORE_006,SKU_HOTBEV_024,SLOT_HB_29,39,50,68,107,20,40
STORE_006,SKU_HOTBEV_025,SLOT_HB_30,41,50,73,114,20,40
STORE_006,SKU_SNA&CHI_026,SLOT_S&C_01,44,50,50,94,20,40
STORE_006,SKU_SNA&CHI_027,SLOT_S&C_02,36,50,63,99,20,40
STORE_006,SKU_SNA&CHI_028,SLOT_S&C_03,34,50,64,98,20,40
STORE_006,SKU_SNA&CHI_029,SLOT_S&C_04,38,50,89,127,20,40
STORE_006,SKU_SNA&CHI_030,SLOT_S&C_05,35,50,83,118,20,40
STORE_006,SKU_SNA&CHI_031,SLOT_S&C_06,44,50,43,87,20,40
STORE_006,SKU_SNA&CHI_032,SLOT_S&C_07,45,50,81,126,20,40
STORE_006,SKU_SNA&CHI_033,SLOT_S&C_08,35,50,44,79,20,40
STORE_006,SKU_SNA&CHI_034,SLOT_S&C_09,35,50,46,81,20,40
STORE_006,SKU_SNA&CHI_035,SLOT_S&C_10,42,50,83,125,20,40
STORE_006,SKU_SNA&CHI_036,SLOT_S&C_11,37,50,58,95,20,40
STORE_006,SKU_SNA&CHI_037,SLOT_S&C_12,33,50,86,119,20,40
STORE_006,SKU_SNA&CHI_038,SLOT_S&C_13,44,50,95,139,20,40
STORE_006,SKU_INSMEA_039,SLOT_IM_14,29,50,61,90,20,40
STORE_006,SKU_INSMEA_040,SLOT_IM_15,27,50,77,104,20,40
STORE_006,SKU_INSMEA_041,SLOT_IM_16,29,50,98,127,20,40
STORE_006,SKU_INSMEA_042,SLOT_IM_17,36,50,59,95,20,40
STORE_006,SKU_INSMEA_043,SLOT_IM_18,45,50,84,129,20,40
STORE_006,SKU_INSMEA_044,SLOT_IM_19,37,50,48,85,20,40
STORE_006,SKU_INSMEA_045,SLOT_IM_20,44,50,85,129,20,40
STORE_006,SKU_INSMEA_046,SLOT_IM_21,27,50,59,86,20,40
STORE_006,SKU_INSMEA_047,SLOT_IM_22,42,50,64,106,20,40
STORE_006,SKU_INSMEA_048,SLOT_IM_23,45,50,90,135,20,40
STORE_006,SKU_INSMEA_049,SLOT_IM_24,35,50,92,127,20,40
STORE_006,SKU_INSMEA_050,SLOT_IM_25,29,50,82,111,20,40
STORE_006,SKU_INSMEA_051,SLOT_IM_26,41,50,45,86,20,40
STORE_006,SKU_INSMEA_052,SLOT_IM_27,45,50,82,127,20,40
STORE_006,SKU_INSMEA_053,SLOT_IM_28,38,50,72,110,20,40
STORE_006,SKU_INSMEA_054,SLOT_IM_29,36,50,41,77,20,40
STORE_006,SKU_GRO_055,SLOT_G_30,36,50,59,95,20,40
STORE_006,SKU_GRO_056,SLOT_G_01,30,50,100,130,20,40
STORE_006,SKU_GRO_057,SLOT_G_02,31,50,61,92,20,40
STORE_006,SKU_GRO_058,SLOT_G_03,40,50,52,92,20,40
STORE_006,SKU_GRO_059,SLOT_G_04,32,50,48,80,20,40
STORE_006,SKU_GRO_060,SLOT_G_05,29,50,44,73,20,40
STORE_006,SKU_GRO_061,SLOT_G_06,34,50,94,128,20,40
STORE_006,SKU_GRO_062,SLOT_G_07,28,50,72,100,20,40
STORE_006,SKU_GRO_063,SLOT_G_08,42,50,93,135,20,40
STORE_006,SKU_GRO_064,SLOT_G_09,41,50,42,83,20,40
STORE_006,SKU_GRO_065,SLOT_G_10,35,50,96,131,20,40
STORE_006,SKU_GRO_066,SLOT_G_11,44,50,48,92,20,40
STORE_006,SKU_GRO_067,SLOT_G_12,44,50,64,108,20,40
STORE_006,SKU_GRO_068,SLOT_G_13,29,50,50,79,20,40
STORE_006,SKU_GRO_069,SLOT_G_14,30,50,93,123,20,40
STORE_006,SKU_GRO_070,SLOT_G_15,44,50,91,135,20,40
STORE_006,SKU_GRO_071,SLOT_G_16,30,50,86,116,20,40
STORE_006,SKU_FRU&VEG_072,SLOT_F&V_17,39,50,42,81,20,40
STORE_006,SKU_FRU&VEG_073,SLOT_F&V_18,38,50,63,101,20,40
STORE_006,SKU_FRU&VEG_074,SLOT_F&V_19,32,50,68,100,20,40
STORE_006,SKU_FRU&VEG_075,SLOT_F&V_20,44,50,58,102,20,40
STORE_006,SKU_FRU&VEG_076,SLOT_F&V_21,39,50,54,93,20,40
STORE_006,SKU_FRU&VEG_077,SLOT_F&V_22,42,50,55,97,20,40
STORE_006,SKU_FRU&VEG_078,SLOT_F&V_23,34,50,91,125,20,40
STORE_006,SKU_FRU&VEG_079,SLOT_F&V_24,40,50,97,137,20,40
STORE_006,SKU_FRU&VEG_080,SLOT_F&V_25,31,50,63,94,20,40
STORE_006,SKU_FRU&VEG_081,SLOT_F&V_26,43,50,68,111,20,40
STORE_006,SKU_FRU&VEG_082,SLOT_F&V_27,39,50,89,128,20,40
STORE_006,SKU_FRU&VEG_083,SLOT_F&V_28,34,50,89,123,20,40
STORE_006,SKU_FRU&VEG_084,SLOT_F&V_29,37,50,72,109,20,40
STORE_006,SKU_FRU&VEG_085,SLOT_F&V_30,41,50,66,107,20,40
STORE_006,SKU_FRU&VEG_086,SLOT_F&V_01,30,50,92,122,20,40
STORE_006,SKU_PERCAR_087,SLOT_PC_02,31,50,91,122,20,40
STORE_006,SKU_PERCAR_088,SLOT_PC_03,44,50,48,92,20,40
STORE_006,SKU_PERCAR_089,SLOT_PC_04,33,50,43,76,20,40
STORE_006,SKU_PERCAR_090,SLOT_PC_05,45,50,70,115,20,40
STORE_006,SKU_PERCAR_091,SLOT_PC_06,36,50,75,111,20,40
STORE_006,SKU_PERCAR_092,SLOT_PC_07,28,50,85,113,20,40
STORE_006,SKU_PERCAR_093,SLOT_PC_08,41,50,94,135,20,40
STORE_006,SKU_PERCAR_094,SLOT_PC_09,28,50,58,86,20,40
STORE_006,SKU_PERCAR_095,SLOT_PC_10,27,50,88,115,20,40
STORE_006,SKU_PERCAR_096,SLOT_PC_11,30,50,57,87,20,40
STORE_006,SKU_PERCAR_097,SLOT_PC_12,39,50,97,136,20,40
STORE_006,SKU_PERCAR_098,SLOT_PC_13,41,50,49,90,20,40
STORE_006,SKU_PERCAR_099,SLOT_PC_14,38,50,45,83,20,40
STORE_006,SKU_PERCAR_100,SLOT_PC_15,32,50,92,124,20,40
STORE_006,SKU_SWE_101,SLOT_S_16,39,50,96,135,20,40
STORE_006,SKU_SWE_102,SLOT_S_17,36,50,99,135,20,40
STORE_006,SKU_SWE_103,SLOT_S_18,25,50,66,91,20,40
STORE_006,SKU_SWE_104,SLOT_S_19,26,50,65,91,20,40
STORE_006,SKU_SWE_105,SLOT_S_20,41,50,63,104,20,40
STORE_006,SKU_SWE_106,SLOT_S_21,32,50,64,96,20,40
STORE_006,SKU_SWE_107,SLOT_S_22,27,50,63,90,20,40
STORE_006,SKU_SWE_108,SLOT_S_23,32,50,41,73,20,40
STORE_006,SKU_SWE_109,SLOT_S_24,35,50,99,134,20,40
STORE_006,SKU_SWE_110,SLOT_S_25,28,50,93,121,20,40
STORE_006,SKU_GENERIC_SWE_116,SLOT_S_26,45,50,61,106,20,40
STORE_006,SKU_GENERIC_COLBEV_117,SLOT_CB_27,29,50,48,77,20,40
STORE_006,SKU_GENERIC_HOTBEV_118,SLOT_HB_28,26,50,58,84,20,40
STORE_006,SKU_GENERIC_SNA&CHI_119,SLOT_S&C_29,40,50,84,124,20,40
STORE_006,SKU_GENERIC_INSMEA_120,SLOT_IM_30,29,50,88,117,20,40
STORE_006,SKU_GENERIC_DAI&BAK_121,SLOT_D&B_01,40,50,68,108,20,40
STORE_006,SKU_GENERIC_GRO_122,SLOT_G_02,44,50,40,84,20,40
STORE_006,SKU_GENERIC_FRU&VEG_123,SLOT_F&V_03,27,50,41,68,20,40
STORE_006,SKU_GENERIC_PERCAR_124,SLOT_PC_04,33,50,53,86,20,40
STORE_006,SKU_GENERIC_SWE_125,SLOT_S_05,29,50,75,104,20,40
STORE_006,SKU_GENERIC_COLBEV_126,SLOT_CB_06,44,50,73,117,20,40
STORE_006,SKU_GENERIC_HOTBEV_127,SLOT_HB_07,38,50,47,85,20,40
STORE_006,SKU_GENERIC_SNA&CHI_128,SLOT_S&C_08,34,50,55,89,20,40
STORE_006,SKU_GENERIC_INSMEA_129,SLOT_IM_09,34,50,47,81,20,40
STORE_006,SKU_GENERIC_DAI&BAK_130,SLOT_D&B_10,26,50,55,81,20,40
STORE_006,SKU_GENERIC_GRO_131,SLOT_G_11,38,50,80,118,20,40
STORE_006,SKU_GENERIC_FRU&VEG_132,SLOT_F&V_12,44,50,69,113,20,40
STORE_006,SKU_GENERIC_PERCAR_133,SLOT_PC_13,27,50,47,74,20,40
STORE_006,SKU_GENERIC_SWE_134,SLOT_S_14,40,50,78,118,20,40
STORE_006,SKU_GENERIC_COLBEV_135,SLOT_CB_15,42,50,41,83,20,40
STORE_006,SKU_GENERIC_HOTBEV_136,SLOT_HB_16,45,50,72,117,20,40
STORE_006,SKU_GENERIC_SNA&CHI_137,SLOT_S&C_17,43,50,55,98,20,40
STORE_006,SKU_GENERIC_INSMEA_138,SLOT_IM_18,29,50,58,87,20,40
STORE_006,SKU_GENERIC_DAI&BAK_139,SLOT_D&B_19,38,50,40,78,20,40
STORE_006,SKU_GENERIC_GRO_140,SLOT_G_20,44,50,62,106,20,40
STORE_006,SKU_GENERIC_FRU&VEG_141,SLOT_F&V_21,32,50,76,108,20,40
STORE_006,SKU_GENERIC_PERCAR_142,SLOT_PC_22,38,50,51,89,20,40
STORE_006,SKU_GENERIC_SWE_143,SLOT_S_23,27,50,73,100,20,40
STORE_006,SKU_GENERIC_COLBEV_144,SLOT_CB_24,36,50,44,80,20,40
STORE_006,SKU_GENERIC_HOTBEV_145,SLOT_HB_25,41,50,74,115,20,40
STORE_006,SKU_GENERIC_SNA&CHI_146,SLOT_S&C_26,41,50,90,131,20,40
STORE_006,SKU_GENERIC_INSMEA_147,SLOT_IM_27,41,50,75,116,20,40
STORE_006,SKU_GENERIC_DAI&BAK_148,SLOT_D&B_28,25,50,64,89,20,40
STORE_006,SKU_GENERIC_GRO_149,SLOT_G_29,40,50,42,82,20,40
STORE_006,SKU_GENERIC_FRU&VEG_150,SLOT_F&V_30,45,50,64,109,20,40
STORE_007,SKU_COLD_DRINK_750ML,SLOT_CB_01,10,40,4,14,25,50
STORE_007,SKU_DIET_HERBAL_TEA_250ML,SLOT_HB_02,25,50,62,87,20,40
STORE_007,SKU_ENERGY_DRINK_250ML,SLOT_CB_03,3,12,80,83,20,40
STORE_007,SKU_KALE_CHIPS_50G,SLOT_S&C_04,45,50,100,145,10,15
STORE_007,SKU_CHIPS_100G,SLOT_S&C_05,45,50,46,91,20,40
STORE_007,SKU_COLBEV_001,SLOT_CB_06,43,50,87,130,20,40
STORE_007,SKU_COLBEV_002,SLOT_CB_07,35,50,48,83,20,40
STORE_007,SKU_COLBEV_003,SLOT_CB_08,26,50,62,88,20,40
STORE_007,SKU_COLBEV_004,SLOT_CB_09,42,50,61,103,20,40
STORE_007,SKU_COLBEV_005,SLOT_CB_10,45,50,51,96,20,40
STORE_007,SKU_COLBEV_006,SLOT_CB_11,39,50,84,123,20,40
STORE_007,SKU_COLBEV_007,SLOT_CB_12,40,50,80,120,20,40
STORE_007,SKU_COLBEV_008,SLOT_CB_13,30,50,91,121,20,40
STORE_007,SKU_COLBEV_009,SLOT_CB_14,29,50,44,73,20,40
STORE_007,SKU_COLBEV_010,SLOT_CB_15,39,50,42,81,20,40
STORE_007,SKU_COLBEV_011,SLOT_CB_16,34,50,52,86,20,40
STORE_007,SKU_COLBEV_012,SLOT_CB_17,26,50,90,116,20,40
STORE_007,SKU_COLBEV_013,SLOT_CB_18,31,50,96,127,20,40
STORE_007,SKU_COLBEV_014,SLOT_CB_19,26,50,60,86,20,40
STORE_007,SKU_HOTBEV_015,SLOT_HB_20,34,50,72,106,20,40
STORE_007,SKU_HOTBEV_016,SLOT_HB_21,37,50,92,129,20,40
STORE_007,SKU_HOTBEV_017,SLOT_HB_22,42,50,70,112,20,40
STORE_007,SKU_HOTBEV_018,SLOT_HB_23,33,50,42,75,20,40
STORE_007,SKU_HOTBEV_019,SLOT_HB_24,45,50,52,97,20,40
STORE_007,SKU_HOTBEV_020,SLOT_HB_25,34,50,62,96,20,40
STORE_007,SKU_HOTBEV_021,SLOT_HB_26,26,50,95,121,20,40
STORE_007,SKU_HOTBEV_022,SLOT_HB_27,45,50,61,106,20,40
STORE_007,SKU_HOTBEV_023,SLOT_HB_28,33,50,47,80,20,40
STORE_007,SKU_HOTBEV_024,SLOT_HB_29,36,50,67,103,20,40
STORE_007,SKU_HOTBEV_025,SLOT_HB_30,37,50,87,124,20,40
STORE_007,SKU_SNA&CHI_026,SLOT_S&C_01,39,50,97,136,20,40
STORE_007,SKU_SNA&CHI_027,SLOT_S&C_02,37,50,61,98,20,40
STORE_007,SKU_SNA&CHI_028,SLOT_S&C_03,30,50,71,101,20,40
STORE_007,SKU_SNA&CHI_029,SLOT_S&C_04,40,50,63,103,20,40
STORE_007,SKU_SNA&CHI_030,SLOT_S&C_05,41,50,57,98,20,40
STORE_007,SKU_SNA&CHI_031,SLOT_S&C_06,27,50,86,113,20,40
STORE_007,SKU_SNA&CHI_032,SLOT_S&C_07,38,50,45,83,20,40
STORE_007,SKU_SNA&CHI_033,SLOT_S&C_08,38,50,78,116,20,40
STORE_007,SKU_SNA&CHI_034,SLOT_S&C_09,30,50,74,104,20,40
STORE_007,SKU_SNA&CHI_035,SLOT_S&C_10,34,50,60,94,20,40
STORE_007,SKU_SNA&CHI_036,SLOT_S&C_11,28,50,45,73,20,40
STORE_007,SKU_SNA&CHI_037,SLOT_S&C_12,35,50,82,117,20,40
STORE_007,SKU_SNA&CHI_038,SLOT_S&C_13,34,50,59,93,20,40
STORE_007,SKU_INSMEA_039,SLOT_IM_14,39,50,78,117,20,40
STORE_007,SKU_INSMEA_040,SLOT_IM_15,38,50,50,88,20,40
STORE_007,SKU_INSMEA_041,SLOT_IM_16,39,50,62,101,20,40
STORE_007,SKU_INSMEA_042,SLOT_IM_17,39,50,42,81,20,40
STORE_007,SKU_INSMEA_043,SLOT_IM_18,36,50,79,115,20,40
STORE_007,SKU_INSMEA_044,SLOT_IM_19,38,50,57,95,20,40
STORE_007,SKU_INSMEA_045,SLOT_IM_20,45,50,90,135,20,40
STORE_007,SKU_INSMEA_046,SLOT_IM_21,26,50,44,70,20,40
STORE_007,SKU_INSMEA_047,SLOT_IM_22,45,50,65,110,20,40
STORE_007,SKU_INSMEA_048,SLOT_IM_23,36,50,72,108,20,40
STORE_007,SKU_INSMEA_049,SLOT_IM_24,30,50,100,130,20,40
STORE_007,SKU_INSMEA_050,SLOT_IM_25,25,50,49,74,20,40
STORE_007,SKU_INSMEA_051,SLOT_IM_26,44,50,83,127,20,40
STORE_007,SKU_INSMEA_052,SLOT_IM_27,39,50,42,81,20,40
STORE_007,SKU_INSMEA_053,SLOT_IM_28,29,50,44,73,20,40
STORE_007,SKU_INSMEA_054,SLOT_IM_29,32,50,89,121,20,40
STORE_007,SKU_GRO_055,SLOT_G_30,45,50,63,108,20,40
STORE_007,SKU_GRO_056,SLOT_G_01,36,50,64,100,20,40
STORE_007,SKU_GRO_057,SLOT_G_02,43,50,42,85,20,40
STORE_007,SKU_GRO_058,SLOT_G_03,44,50,49,93,20,40
STORE_007,SKU_GRO_059,SLOT_G_04,39,50,100,139,20,40
STORE_007,SKU_GRO_060,SLOT_G_05,36,50,63,99,20,40
STORE_007,SKU_GRO_061,SLOT_G_06,39,50,88,127,20,40
STORE_007,SKU_GRO_062,SLOT_G_07,27,50,76,103,20,40
STORE_007,SKU_GRO_063,SLOT_G_08,29,50,73,102,20,40
STORE_007,SKU_GRO_064,SLOT_G_09,36,50,65,101,20,40
STORE_007,SKU_GRO_065,SLOT_G_10,35,50,81,116,20,40
STORE_007,SKU_GRO_066,SLOT_G_11,33,50,55,88,20,40
STORE_007,SKU_GRO_067,SLOT_G_12,28,50,41,69,20,40
STORE_007,SKU_GRO_068,SLOT_G_13,30,50,71,101,20,40
STORE_007,SKU_GRO_069,SLOT_G_14,41,50,64,105,20,40
STORE_007,SKU_GRO_070,SLOT_G_15,42,50,47,89,20,40
STORE_007,SKU_GRO_071,SLOT_G_16,33,50,89,122,20,40
STORE_007,SKU_FRU&VEG_072,SLOT_F&V_17,33,50,85,118,20,40
STORE_007,SKU_FRU&VEG_073,SLOT_F&V_18,39,50,53,92,20,40
STORE_007,SKU_FRU&VEG_074,SLOT_F&V_19,44,50,58,102,20,40
STORE_007,SKU_FRU&VEG_075,SLOT_F&V_20,40,50,52,92,20,40
STORE_007,SKU_FRU&VEG_076,SLOT_F&V_21,28,50,48,76,20,40
STORE_007,SKU_FRU&VEG_077,SLOT_F&V_22,27,50,68,95,20,40
STORE_007,SKU_FRU&VEG_078,SLOT_F&V_23,30,50,97,127,20,40
STORE_007,SKU_FRU&VEG_079,SLOT_F&V_24,39,50,45,84,20,40
STORE_007,SKU_FRU&VEG_080,SLOT_F&V_25,35,50,82,117,20,40
STORE_007,SKU_FRU&VEG_081,SLOT_F&V_26,36,50,85,121,20,40
STORE_007,SKU_FRU&VEG_082,SLOT_F&V_27,27,50,75,102,20,40
STORE_007,SKU_FRU&VEG_083,SLOT_F&V_28,42,50,58,100,20,40
STORE_007,SKU_FRU&VEG_084,SLOT_F&V_29,34,50,94,128,20,40
STORE_007,SKU_FRU&VEG_085,SLOT_F&V_30,30,50,85,115,20,40
STORE_007,SKU_FRU&VEG_086,SLOT_F&V_01,45,50,51,96,20,40
STORE_007,SKU_PERCAR_087,SLOT_PC_02,36,50,72,108,20,40
STORE_007,SKU_PERCAR_088,SLOT_PC_03,32,50,47,79,20,40
STORE_007,SKU_PERCAR_089,SLOT_PC_04,31,50,90,121,20,40
STORE_007,SKU_PERCAR_090,SLOT_PC_05,29,50,55,84,20,40
STORE_007,SKU_PERCAR_091,SLOT_PC_06,40,50,41,81,20,40
STORE_007,SKU_PERCAR_092,SLOT_PC_07,36,50,75,111,20,40
STORE_007,SKU_PERCAR_093,SLOT_PC_08,43,50,63,106,20,40
STORE_007,SKU_PERCAR_094,SLOT_PC_09,39,50,91,130,20,40
STORE_007,SKU_PERCAR_095,SLOT_PC_10,42,50,48,90,20,40
STORE_007,SKU_PERCAR_096,SLOT_PC_11,44,50,96,140,20,40
STORE_007,SKU_PERCAR_097,SLOT_PC_12,27,50,44,71,20,40
STORE_007,SKU_PERCAR_098,SLOT_PC_13,34,50,65,99,20,40
STORE_007,SKU_PERCAR_099,SLOT_PC_14,40,50,73,113,20,40
STORE_007,SKU_PERCAR_100,SLOT_PC_15,38,50,89,127,20,40
STORE_007,SKU_SWE_101,SLOT_S_16,38,50,92,130,20,40
STORE_007,SKU_SWE_102,SLOT_S_17,43,50,44,87,20,40
STORE_007,SKU_SWE_103,SLOT_S_18,29,50,60,89,20,40
STORE_007,SKU_SWE_104,SLOT_S_19,45,50,44,89,20,40
STORE_007,SKU_SWE_105,SLOT_S_20,39,50,69,108,20,40
STORE_007,SKU_SWE_106,SLOT_S_21,41,50,62,103,20,40
STORE_007,SKU_SWE_107,SLOT_S_22,29,50,96,125,20,40
STORE_007,SKU_SWE_108,SLOT_S_23,42,50,80,122,20,40
STORE_007,SKU_SWE_109,SLOT_S_24,43,50,51,94,20,40
STORE_007,SKU_SWE_110,SLOT_S_25,29,50,67,96,20,40
STORE_007,SKU_GENERIC_SWE_116,SLOT_S_26,41,50,98,139,20,40
STORE_007,SKU_GENERIC_COLBEV_117,SLOT_CB_27,26,50,93,119,20,40
STORE_007,SKU_GENERIC_HOTBEV_118,SLOT_HB_28,28,50,73,101,20,40
STORE_007,SKU_GENERIC_SNA&CHI_119,SLOT_S&C_29,29,50,59,88,20,40
STORE_007,SKU_GENERIC_INSMEA_120,SLOT_IM_30,30,50,50,80,20,40
STORE_007,SKU_GENERIC_DAI&BAK_121,SLOT_D&B_01,35,50,99,134,20,40
STORE_007,SKU_GENERIC_GRO_122,SLOT_G_02,32,50,62,94,20,40
STORE_007,SKU_GENERIC_FRU&VEG_123,SLOT_F&V_03,41,50,97,138,20,40
STORE_007,SKU_GENERIC_PERCAR_124,SLOT_PC_04,34,50,94,128,20,40
STORE_007,SKU_GENERIC_SWE_125,SLOT_S_05,27,50,56,83,20,40
STORE_007,SKU_GENERIC_COLBEV_126,SLOT_CB_06,31,50,80,111,20,40
STORE_007,SKU_GENERIC_HOTBEV_127,SLOT_HB_07,42,50,57,99,20,40
STORE_007,SKU_GENERIC_SNA&CHI_128,SLOT_S&C_08,29,50,80,109,20,40
STORE_007,SKU_GENERIC_INSMEA_129,SLOT_IM_09,34,50,79,113,20,40
STORE_007,SKU_GENERIC_DAI&BAK_130,SLOT_D&B_10,42,50,45,87,20,40
STORE_007,SKU_GENERIC_GRO_131,SLOT_G_11,41,50,81,122,20,40
STORE_007,SKU_GENERIC_FRU&VEG_132,SLOT_F&V_12,30,50,77,107,20,40
STORE_007,SKU_GENERIC_PERCAR_133,SLOT_PC_13,43,50,49,92,20,40
STORE_007,SKU_GENERIC_SWE_134,SLOT_S_14,30,50,82,112,20,40
STORE_007,SKU_GENERIC_COLBEV_135,SLOT_CB_15,44,50,86,130,20,40
STORE_007,SKU_GENERIC_HOTBEV_136,SLOT_HB_16,44,50,61,105,20,40
STORE_007,SKU_GENERIC_SNA&CHI_137,SLOT_S&C_17,43,50,42,85,20,40
STORE_007,SKU_GENERIC_INSMEA_138,SLOT_IM_18,25,50,45,70,20,40
STORE_007,SKU_GENERIC_DAI&BAK_139,SLOT_D&B_19,26,50,100,126,20,40
STORE_007,SKU_GENERIC_GRO_140,SLOT_G_20,45,50,89,134,20,40
STORE_007,SKU_GENERIC_FRU&VEG_141,SLOT_F&V_21,43,50,56,99,20,40
STORE_007,SKU_GENERIC_PERCAR_142,SLOT_PC_22,45,50,53,98,20,40
STORE_007,SKU_GENERIC_SWE_143,SLOT_S_23,43,50,66,109,20,40
STORE_007,SKU_GENERIC_COLBEV_144,SLOT_CB_24,44,50,80,124,20,40
STORE_007,SKU_GENERIC_HOTBEV_145,SLOT_HB_25,25,50,71,96,20,40
STORE_007,SKU_GENERIC_SNA&CHI_146,SLOT_S&C_26,45,50,74,119,20,40
STORE_007,SKU_GENERIC_INSMEA_147,SLOT_IM_27,34,50,81,115,20,40
STORE_007,SKU_GENERIC_DAI&BAK_148,SLOT_D&B_28,34,50,70,104,20,40
STORE_007,SKU_GENERIC_GRO_149,SLOT_G_29,32,50,91,123,20,40
STORE_007,SKU_GENERIC_FRU&VEG_150,SLOT_F&V_30,37,50,59,96,20,40
STORE_008,SKU_COLD_DRINK_750ML,SLOT_CB_01,39,50,44,83,20,40
STORE_008,SKU_DIET_HERBAL_TEA_250ML,SLOT_HB_02,26,50,50,76,20,40
STORE_008,SKU_ENERGY_DRINK_250ML,SLOT_CB_03,39,50,66,105,20,40
STORE_008,SKU_KALE_CHIPS_50G,SLOT_S&C_04,40,50,69,109,20,40
STORE_008,SKU_CHIPS_100G,SLOT_S&C_05,31,50,61,92,20,40
STORE_008,SKU_COLBEV_001,SLOT_CB_06,44,50,49,93,20,40
STORE_008,SKU_COLBEV_002,SLOT_CB_07,35,50,95,130,20,40
STORE_008,SKU_COLBEV_003,SLOT_CB_08,35,50,86,121,20,40
STORE_008,SKU_COLBEV_004,SLOT_CB_09,36,50,65,101,20,40
STORE_008,SKU_COLBEV_005,SLOT_CB_10,29,50,88,117,20,40
STORE_008,SKU_COLBEV_006,SLOT_CB_11,36,50,72,108,20,40
STORE_008,SKU_COLBEV_007,SLOT_CB_12,42,50,46,88,20,40
STORE_008,SKU_COLBEV_008,SLOT_CB_13,35,50,55,90,20,40
STORE_008,SKU_COLBEV_009,SLOT_CB_14,39,50,47,86,20,40
STORE_008,SKU_COLBEV_010,SLOT_CB_15,33,50,68,101,20,40
STORE_008,SKU_COLBEV_011,SLOT_CB_16,32,50,49,81,20,40
STORE_008,SKU_COLBEV_012,SLOT_CB_17,28,50,43,71,20,40
STORE_008,SKU_COLBEV_013,SLOT_CB_18,34,50,100,134,20,40
STORE_008,SKU_COLBEV_014,SLOT_CB_19,37,50,95,132,20,40
STORE_008,SKU_HOTBEV_015,SLOT_HB_20,44,50,66,110,20,40
STORE_008,SKU_HOTBEV_016,SLOT_HB_21,32,50,95,127,20,40
STORE_008,SKU_HOTBEV_017,SLOT_HB_22,30,50,92,122,20,40
STORE_008,SKU_HOTBEV_018,SLOT_HB_23,35,50,99,134,20,40
STORE_008,SKU_HOTBEV_019,SLOT_HB_24,43,50,86,129,20,40
STORE_008,SKU_HOTBEV_020,SLOT_HB_25,35,50,52,87,20,40
STORE_008,SKU_HOTBEV_021,SLOT_HB_26,30,50,71,101,20,40
STORE_008,SKU_HOTBEV_022,SLOT_HB_27,41,50,69,110,20,40
STORE_008,SKU_HOTBEV_023,SLOT_HB_28,40,50,96,136,20,40
STORE_008,SKU_HOTBEV_024,SLOT_HB_29,34,50,71,105,20,40
STORE_008,SKU_HOTBEV_025,SLOT_HB_30,25,50,45,70,20,40
STORE_008,SKU_SNA&CHI_026,SLOT_S&C_01,37,50,72,109,20,40
STORE_008,SKU_SNA&CHI_027,SLOT_S&C_02,39,50,55,94,20,40
STORE_008,SKU_SNA&CHI_028,SLOT_S&C_03,31,50,77,108,20,40
STORE_008,SKU_SNA&CHI_029,SLOT_S&C_04,36,50,43,79,20,40
STORE_008,SKU_SNA&CHI_030,SLOT_S&C_05,26,50,58,84,20,40
STORE_008,SKU_SNA&CHI_031,SLOT_S&C_06,40,50,78,118,20,40
STORE_008,SKU_SNA&CHI_032,SLOT_S&C_07,45,50,83,128,20,40
STORE_008,SKU_SNA&CHI_033,SLOT_S&C_08,40,50,58,98,20,40
STORE_008,SKU_SNA&CHI_034,SLOT_S&C_09,42,50,40,82,20,40
STORE_008,SKU_SNA&CHI_035,SLOT_S&C_10,28,50,67,95,20,40
STORE_008,SKU_SNA&CHI_036,SLOT_S&C_11,29,50,96,125,20,40
STORE_008,SKU_SNA&CHI_037,SLOT_S&C_12,33,50,86,119,20,40
STORE_008,SKU_SNA&CHI_038,SLOT_S&C_13,36,50,88,124,20,40
STORE_008,SKU_INSMEA_039,SLOT_IM_14,37,50,63,100,20,40
STORE_008,SKU_INSMEA_040,SLOT_IM_15,26,50,65,91,20,40
STORE_008,SKU_INSMEA_041,SLOT_IM_16,26,50,76,102,20,40
STORE_008,SKU_INSMEA_042,SLOT_IM_17,42,50,52,94,20,40
STORE_008,SKU_INSMEA_043,SLOT_IM_18,36,50,75,111,20,40
STORE_008,SKU_INSMEA_044,SLOT_IM_19,34,50,44,78,20,40
STORE_008,SKU_INSMEA_045,SLOT_IM_20,37,50,72,109,20,40
STORE_008,SKU_INSMEA_046,SLOT_IM_21,39,50,88,127,20,40
STORE_008,SKU_INSMEA_047,SLOT_IM_22,42,50,57,99,20,40
STORE_008,SKU_INSMEA_048,SLOT_IM_23,44,50,83,127,20,40
STORE_008,SKU_INSMEA_049,SLOT_IM_24,44,50,47,91,20,40
STORE_008,SKU_INSMEA_050,SLOT_IM_25,29,50,46,75,20,40
STORE_008,SKU_INSMEA_051,SLOT_IM_26,37,50,63,100,20,40
STORE_008,SKU_INSMEA_052,SLOT_IM_27,35,50,75,110,20,40
STORE_008,SKU_INSMEA_053,SLOT_IM_28,36,50,88,124,20,40
STORE_008,SKU_INSMEA_054,SLOT_IM_29,29,50,52,81,20,40
STORE_008,SKU_GRO_055,SLOT_G_30,44,50,72,116,20,40
STORE_008,SKU_GRO_056,SLOT_G_01,37,50,72,109,20,40
STORE_008,SKU_GRO_057,SLOT_G_02,26,50,42,68,20,40
STORE_008,SKU_GRO_058,SLOT_G_03,26,50,48,74,20,40
STORE_008,SKU_GRO_059,SLOT_G_04,35,50,91,126,20,40
STORE_008,SKU_GRO_060,SLOT_G_05,40,50,73,113,20,40
STORE_008,SKU_GRO_061,SLOT_G_06,39,50,49,88,20,40
STORE_008,SKU_GRO_062,SLOT_G_07,44,50,97,141,20,40
STORE_008,SKU_GRO_063,SLOT_G_08,41,50,48,89,20,40
STORE_008,SKU_GRO_064,SLOT_G_09,35,50,99,134,20,40
STORE_008,SKU_GRO_065,SLOT_G_10,44,50,60,104,20,40
STORE_008,SKU_GRO_066,SLOT_G_11,30,50,65,95,20,40
STORE_008,SKU_GRO_067,SLOT_G_12,44,50,87,131,20,40
STORE_008,SKU_GRO_068,SLOT_G_13,34,50,77,111,20,40
STORE_008,SKU_GRO_069,SLOT_G_14,35,50,72,107,20,40
STORE_008,SKU_GRO_070,SLOT_G_15,41,50,74,115,20,40
STORE_008,SKU_GRO_071,SLOT_G_16,40,50,85,125,20,40
STORE_008,SKU_FRU&VEG_072,SLOT_F&V_17,43,50,59,102,20,40
STORE_008,SKU_FRU&VEG_073,SLOT_F&V_18,40,50,92,132,20,40
STORE_008,SKU_FRU&VEG_074,SLOT_F&V_19,25,50,63,88,20,40
STORE_008,SKU_FRU&VEG_075,SLOT_F&V_20,35,50,83,118,20,40
STORE_008,SKU_FRU&VEG_076,SLOT_F&V_21,28,50,66,94,20,40
STORE_008,SKU_FRU&VEG_077,SLOT_F&V_22,43,50,59,102,20,40
STORE_008,SKU_FRU&VEG_078,SLOT_F&V_23,45,50,41,86,20,40
STORE_008,SKU_FRU&VEG_079,SLOT_F&V_24,44,50,70,114,20,40
STORE_008,SKU_FRU&VEG_080,SLOT_F&V_25,33,50,81,114,20,40
STORE_008,SKU_FRU&VEG_081,SLOT_F&V_26,43,50,76,119,20,40
STORE_008,SKU_FRU&VEG_082,SLOT_F&V_27,32,50,86,118,20,40
STORE_008,SKU_FRU&VEG_083,SLOT_F&V_28,26,50,77,103,20,40
STORE_008,SKU_FRU&VEG_084,SLOT_F&V_29,40,50,50,90,20,40
STORE_008,SKU_FRU&VEG_085,SLOT_F&V_30,41,50,80,121,20,40
STORE_008,SKU_FRU&VEG_086,SLOT_F&V_01,44,50,89,133,20,40
STORE_008,SKU_PERCAR_087,SLOT_PC_02,37,50,49,86,20,40
STORE_008,SKU_PERCAR_088,SLOT_PC_03,32,50,42,74,20,40
STORE_008,SKU_PERCAR_089,SLOT_PC_04,43,50,100,143,20,40
STORE_008,SKU_PERCAR_090,SLOT_PC_05,28,50,52,80,20,40
STORE_008,SKU_PERCAR_091,SLOT_PC_06,25,50,68,93,20,40
STORE_008,SKU_PERCAR_092,SLOT_PC_07,35,50,66,101,20,40
STORE_008,SKU_PERCAR_093,SLOT_PC_08,29,50,66,95,20,40
STORE_008,SKU_PERCAR_094,SLOT_PC_09,31,50,66,97,20,40
STORE_008,SKU_PERCAR_095,SLOT_PC_10,41,50,89,130,20,40
STORE_008,SKU_PERCAR_096,SLOT_PC_11,44,50,98,142,20,40
STORE_008,SKU_PERCAR_097,SLOT_PC_12,40,50,95,135,20,40
STORE_008,SKU_PERCAR_098,SLOT_PC_13,26,50,85,111,20,40
STORE_008,SKU_PERCAR_099,SLOT_PC_14,29,50,73,102,20,40
STORE_008,SKU_PERCAR_100,SLOT_PC_15,31,50,75,106,20,40
STORE_008,SKU_SWE_101,SLOT_S_16,35,50,82,117,20,40
STORE_008,SKU_SWE_102,SLOT_S_17,40,50,73,113,20,40
STORE_008,SKU_SWE_103,SLOT_S_18,37,50,60,97,20,40
STORE_008,SKU_SWE_104,SLOT_S_19,30,50,69,99,20,40
STORE_008,SKU_SWE_105,SLOT_S_20,42,50,61,103,20,40
STORE_008,SKU_SWE_106,SLOT_S_21,42,50,62,104,20,40
STORE_008,SKU_SWE_107,SLOT_S_22,45,50,91,136,20,40
STORE_008,SKU_SWE_108,SLOT_S_23,33,50,79,112,20,40
STORE_008,SKU_SWE_109,SLOT_S_24,40,50,52,92,20,40
STORE_008,SKU_SWE_110,SLOT_S_25,32,50,57,89,20,40
STORE_008,SKU_GENERIC_SWE_116,SLOT_S_26,42,50,59,101,20,40
STORE_008,SKU_GENERIC_COLBEV_117,SLOT_CB_27,32,50,100,132,20,40
STORE_008,SKU_GENERIC_HOTBEV_118,SLOT_HB_28,34,50,89,123,20,40
STORE_008,SKU_GENERIC_SNA&CHI_119,SLOT_S&C_29,34,50,85,119,20,40
STORE_008,SKU_GENERIC_INSMEA_120,SLOT_IM_30,31,50,84,115,20,40
STORE_008,SKU_GENERIC_DAI&BAK_121,SLOT_D&B_01,40,50,60,100,20,40
STORE_008,SKU_GENERIC_GRO_122,SLOT_G_02,40,50,62,102,20,40
STORE_008,SKU_GENERIC_FRU&VEG_123,SLOT_F&V_03,42,50,99,141,20,40
STORE_008,SKU_GENERIC_PERCAR_124,SLOT_PC_04,33,50,58,91,20,40
STORE_008,SKU_GENERIC_SWE_125,SLOT_S_05,28,50,76,104,20,40
STORE_008,SKU_GENERIC_COLBEV_126,SLOT_CB_06,42,50,64,106,20,40
STORE_008,SKU_GENERIC_HOTBEV_127,SLOT_HB_07,37,50,92,129,20,40
STORE_008,SKU_GENERIC_SNA&CHI_128,SLOT_S&C_08,36,50,89,125,20,40
STORE_008,SKU_GENERIC_INSMEA_129,SLOT_IM_09,29,50,58,87,20,40
STORE_008,SKU_GENERIC_DAI&BAK_130,SLOT_D&B_10,26,50,58,84,20,40
STORE_008,SKU_GENERIC_GRO_131,SLOT_G_11,27,50,62,89,20,40
STORE_008,SKU_GENERIC_FRU&VEG_132,SLOT_F&V_12,39,50,81,120,20,40
STORE_008,SKU_GENERIC_PERCAR_133,SLOT_PC_13,33,50,87,120,20,40
STORE_008,SKU_GENERIC_SWE_134,SLOT_S_14,40,50,53,93,20,40
STORE_008,SKU_GENERIC_COLBEV_135,SLOT_CB_15,31,50,92,123,20,40
STORE_008,SKU_GENERIC_HOTBEV_136,SLOT_HB_16,42,50,57,99,20,40
STORE_008,SKU_GENERIC_SNA&CHI_137,SLOT_S&C_17,42,50,84,126,20,40
STORE_008,SKU_GENERIC_INSMEA_138,SLOT_IM_18,33,50,48,81,20,40
STORE_008,SKU_GENERIC_DAI&BAK_139,SLOT_D&B_19,28,50,79,107,20,40
STORE_008,SKU_GENERIC_GRO_140,SLOT_G_20,43,50,55,98,20,40
STORE_008,SKU_GENERIC_FRU&VEG_141,SLOT_F&V_21,32,50,43,75,20,40
STORE_008,SKU_GENERIC_PERCAR_142,SLOT_PC_22,41,50,54,95,20,40
STORE_008,SKU_GENERIC_SWE_143,SLOT_S_23,45,50,54,99,20,40
STORE_008,SKU_GENERIC_COLBEV_144,SLOT_CB_24,26,50,46,72,20,40
STORE_008,SKU_GENERIC_HOTBEV_145,SLOT_HB_25,38,50,61,99,20,40
STORE_008,SKU_GENERIC_SNA&CHI_146,SLOT_S&C_26,40,50,46,86,20,40
STORE_008,SKU_GENERIC_INSMEA_147,SLOT_IM_27,29,50,40,69,20,40
STORE_008,SKU_GENERIC_DAI&BAK_148,SLOT_D&B_28,42,50,99,141,20,40
STORE_008,SKU_GENERIC_GRO_149,SLOT_G_29,30,50,66,96,20,40
STORE_008,SKU_GENERIC_FRU&VEG_150,SLOT_F&V_30,45,50,99,144,20,40
STORE_009,SKU_COLD_DRINK_750ML,SLOT_CB_01,40,50,20,60,20,35
STORE_009,SKU_DIET_HERBAL_TEA_250ML,SLOT_HB_02,45,50,52,97,20,40
STORE_009,SKU_ENERGY_DRINK_250ML,SLOT_CB_03,34,50,60,94,20,40
STORE_009,SKU_KALE_CHIPS_50G,SLOT_S&C_04,34,50,81,115,20,40
STORE_009,SKU_CHIPS_100G,SLOT_S&C_05,26,50,98,124,20,40
STORE_009,SKU_COLBEV_001,SLOT_CB_06,27,50,81,108,20,40
STORE_009,SKU_COLBEV_002,SLOT_CB_07,43,50,54,97,20,40
STORE_009,SKU_COLBEV_003,SLOT_CB_08,42,50,87,129,20,40
STORE_009,SKU_COLBEV_004,SLOT_CB_09,26,50,98,124,20,40
STORE_009,SKU_COLBEV_005,SLOT_CB_10,30,50,66,96,20,40
STORE_009,SKU_COLBEV_006,SLOT_CB_11,30,50,99,129,20,40
STORE_009,SKU_COLBEV_007,SLOT_CB_12,26,50,93,119,20,40
STORE_009,SKU_COLBEV_008,SLOT_CB_13,37,50,90,127,20,40
STORE_009,SKU_COLBEV_009,SLOT_CB_14,40,50,51,91,20,40
STORE_009,SKU_COLBEV_010,SLOT_CB_15,34,50,96,130,20,40
STORE_009,SKU_COLBEV_011,SLOT_CB_16,26,50,40,66,20,40
STORE_009,SKU_COLBEV_012,SLOT_CB_17,34,50,76,110,20,40
STORE_009,SKU_COLBEV_013,SLOT_CB_18,44,50,46,90,20,40
STORE_009,SKU_COLBEV_014,SLOT_CB_19,35,50,58,93,20,40
STORE_009,SKU_HOTBEV_015,SLOT_HB_20,39,50,81,120,20,40
STORE_009,SKU_HOTBEV_016,SLOT_HB_21,42,50,73,115,20,40
STORE_009,SKU_HOTBEV_017,SLOT_HB_22,40,50,96,136,20,40
STORE_009,SKU_HOTBEV_018,SLOT_HB_23,29,50,94,123,20,40
STORE_009,SKU_HOTBEV_019,SLOT_HB_24,41,50,69,110,20,40
STORE_009,SKU_HOTBEV_020,SLOT_HB_25,33,50,52,85,20,40
STORE_009,SKU_HOTBEV_021,SLOT_HB_26,28,50,61,89,20,40
STORE_009,SKU_HOTBEV_022,SLOT_HB_27,30,50,86,116,20,40
STORE_009,SKU_HOTBEV_023,SLOT_HB_28,39,50,81,120,20,40
STORE_009,SKU_HOTBEV_024,SLOT_HB_29,33,50,85,118,20,40
STORE_009,SKU_HOTBEV_025,SLOT_HB_30,30,50,40,70,20,40
STORE_009,SKU_SNA&CHI_026,SLOT_S&C_01,35,50,90,125,20,40
STORE_009,SKU_SNA&CHI_027,SLOT_S&C_02,34,50,76,110,20,40
STORE_009,SKU_SNA&CHI_028,SLOT_S&C_03,31,50,51,82,20,40
STORE_009,SKU_SNA&CHI_029,SLOT_S&C_04,44,50,94,138,20,40
STORE_009,SKU_SNA&CHI_030,SLOT_S&C_05,45,50,97,142,20,40
STORE_009,SKU_SNA&CHI_031,SLOT_S&C_06,37,50,92,129,20,40
STORE_009,SKU_SNA&CHI_032,SLOT_S&C_07,38,50,72,110,20,40
STORE_009,SKU_SNA&CHI_033,SLOT_S&C_08,35,50,45,80,20,40
STORE_009,SKU_SNA&CHI_034,SLOT_S&C_09,37,50,82,119,20,40
STORE_009,SKU_SNA&CHI_035,SLOT_S&C_10,28,50,51,79,20,40
STORE_009,SKU_SNA&CHI_036,SLOT_S&C_11,29,50,70,99,20,40
STORE_009,SKU_SNA&CHI_037,SLOT_S&C_12,35,50,99,134,20,40
STORE_009,SKU_SNA&CHI_038,SLOT_S&C_13,32,50,40,72,20,40
STORE_009,SKU_INSMEA_039,SLOT_IM_14,33,50,64,97,20,40
STORE_009,SKU_INSMEA_040,SLOT_IM_15,32,50,68,100,20,40
STORE_009,SKU_INSMEA_041,SLOT_IM_16,33,50,61,94,20,40
STORE_009,SKU_INSMEA_042,SLOT_IM_17,34,50,77,111,20,40
STORE_009,SKU_INSMEA_043,SLOT_IM_18,43,50,40,83,20,40
STORE_009,SKU_INSMEA_044,SLOT_IM_19,33,50,81,114,20,40
STORE_009,SKU_INSMEA_045,SLOT_IM_20,36,50,84,120,20,40
STORE_009,SKU_INSMEA_046,SLOT_IM_21,32,50,43,75,20,40
STORE_009,SKU_INSMEA_047,SLOT_IM_22,28,50,69,97,20,40
STORE_009,SKU_INSMEA_048,SLOT_IM_23,34,50,50,84,20,40
STORE_009,SKU_INSMEA_049,SLOT_IM_24,37,50,83,120,20,40
STORE_009,SKU_INSMEA_050,SLOT_IM_25,41,50,99,140,20,40
STORE_009,SKU_INSMEA_051,SLOT_IM_26,34,50,84,118,20,40
STORE_009,SKU_INSMEA_052,SLOT_IM_27,28,50,80,108,20,40
STORE_009,SKU_INSMEA_053,SLOT_IM_28,34,50,63,97,20,40
STORE_009,SKU_INSMEA_054,SLOT_IM_29,44,50,54,98,20,40
STORE_009,SKU_GRO_055,SLOT_G_30,32,50,48,80,20,40
STORE_009,SKU_GRO_056,SLOT_G_01,40,50,49,89,20,40
STORE_009,SKU_GRO_057,SLOT_G_02,39,50,87,126,20,40
STORE_009,SKU_GRO_058,SLOT_G_03,44,50,63,107,20,40
STORE_009,SKU_GRO_059,SLOT_G_04,38,50,84,122,20,40
STORE_009,SKU_GRO_060,SLOT_G_05,42,50,98,140,20,40
STORE_009,SKU_GRO_061,SLOT_G_06,40,50,88,128,20,40
STORE_009,SKU_GRO_062,SLOT_G_07,42,50,91,133,20,40
STORE_009,SKU_GRO_063,SLOT_G_08,31,50,88,119,20,40
STORE_009,SKU_GRO_064,SLOT_G_09,32,50,83,115,20,40
STORE_009,SKU_GRO_065,SLOT_G_10,44,50,95,139,20,40
STORE_009,SKU_GRO_066,SLOT_G_11,27,50,73,100,20,40
STORE_009,SKU_GRO_067,SLOT_G_12,39,50,73,112,20,40
STORE_009,SKU_GRO_068,SLOT_G_13,36,50,44,80,20,40
STORE_009,SKU_GRO_069,SLOT_G_14,43,50,47,90,20,40
STORE_009,SKU_GRO_070,SLOT_G_15,26,50,93,119,20,40
STORE_009,SKU_GRO_071,SLOT_G_16,42,50,97,139,20,40
STORE_009,SKU_FRU&VEG_072,SLOT_F&V_17,41,50,52,93,20,40
STORE_009,SKU_FRU&VEG_073,SLOT_F&V_18,43,50,74,117,20,40
STORE_009,SKU_FRU&VEG_074,SLOT_F&V_19,29,50,50,79,20,40
STORE_009,SKU_FRU&VEG_075,SLOT_F&V_20,35,50,94,129,20,40
STORE_009,SKU_FRU&VEG_076,SLOT_F&V_21,41,50,68,109,20,40
STORE_009,SKU_FRU&VEG_077,SLOT_F&V_22,28,50,83,111,20,40
STORE_009,SKU_FRU&VEG_078,SLOT_F&V_23,31,50,85,116,20,40
STORE_009,SKU_FRU&VEG_079,SLOT_F&V_24,43,50,71,114,20,40
STORE_009,SKU_FRU&VEG_080,SLOT_F&V_25,27,50,97,124,20,40
STORE_009,SKU_FRU&VEG_081,SLOT_F&V_26,41,50,68,109,20,40
STORE_009,SKU_FRU&VEG_082,SLOT_F&V_27,26,50,69,95,20,40
STORE_009,SKU_FRU&VEG_083,SLOT_F&V_28,29,50,72,101,20,40
STORE_009,SKU_FRU&VEG_084,SLOT_F&V_29,38,50,69,107,20,40
STORE_009,SKU_FRU&VEG_085,SLOT_F&V_30,43,50,43,86,20,40
STORE_009,SKU_FRU&VEG_086,SLOT_F&V_01,42,50,69,111,20,40
STORE_009,SKU_PERCAR_087,SLOT_PC_02,34,50,86,120,20,40
STORE_009,SKU_PERCAR_088,SLOT_PC_03,25,50,65,90,20,40
STORE_009,SKU_PERCAR_089,SLOT_PC_04,33,50,92,125,20,40
STORE_009,SKU_PERCAR_090,SLOT_PC_05,25,50,87,112,20,40
STORE_009,SKU_PERCAR_091,SLOT_PC_06,31,50,77,108,20,40
STORE_009,SKU_PERCAR_092,SLOT_PC_07,27,50,42,69,20,40
STORE_009,SKU_PERCAR_093,SLOT_PC_08,38,50,62,100,20,40
STORE_009,SKU_PERCAR_094,SLOT_PC_09,27,50,74,101,20,40
STORE_009,SKU_PERCAR_095,SLOT_PC_10,26,50,99,125,20,40
STORE_009,SKU_PERCAR_096,SLOT_PC_11,27,50,99,126,20,40
STORE_009,SKU_PERCAR_097,SLOT_PC_12,40,50,42,82,20,40
STORE_009,SKU_PERCAR_098,SLOT_PC_13,34,50,66,100,20,40
STORE_009,SKU_PERCAR_099,SLOT_PC_14,30,50,89,119,20,40
STORE_009,SKU_PERCAR_100,SLOT_PC_15,29,50,89,118,20,40
STORE_009,SKU_SWE_101,SLOT_S_16,45,50,86,131,20,40
STORE_009,SKU_SWE_102,SLOT_S_17,45,50,66,111,20,40
STORE_009,SKU_SWE_103,SLOT_S_18,36,50,97,133,20,40
STORE_009,SKU_SWE_104,SLOT_S_19,37,50,68,105,20,40
STORE_009,SKU_SWE_105,SLOT_S_20,37,50,64,101,20,40
STORE_009,SKU_SWE_106,SLOT_S_21,27,50,83,110,20,40
STORE_009,SKU_SWE_107,SLOT_S_22,42,50,48,90,20,40
STORE_009,SKU_SWE_108,SLOT_S_23,45,50,95,140,20,40
STORE_009,SKU_SWE_109,SLOT_S_24,36,50,47,83,20,40
STORE_009,SKU_SWE_110,SLOT_S_25,30,50,74,104,20,40
STORE_009,SKU_GENERIC_SWE_116,SLOT_S_26,37,50,73,110,20,40
STORE_009,SKU_GENERIC_COLBEV_117,SLOT_CB_27,29,50,86,115,20,40
STORE_009,SKU_GENERIC_HOTBEV_118,SLOT_HB_28,32,50,93,125,20,40
STORE_009,SKU_GENERIC_SNA&CHI_119,SLOT_S&C_29,25,50,88,113,20,40
STORE_009,SKU_GENERIC_INSMEA_120,SLOT_IM_30,25,50,59,84,20,40
STORE_009,SKU_GENERIC_DAI&BAK_121,SLOT_D&B_01,39,50,83,122,20,40
STORE_009,SKU_GENERIC_GRO_122,SLOT_G_02,42,50,67,109,20,40
STORE_009,SKU_GENERIC_FRU&VEG_123,SLOT_F&V_03,42,50,64,106,20,40
STORE_009,SKU_GENERIC_PERCAR_124,SLOT_PC_04,32,50,55,87,20,40
STORE_009,SKU_GENERIC_SWE_125,SLOT_S_05,39,50,62,101,20,40
STORE_009,SKU_GENERIC_COLBEV_126,SLOT_CB_06,29,50,57,86,20,40
STORE_009,SKU_GENERIC_HOTBEV_127,SLOT_HB_07,31,50,99,130,20,40
STORE_009,SKU_GENERIC_SNA&CHI_128,SLOT_S&C_08,28,50,42,70,20,40
STORE_009,SKU_GENERIC_INSMEA_129,SLOT_IM_09,38,50,79,117,20,40
STORE_009,SKU_GENERIC_DAI&BAK_130,SLOT_D&B_10,25,50,55,80,20,40
STORE_009,SKU_GENERIC_GRO_131,SLOT_G_11,31,50,44,75,20,40
STORE_009,SKU_GENERIC_FRU&VEG_132,SLOT_F&V_12,28,50,78,106,20,40
STORE_009,SKU_GENERIC_PERCAR_133,SLOT_PC_13,26,50,68,94,20,40
STORE_009,SKU_GENERIC_SWE_134,SLOT_S_14,44,50,83,127,20,40
STORE_009,SKU_GENERIC_COLBEV_135,SLOT_CB_15,26,50,55,81,20,40
STORE_009,SKU_GENERIC_HOTBEV_136,SLOT_HB_16,26,50,65,91,20,40
STORE_009,SKU_GENERIC_SNA&CHI_137,SLOT_S&C_17,39,50,54,93,20,40
STORE_009,SKU_GENERIC_INSMEA_138,SLOT_IM_18,42,50,53,95,20,40
STORE_009,SKU_GENERIC_DAI&BAK_139,SLOT_D&B_19,26,50,48,74,20,40
STORE_009,SKU_GENERIC_GRO_140,SLOT_G_20,41,50,58,99,20,40
STORE_009,SKU_GENERIC_FRU&VEG_141,SLOT_F&V_21,32,50,92,124,20,40
STORE_009,SKU_GENERIC_PERCAR_142,SLOT_PC_22,43,50,60,103,20,40
STORE_009,SKU_GENERIC_SWE_143,SLOT_S_23,43,50,78,121,20,40
STORE_009,SKU_GENERIC_COLBEV_144,SLOT_CB_24,35,50,55,90,20,40
STORE_009,SKU_GENERIC_HOTBEV_145,SLOT_HB_25,34,50,96,130,20,40
STORE_009,SKU_GENERIC_SNA&CHI_146,SLOT_S&C_26,29,50,82,111,20,40
STORE_009,SKU_GENERIC_INSMEA_147,SLOT_IM_27,41,50,54,95,20,40
STORE_009,SKU_GENERIC_DAI&BAK_148,SLOT_D&B_28,38,50,59,97,20,40
STORE_009,SKU_GENERIC_GRO_149,SLOT_G_29,33,50,43,76,20,40
STORE_009,SKU_GENERIC_FRU&VEG_150,SLOT_F&V_30,42,50,100,142,20,40
STORE_010,SKU_COLD_DRINK_750ML,SLOT_CB_01,43,50,96,139,20,40
STORE_010,SKU_DIET_HERBAL_TEA_250ML,SLOT_HB_02,30,50,80,110,20,40
STORE_010,SKU_ENERGY_DRINK_250ML,SLOT_CB_03,38,50,75,113,20,40
STORE_010,SKU_KALE_CHIPS_50G,SLOT_S&C_04,40,50,43,83,20,40
STORE_010,SKU_CHIPS_100G,SLOT_S&C_05,36,50,100,136,20,40
STORE_010,SKU_COLBEV_001,SLOT_CB_06,45,50,82,127,20,40
STORE_010,SKU_COLBEV_002,SLOT_CB_07,37,50,90,127,20,40
STORE_010,SKU_COLBEV_003,SLOT_CB_08,41,50,60,101,20,40
STORE_010,SKU_COLBEV_004,SLOT_CB_09,38,50,66,104,20,40
STORE_010,SKU_COLBEV_005,SLOT_CB_10,29,50,59,88,20,40
STORE_010,SKU_COLBEV_006,SLOT_CB_11,37,50,51,88,20,40
STORE_010,SKU_COLBEV_007,SLOT_CB_12,42,50,70,112,20,40
STORE_010,SKU_COLBEV_008,SLOT_CB_13,32,50,94,126,20,40
STORE_010,SKU_COLBEV_009,SLOT_CB_14,32,50,59,91,20,40
STORE_010,SKU_COLBEV_010,SLOT_CB_15,29,50,91,120,20,40
STORE_010,SKU_COLBEV_011,SLOT_CB_16,39,50,98,137,20,40
STORE_010,SKU_COLBEV_012,SLOT_CB_17,26,50,75,101,20,40
STORE_010,SKU_COLBEV_013,SLOT_CB_18,38,50,66,104,20,40
STORE_010,SKU_COLBEV_014,SLOT_CB_19,42,50,73,115,20,40
STORE_010,SKU_HOTBEV_015,SLOT_HB_20,29,50,64,93,20,40
STORE_010,SKU_HOTBEV_016,SLOT_HB_21,32,50,56,88,20,40
STORE_010,SKU_HOTBEV_017,SLOT_HB_22,31,50,61,92,20,40
STORE_010,SKU_HOTBEV_018,SLOT_HB_23,45,50,45,90,20,40
STORE_010,SKU_HOTBEV_019,SLOT_HB_24,39,50,94,133,20,40
STORE_010,SKU_HOTBEV_020,SLOT_HB_25,36,50,45,81,20,40
STORE_010,SKU_HOTBEV_021,SLOT_HB_26,42,50,86,128,20,40
STORE_010,SKU_HOTBEV_022,SLOT_HB_27,31,50,43,74,20,40
STORE_010,SKU_HOTBEV_023,SLOT_HB_28,33,50,64,97,20,40
STORE_010,SKU_HOTBEV_024,SLOT_HB_29,44,50,78,122,20,40
STORE_010,SKU_HOTBEV_025,SLOT_HB_30,26,50,95,121,20,40
STORE_010,SKU_SNA&CHI_026,SLOT_S&C_01,27,50,52,79,20,40
STORE_010,SKU_SNA&CHI_027,SLOT_S&C_02,43,50,86,129,20,40
STORE_010,SKU_SNA&CHI_028,SLOT_S&C_03,42,50,53,95,20,40
STORE_010,SKU_SNA&CHI_029,SLOT_S&C_04,40,50,53,93,20,40
STORE_010,SKU_SNA&CHI_030,SLOT_S&C_05,35,50,59,94,20,40
STORE_010,SKU_SNA&CHI_031,SLOT_S&C_06,25,50,53,78,20,40
STORE_010,SKU_SNA&CHI_032,SLOT_S&C_07,31,50,87,118,20,40
STORE_010,SKU_SNA&CHI_033,SLOT_S&C_08,28,50,87,115,20,40
STORE_010,SKU_SNA&CHI_034,SLOT_S&C_09,40,50,98,138,20,40
STORE_010,SKU_SNA&CHI_035,SLOT_S&C_10,32,50,84,116,20,40
STORE_010,SKU_SNA&CHI_036,SLOT_S&C_11,44,50,85,129,20,40
STORE_010,SKU_SNA&CHI_037,SLOT_S&C_12,31,50,65,96,20,40
STORE_010,SKU_SNA&CHI_038,SLOT_S&C_13,32,50,75,107,20,40
STORE_010,SKU_INSMEA_039,SLOT_IM_14,35,50,89,124,20,40
STORE_010,SKU_INSMEA_040,SLOT_IM_15,34,50,64,98,20,40
STORE_010,SKU_INSMEA_041,SLOT_IM_16,39,50,74,113,20,40
STORE_010,SKU_INSMEA_042,SLOT_IM_17,45,50,62,107,20,40
STORE_010,SKU_INSMEA_043,SLOT_IM_18,34,50,56,90,20,40
STORE_010,SKU_INSMEA_044,SLOT_IM_19,36,50,72,108,20,40
STORE_010,SKU_INSMEA_045,SLOT_IM_20,40,50,69,109,20,40
STORE_010,SKU_INSMEA_046,SLOT_IM_21,28,50,91,119,20,40
STORE_010,SKU_INSMEA_047,SLOT_IM_22,40,50,88,128,20,40
STORE_010,SKU_INSMEA_048,SLOT_IM_23,35,50,98,133,20,40
STORE_010,SKU_INSMEA_049,SLOT_IM_24,31,50,63,94,20,40
STORE_010,SKU_INSMEA_050,SLOT_IM_25,35,50,66,101,20,40
STORE_010,SKU_INSMEA_051,SLOT_IM_26,26,50,76,102,20,40
STORE_010,SKU_INSMEA_052,SLOT_IM_27,32,50,87,119,20,40
STORE_010,SKU_INSMEA_053,SLOT_IM_28,29,50,41,70,20,40
STORE_010,SKU_INSMEA_054,SLOT_IM_29,33,50,75,108,20,40
STORE_010,SKU_GRO_055,SLOT_G_30,43,50,77,120,20,40
STORE_010,SKU_GRO_056,SLOT_G_01,38,50,58,96,20,40
STORE_010,SKU_GRO_057,SLOT_G_02,29,50,52,81,20,40
STORE_010,SKU_GRO_058,SLOT_G_03,35,50,54,89,20,40
STORE_010,SKU_GRO_059,SLOT_G_04,37,50,76,113,20,40
STORE_010,SKU_GRO_060,SLOT_G_05,32,50,71,103,20,40
STORE_010,SKU_GRO_061,SLOT_G_06,42,50,81,123,20,40
STORE_010,SKU_GRO_062,SLOT_G_07,35,50,56,91,20,40
STORE_010,SKU_GRO_063,SLOT_G_08,40,50,86,126,20,40
STORE_010,SKU_GRO_064,SLOT_G_09,45,50,87,132,20,40
STORE_010,SKU_GRO_065,SLOT_G_10,40,50,69,109,20,40
STORE_010,SKU_GRO_066,SLOT_G_11,30,50,86,116,20,40
STORE_010,SKU_GRO_067,SLOT_G_12,36,50,50,86,20,40
STORE_010,SKU_GRO_068,SLOT_G_13,29,50,86,115,20,40
STORE_010,SKU_GRO_069,SLOT_G_14,42,50,71,113,20,40
STORE_010,SKU_GRO_070,SLOT_G_15,30,50,98,128,20,40
STORE_010,SKU_GRO_071,SLOT_G_16,42,50,81,123,20,40
STORE_010,SKU_FRU&VEG_072,SLOT_F&V_17,26,50,73,99,20,40
STORE_010,SKU_FRU&VEG_073,SLOT_F&V_18,26,50,93,119,20,40
STORE_010,SKU_FRU&VEG_074,SLOT_F&V_19,27,50,100,127,20,40
STORE_010,SKU_FRU&VEG_075,SLOT_F&V_20,26,50,88,114,20,40
STORE_010,SKU_FRU&VEG_076,SLOT_F&V_21,25,50,66,91,20,40
STORE_010,SKU_FRU&VEG_077,SLOT_F&V_22,29,50,93,122,20,40
STORE_010,SKU_FRU&VEG_078,SLOT_F&V_23,45,50,54,99,20,40
STORE_010,SKU_FRU&VEG_079,SLOT_F&V_24,27,50,85,112,20,40
STORE_010,SKU_FRU&VEG_080,SLOT_F&V_25,29,50,40,69,20,40
STORE_010,SKU_FRU&VEG_081,SLOT_F&V_26,31,50,72,103,20,40
STORE_010,SKU_FRU&VEG_082,SLOT_F&V_27,39,50,63,102,20,40
STORE_010,SKU_FRU&VEG_083,SLOT_F&V_28,26,50,79,105,20,40
STORE_010,SKU_FRU&VEG_084,SLOT_F&V_29,45,50,82,127,20,40
STORE_010,SKU_FRU&VEG_085,SLOT_F&V_30,44,50,98,142,20,40
STORE_010,SKU_FRU&VEG_086,SLOT_F&V_01,40,50,82,122,20,40
STORE_010,SKU_PERCAR_087,SLOT_PC_02,40,50,41,81,20,40
STORE_010,SKU_PERCAR_088,SLOT_PC_03,25,50,74,99,20,40
STORE_010,SKU_PERCAR_089,SLOT_PC_04,42,50,66,108,20,40
STORE_010,SKU_PERCAR_090,SLOT_PC_05,25,50,41,66,20,40
STORE_010,SKU_PERCAR_091,SLOT_PC_06,41,50,86,127,20,40
STORE_010,SKU_PERCAR_092,SLOT_PC_07,33,50,74,107,20,40
STORE_010,SKU_PERCAR_093,SLOT_PC_08,34,50,41,75,20,40
STORE_010,SKU_PERCAR_094,SLOT_PC_09,41,50,92,133,20,40
STORE_010,SKU_PERCAR_095,SLOT_PC_10,38,50,91,129,20,40
STORE_010,SKU_PERCAR_096,SLOT_PC_11,30,50,46,76,20,40
STORE_010,SKU_PERCAR_097,SLOT_PC_12,28,50,73,101,20,40
STORE_010,SKU_PERCAR_098,SLOT_PC_13,29,50,55,84,20,40
STORE_010,SKU_PERCAR_099,SLOT_PC_14,31,50,79,110,20,40
STORE_010,SKU_PERCAR_100,SLOT_PC_15,41,50,56,97,20,40
STORE_010,SKU_SWE_101,SLOT_S_16,36,50,57,93,20,40
STORE_010,SKU_SWE_102,SLOT_S_17,37,50,45,82,20,40
STORE_010,SKU_SWE_103,SLOT_S_18,36,50,65,101,20,40
STORE_010,SKU_SWE_104,SLOT_S_19,39,50,76,115,20,40
STORE_010,SKU_SWE_105,SLOT_S_20,32,50,84,116,20,40
STORE_010,SKU_SWE_106,SLOT_S_21,32,50,59,91,20,40
STORE_010,SKU_SWE_107,SLOT_S_22,27,50,81,108,20,40
STORE_010,SKU_SWE_108,SLOT_S_23,45,50,88,133,20,40
STORE_010,SKU_SWE_109,SLOT_S_24,26,50,45,71,20,40
STORE_010,SKU_SWE_110,SLOT_S_25,37,50,64,101,20,40
STORE_010,SKU_GENERIC_SWE_116,SLOT_S_26,37,50,75,112,20,40
STORE_010,SKU_GENERIC_COLBEV_117,SLOT_CB_27,40,50,43,83,20,40
STORE_010,SKU_GENERIC_HOTBEV_118,SLOT_HB_28,45,50,40,85,20,40
STORE_010,SKU_GENERIC_SNA&CHI_119,SLOT_S&C_29,30,50,45,75,20,40
STORE_010,SKU_GENERIC_INSMEA_120,SLOT_IM_30,40,50,94,134,20,40
STORE_010,SKU_GENERIC_DAI&BAK_121,SLOT_D&B_01,38,50,81,119,20,40
STORE_010,SKU_GENERIC_GRO_122,SLOT_G_02,35,50,76,111,20,40
STORE_010,SKU_GENERIC_FRU&VEG_123,SLOT_F&V_03,28,50,97,125,20,40
STORE_010,SKU_GENERIC_PERCAR_124,SLOT_PC_04,41,50,98,139,20,40
STORE_010,SKU_GENERIC_SWE_125,SLOT_S_05,26,50,54,80,20,40
STORE_010,SKU_GENERIC_COLBEV_126,SLOT_CB_06,31,50,97,128,20,40
STORE_010,SKU_GENERIC_HOTBEV_127,SLOT_HB_07,43,50,70,113,20,40
STORE_010,SKU_GENERIC_SNA&CHI_128,SLOT_S&C_08,33,50,42,75,20,40
STORE_010,SKU_GENERIC_INSMEA_129,SLOT_IM_09,27,50,83,110,20,40
STORE_010,SKU_GENERIC_DAI&BAK_130,SLOT_D&B_10,33,50,97,130,20,40
STORE_010,SKU_GENERIC_GRO_131,SLOT_G_11,42,50,76,118,20,40
STORE_010,SKU_GENERIC_FRU&VEG_132,SLOT_F&V_12,26,50,51,77,20,40
STORE_010,SKU_GENERIC_PERCAR_133,SLOT_PC_13,35,50,41,76,20,40
STORE_010,SKU_GENERIC_SWE_134,SLOT_S_14,31,50,77,108,20,40
STORE_010,SKU_GENERIC_COLBEV_135,SLOT_CB_15,29,50,88,117,20,40
STORE_010,SKU_GENERIC_HOTBEV_136,SLOT_HB_16,37,50,99,136,20,40
STORE_010,SKU_GENERIC_SNA&CHI_137,SLOT_S&C_17,27,50,59,86,20,40
STORE_010,SKU_GENERIC_INSMEA_138,SLOT_IM_18,30,50,76,106,20,40
STORE_010,SKU_GENERIC_DAI&BAK_139,SLOT_D&B_19,32,50,76,108,20,40
STORE_010,SKU_GENERIC_GRO_140,SLOT_G_20,37,50,83,120,20,40
STORE_010,SKU_GENERIC_FRU&VEG_141,SLOT_F&V_21,42,50,61,103,20,40
STORE_010,SKU_GENERIC_PERCAR_142,SLOT_PC_22,37,50,88,125,20,40
STORE_010,SKU_GENERIC_SWE_143,SLOT_S_23,29,50,90,119,20,40
STORE_010,SKU_GENERIC_COLBEV_144,SLOT_CB_24,27,50,72,99,20,40
STORE_010,SKU_GENERIC_HOTBEV_145,SLOT_HB_25,36,50,43,79,20,40
STORE_010,SKU_GENERIC_SNA&CHI_146,SLOT_S&C_26,28,50,67,95,20,40
STORE_010,SKU_GENERIC_INSMEA_147,SLOT_IM_27,32,50,93,125,20,40
STORE_010,SKU_GENERIC_DAI&BAK_148,SLOT_D&B_28,27,50,61,88,20,40
STORE_010,SKU_GENERIC_GRO_149,SLOT_G_29,44,50,89,133,20,40
STORE_010,SKU_GENERIC_FRU&VEG_150,SLOT_F&V_30,44,50,78,122,20,40
STORE_011,SKU_COLD_DRINK_750ML,SLOT_CB_01,37,50,89,126,20,40
STORE_011,SKU_DIET_HERBAL_TEA_250ML,SLOT_HB_02,35,50,41,76,20,40
STORE_011,SKU_ENERGY_DRINK_250ML,SLOT_CB_03,45,50,57,102,20,40
STORE_011,SKU_KALE_CHIPS_50G,SLOT_S&C_04,39,50,71,110,20,40
STORE_011,SKU_CHIPS_100G,SLOT_S&C_05,32,50,62,94,20,40
STORE_011,SKU_COLBEV_001,SLOT_CB_06,42,50,100,142,20,40
STORE_011,SKU_COLBEV_002,SLOT_CB_07,37,50,67,104,20,40
STORE_011,SKU_COLBEV_003,SLOT_CB_08,30,50,83,113,20,40
STORE_011,SKU_COLBEV_004,SLOT_CB_09,43,50,82,125,20,40
STORE_011,SKU_COLBEV_005,SLOT_CB_10,37,50,45,82,20,40
STORE_011,SKU_COLBEV_006,SLOT_CB_11,44,50,58,102,20,40
STORE_011,SKU_COLBEV_007,SLOT_CB_12,32,50,85,117,20,40
STORE_011,SKU_COLBEV_008,SLOT_CB_13,27,50,45,72,20,40
STORE_011,SKU_COLBEV_009,SLOT_CB_14,33,50,49,82,20,40
STORE_011,SKU_COLBEV_010,SLOT_CB_15,37,50,85,122,20,40
STORE_011,SKU_COLBEV_011,SLOT_CB_16,45,50,49,94,20,40
STORE_011,SKU_COLBEV_012,SLOT_CB_17,37,50,60,97,20,40
STORE_011,SKU_COLBEV_013,SLOT_CB_18,36,50,46,82,20,40
STORE_011,SKU_COLBEV_014,SLOT_CB_19,27,50,40,67,20,40
STORE_011,SKU_HOTBEV_015,SLOT_HB_20,34,50,68,102,20,40
STORE_011,SKU_HOTBEV_016,SLOT_HB_21,36,50,88,124,20,40
STORE_011,SKU_HOTBEV_017,SLOT_HB_22,33,50,46,79,20,40
STORE_011,SKU_HOTBEV_018,SLOT_HB_23,29,50,45,74,20,40
STORE_011,SKU_HOTBEV_019,SLOT_HB_24,30,50,67,97,20,40
STORE_011,SKU_HOTBEV_020,SLOT_HB_25,39,50,75,114,20,40
STORE_011,SKU_HOTBEV_021,SLOT_HB_26,42,50,72,114,20,40
STORE_011,SKU_HOTBEV_022,SLOT_HB_27,38,50,46,84,20,40
STORE_011,SKU_HOTBEV_023,SLOT_HB_28,25,50,45,70,20,40
STORE_011,SKU_HOTBEV_024,SLOT_HB_29,36,50,75,111,20,40
STORE_011,SKU_HOTBEV_025,SLOT_HB_30,27,50,78,105,20,40
STORE_011,SKU_SNA&CHI_026,SLOT_S&C_01,44,50,90,134,20,40
STORE_011,SKU_SNA&CHI_027,SLOT_S&C_02,35,50,95,130,20,40
STORE_011,SKU_SNA&CHI_028,SLOT_S&C_03,37,50,40,77,20,40
STORE_011,SKU_SNA&CHI_029,SLOT_S&C_04,34,50,66,100,20,40
STORE_011,SKU_SNA&CHI_030,SLOT_S&C_05,37,50,89,126,20,40
STORE_011,SKU_SNA&CHI_031,SLOT_S&C_06,27,50,86,113,20,40
STORE_011,SKU_SNA&CHI_032,SLOT_S&C_07,42,50,97,139,20,40
STORE_011,SKU_SNA&CHI_033,SLOT_S&C_08,32,50,76,108,20,40
STORE_011,SKU_SNA&CHI_034,SLOT_S&C_09,41,50,50,91,20,40
STORE_011,SKU_SNA&CHI_035,SLOT_S&C_10,37,50,50,87,20,40
STORE_011,SKU_SNA&CHI_036,SLOT_S&C_11,29,50,57,86,20,40
STORE_011,SKU_SNA&CHI_037,SLOT_S&C_12,34,50,57,91,20,40
STORE_011,SKU_SNA&CHI_038,SLOT_S&C_13,40,50,49,89,20,40
STORE_011,SKU_INSMEA_039,SLOT_IM_14,27,50,50,77,20,40
STORE_011,SKU_INSMEA_040,SLOT_IM_15,38,50,57,95,20,40
STORE_011,SKU_INSMEA_041,SLOT_IM_16,38,50,59,97,20,40
STORE_011,SKU_INSMEA_042,SLOT_IM_17,40,50,90,130,20,40
STORE_011,SKU_INSMEA_043,SLOT_IM_18,27,50,63,90,20,40
STORE_011,SKU_INSMEA_044,SLOT_IM_19,33,50,100,133,20,40
STORE_011,SKU_INSMEA_045,SLOT_IM_20,32,50,86,118,20,40
STORE_011,SKU_INSMEA_046,SLOT_IM_21,45,50,71,116,20,40
STORE_011,SKU_INSMEA_047,SLOT_IM_22,44,50,79,123,20,40
STORE_011,SKU_INSMEA_048,SLOT_IM_23,31,50,69,100,20,40
STORE_011,SKU_INSMEA_049,SLOT_IM_24,28,50,48,76,20,40
STORE_011,SKU_INSMEA_050,SLOT_IM_25,34,50,40,74,20,40
STORE_011,SKU_INSMEA_051,SLOT_IM_26,37,50,61,98,20,40
STORE_011,SKU_INSMEA_052,SLOT_IM_27,44,50,64,108,20,40
STORE_011,SKU_INSMEA_053,SLOT_IM_28,35,50,68,103,20,40
STORE_011,SKU_INSMEA_054,SLOT_IM_29,35,50,67,102,20,40
STORE_011,SKU_GRO_055,SLOT_G_30,45,50,78,123,20,40
STORE_011,SKU_GRO_056,SLOT_G_01,29,50,59,88,20,40
STORE_011,SKU_GRO_057,SLOT_G_02,35,50,78,113,20,40
STORE_011,SKU_GRO_058,SLOT_G_03,31,50,70,101,20,40
STORE_011,SKU_GRO_059,SLOT_G_04,35,50,51,86,20,40
STORE_011,SKU_GRO_060,SLOT_G_05,37,50,60,97,20,40
STORE_011,SKU_GRO_061,SLOT_G_06,34,50,87,121,20,40
STORE_011,SKU_GRO_062,SLOT_G_07,45,50,71,116,20,40
STORE_011,SKU_GRO_063,SLOT_G_08,43,50,90,133,20,40
STORE_011,SKU_GRO_064,SLOT_G_09,32,50,60,92,20,40
STORE_011,SKU_GRO_065,SLOT_G_10,37,50,57,94,20,40
STORE_011,SKU_GRO_066,SLOT_G_11,37,50,63,100,20,40
STORE_011,SKU_GRO_067,SLOT_G_12,28,50,99,127,20,40
STORE_011,SKU_GRO_068,SLOT_G_13,43,50,52,95,20,40
STORE_011,SKU_GRO_069,SLOT_G_14,43,50,74,117,20,40
STORE_011,SKU_GRO_070,SLOT_G_15,30,50,83,113,20,40
STORE_011,SKU_GRO_071,SLOT_G_16,42,50,41,83,20,40
STORE_011,SKU_FRU&VEG_072,SLOT_F&V_17,39,50,100,139,20,40
STORE_011,SKU_FRU&VEG_073,SLOT_F&V_18,31,50,68,99,20,40
STORE_011,SKU_FRU&VEG_074,SLOT_F&V_19,34,50,93,127,20,40
STORE_011,SKU_FRU&VEG_075,SLOT_F&V_20,27,50,92,119,20,40
STORE_011,SKU_FRU&VEG_076,SLOT_F&V_21,38,50,83,121,20,40
STORE_011,SKU_FRU&VEG_077,SLOT_F&V_22,40,50,48,88,20,40
STORE_011,SKU_FRU&VEG_078,SLOT_F&V_23,45,50,59,104,20,40
STORE_011,SKU_FRU&VEG_079,SLOT_F&V_24,32,50,56,88,20,40
STORE_011,SKU_FRU&VEG_080,SLOT_F&V_25,29,50,85,114,20,40
STORE_011,SKU_FRU&VEG_081,SLOT_F&V_26,38,50,90,128,20,40
STORE_011,SKU_FRU&VEG_082,SLOT_F&V_27,37,50,44,81,20,40
STORE_011,SKU_FRU&VEG_083,SLOT_F&V_28,39,50,78,117,20,40
STORE_011,SKU_FRU&VEG_084,SLOT_F&V_29,40,50,77,117,20,40
STORE_011,SKU_FRU&VEG_085,SLOT_F&V_30,37,50,74,111,20,40
STORE_011,SKU_FRU&VEG_086,SLOT_F&V_01,41,50,99,140,20,40
STORE_011,SKU_PERCAR_087,SLOT_PC_02,38,50,74,112,20,40
STORE_011,SKU_PERCAR_088,SLOT_PC_03,26,50,90,116,20,40
STORE_011,SKU_PERCAR_089,SLOT_PC_04,36,50,84,120,20,40
STORE_011,SKU_PERCAR_090,SLOT_PC_05,42,50,78,120,20,40
STORE_011,SKU_PERCAR_091,SLOT_PC_06,45,50,98,143,20,40
STORE_011,SKU_PERCAR_092,SLOT_PC_07,27,50,46,73,20,40
STORE_011,SKU_PERCAR_093,SLOT_PC_08,32,50,82,114,20,40
STORE_011,SKU_PERCAR_094,SLOT_PC_09,36,50,50,86,20,40
STORE_011,SKU_PERCAR_095,SLOT_PC_10,45,50,79,124,20,40
STORE_011,SKU_PERCAR_096,SLOT_PC_11,26,50,76,102,20,40
STORE_011,SKU_PERCAR_097,SLOT_PC_12,45,50,83,128,20,40
STORE_011,SKU_PERCAR_098,SLOT_PC_13,45,50,65,110,20,40
STORE_011,SKU_PERCAR_099,SLOT_PC_14,35,50,90,125,20,40
STORE_011,SKU_PERCAR_100,SLOT_PC_15,38,50,46,84,20,40
STORE_011,SKU_SWE_101,SLOT_S_16,25,50,46,71,20,40
STORE_011,SKU_SWE_102,SLOT_S_17,33,50,54,87,20,40
STORE_011,SKU_SWE_103,SLOT_S_18,41,50,87,128,20,40
STORE_011,SKU_SWE_104,SLOT_S_19,41,50,75,116,20,40
STORE_011,SKU_SWE_105,SLOT_S_20,43,50,84,127,20,40
STORE_011,SKU_SWE_106,SLOT_S_21,43,50,54,97,20,40
STORE_011,SKU_SWE_107,SLOT_S_22,39,50,63,102,20,40
STORE_011,SKU_SWE_108,SLOT_S_23,37,50,69,106,20,40
STORE_011,SKU_SWE_109,SLOT_S_24,43,50,84,127,20,40
STORE_011,SKU_SWE_110,SLOT_S_25,41,50,49,90,20,40
STORE_011,SKU_GENERIC_SWE_116,SLOT_S_26,36,50,41,77,20,40
STORE_011,SKU_GENERIC_COLBEV_117,SLOT_CB_27,40,50,46,86,20,40
STORE_011,SKU_GENERIC_HOTBEV_118,SLOT_HB_28,34,50,66,100,20,40
STORE_011,SKU_GENERIC_SNA&CHI_119,SLOT_S&C_29,27,50,47,74,20,40
STORE_011,SKU_GENERIC_INSMEA_120,SLOT_IM_30,29,50,62,91,20,40
STORE_011,SKU_GENERIC_DAI&BAK_121,SLOT_D&B_01,34,50,61,95,20,40
STORE_011,SKU_GENERIC_GRO_122,SLOT_G_02,39,50,90,129,20,40
STORE_011,SKU_GENERIC_FRU&VEG_123,SLOT_F&V_03,31,50,73,104,20,40
STORE_011,SKU_GENERIC_PERCAR_124,SLOT_PC_04,40,50,62,102,20,40
STORE_011,SKU_GENERIC_SWE_125,SLOT_S_05,40,50,46,86,20,40
STORE_011,SKU_GENERIC_COLBEV_126,SLOT_CB_06,39,50,86,125,20,40
STORE_011,SKU_GENERIC_HOTBEV_127,SLOT_HB_07,39,50,60,99,20,40
STORE_011,SKU_GENERIC_SNA&CHI_128,SLOT_S&C_08,27,50,59,86,20,40
STORE_011,SKU_GENERIC_INSMEA_129,SLOT_IM_09,26,50,91,117,20,40
STORE_011,SKU_GENERIC_DAI&BAK_130,SLOT_D&B_10,28,50,41,69,20,40
STORE_011,SKU_GENERIC_GRO_131,SLOT_G_11,35,50,81,116,20,40
STORE_011,SKU_GENERIC_FRU&VEG_132,SLOT_F&V_12,28,50,83,111,20,40
STORE_011,SKU_GENERIC_PERCAR_133,SLOT_PC_13,30,50,99,129,20,40
STORE_011,SKU_GENERIC_SWE_134,SLOT_S_14,32,50,73,105,20,40
STORE_011,SKU_GENERIC_COLBEV_135,SLOT_CB_15,30,50,75,105,20,40
STORE_011,SKU_GENERIC_HOTBEV_136,SLOT_HB_16,30,50,61,91,20,40
STORE_011,SKU_GENERIC_SNA&CHI_137,SLOT_S&C_17,42,50,67,109,20,40
STORE_011,SKU_GENERIC_INSMEA_138,SLOT_IM_18,39,50,54,93,20,40
STORE_011,SKU_GENERIC_DAI&BAK_139,SLOT_D&B_19,37,50,80,117,20,40
STORE_011,SKU_GENERIC_GRO_140,SLOT_G_20,30,50,51,81,20,40
STORE_011,SKU_GENERIC_FRU&VEG_141,SLOT_F&V_21,45,50,82,127,20,40
STORE_011,SKU_GENERIC_PERCAR_142,SLOT_PC_22,38,50,65,103,20,40
STORE_011,SKU_GENERIC_SWE_143,SLOT_S_23,25,50,87,112,20,40
STORE_011,SKU_GENERIC_COLBEV_144,SLOT_CB_24,44,50,96,140,20,40
STORE_011,SKU_GENERIC_HOTBEV_145,SLOT_HB_25,31,50,68,99,20,40
STORE_011,SKU_GENERIC_SNA&CHI_146,SLOT_S&C_26,43,50,67,110,20,40
STORE_011,SKU_GENERIC_INSMEA_147,SLOT_IM_27,37,50,40,77,20,40
STORE_011,SKU_GENERIC_DAI&BAK_148,SLOT_D&B_28,31,50,53,84,20,40
STORE_011,SKU_GENERIC_GRO_149,SLOT_G_29,33,50,88,121,20,40
STORE_011,SKU_GENERIC_FRU&VEG_150,SLOT_F&V_30,27,50,76,103,20,40
STORE_012,SKU_COLD_DRINK_750ML,SLOT_CB_01,50,50,30,80,25,40
STORE_012,SKU_DIET_HERBAL_TEA_250ML,SLOT_HB_02,42,50,51,93,20,40
STORE_012,SKU_ENERGY_DRINK_250ML,SLOT_CB_03,36,50,60,96,20,40
STORE_012,SKU_KALE_CHIPS_50G,SLOT_S&C_04,31,50,69,100,20,40
STORE_012,SKU_CHIPS_100G,SLOT_S&C_05,28,50,56,84,20,40
STORE_012,SKU_COLBEV_001,SLOT_CB_06,40,50,73,113,20,40
STORE_012,SKU_COLBEV_002,SLOT_CB_07,45,50,60,105,20,40
STORE_012,SKU_COLBEV_003,SLOT_CB_08,44,50,64,108,20,40
STORE_012,SKU_COLBEV_004,SLOT_CB_09,44,50,65,109,20,40
STORE_012,SKU_COLBEV_005,SLOT_CB_10,43,50,47,90,20,40
STORE_012,SKU_COLBEV_006,SLOT_CB_11,36,50,62,98,20,40
STORE_012,SKU_COLBEV_007,SLOT_CB_12,39,50,79,118,20,40
STORE_012,SKU_COLBEV_008,SLOT_CB_13,30,50,92,122,20,40
STORE_012,SKU_COLBEV_009,SLOT_CB_14,34,50,98,132,20,40
STORE_012,SKU_COLBEV_010,SLOT_CB_15,44,50,77,121,20,40
STORE_012,SKU_COLBEV_011,SLOT_CB_16,27,50,83,110,20,40
STORE_012,SKU_COLBEV_012,SLOT_CB_17,29,50,60,89,20,40
STORE_012,SKU_COLBEV_013,SLOT_CB_18,28,50,55,83,20,40
STORE_012,SKU_COLBEV_014,SLOT_CB_19,34,50,47,81,20,40
STORE_012,SKU_HOTBEV_015,SLOT_HB_20,30,50,63,93,20,40
STORE_012,SKU_HOTBEV_016,SLOT_HB_21,29,50,72,101,20,40
STORE_012,SKU_HOTBEV_017,SLOT_HB_22,37,50,66,103,20,40
STORE_012,SKU_HOTBEV_018,SLOT_HB_23,44,50,48,92,20,40
STORE_012,SKU_HOTBEV_019,SLOT_HB_24,43,50,64,107,20,40
STORE_012,SKU_HOTBEV_020,SLOT_HB_25,38,50,51,89,20,40
STORE_012,SKU_HOTBEV_021,SLOT_HB_26,40,50,80,120,20,40
STORE_012,SKU_HOTBEV_022,SLOT_HB_27,42,50,84,126,20,40
STORE_012,SKU_HOTBEV_023,SLOT_HB_28,45,50,99,144,20,40
STORE_012,SKU_HOTBEV_024,SLOT_HB_29,30,50,75,105,20,40
STORE_012,SKU_HOTBEV_025,SLOT_HB_30,30,50,71,101,20,40
STORE_012,SKU_SNA&CHI_026,SLOT_S&C_01,34,50,48,82,20,40
STORE_012,SKU_SNA&CHI_027,SLOT_S&C_02,30,50,60,90,20,40
STORE_012,SKU_SNA&CHI_028,SLOT_S&C_03,39,50,79,118,20,40
STORE_012,SKU_SNA&CHI_029,SLOT_S&C_04,26,50,95,121,20,40
STORE_012,SKU_SNA&CHI_030,SLOT_S&C_05,36,50,100,136,20,40
STORE_012,SKU_SNA&CHI_031,SLOT_S&C_06,25,50,71,96,20,40
STORE_012,SKU_SNA&CHI_032,SLOT_S&C_07,29,50,52,81,20,40
STORE_012,SKU_SNA&CHI_033,SLOT_S&C_08,37,50,75,112,20,40
STORE_012,SKU_SNA&CHI_034,SLOT_S&C_09,41,50,81,122,20,40
STORE_012,SKU_SNA&CHI_035,SLOT_S&C_10,40,50,66,106,20,40
STORE_012,SKU_SNA&CHI_036,SLOT_S&C_11,40,50,66,106,20,40
STORE_012,SKU_SNA&CHI_037,SLOT_S&C_12,39,50,71,110,20,40
STORE_012,SKU_SNA&CHI_038,SLOT_S&C_13,30,50,45,75,20,40
STORE_012,SKU_INSMEA_039,SLOT_IM_14,43,50,41,84,20,40
STORE_012,SKU_INSMEA_040,SLOT_IM_15,32,50,58,90,20,40
STORE_012,SKU_INSMEA_041,SLOT_IM_16,26,50,57,83,20,40
STORE_012,SKU_INSMEA_042,SLOT_IM_17,32,50,74,106,20,40
STORE_012,SKU_INSMEA_043,SLOT_IM_18,34,50,50,84,20,40
STORE_012,SKU_INSMEA_044,SLOT_IM_19,39,50,76,115,20,40
STORE_012,SKU_INSMEA_045,SLOT_IM_20,40,50,75,115,20,40
STORE_012,SKU_INSMEA_046,SLOT_IM_21,41,50,47,88,20,40
STORE_012,SKU_INSMEA_047,SLOT_IM_22,43,50,47,90,20,40
STORE_012,SKU_INSMEA_048,SLOT_IM_23,33,50,89,122,20,40
STORE_012,SKU_INSMEA_049,SLOT_IM_24,42,50,92,134,20,40
STORE_012,SKU_INSMEA_050,SLOT_IM_25,36,50,74,110,20,40
STORE_012,SKU_INSMEA_051,SLOT_IM_26,26,50,88,114,20,40
STORE_012,SKU_INSMEA_052,SLOT_IM_27,39,50,74,113,20,40
STORE_012,SKU_INSMEA_053,SLOT_IM_28,31,50,67,98,20,40
STORE_012,SKU_INSMEA_054,SLOT_IM_29,28,50,87,115,20,40
STORE_012,SKU_GRO_055,SLOT_G_30,45,50,88,133,20,40
STORE_012,SKU_GRO_056,SLOT_G_01,32,50,59,91,20,40
STORE_012,SKU_GRO_057,SLOT_G_02,26,50,68,94,20,40
STORE_012,SKU_GRO_058,SLOT_G_03,33,50,62,95,20,40
STORE_012,SKU_GRO_059,SLOT_G_04,27,50,68,95,20,40
STORE_012,SKU_GRO_060,SLOT_G_05,28,50,89,117,20,40
STORE_012,SKU_GRO_061,SLOT_G_06,32,50,53,85,20,40
STORE_012,SKU_GRO_062,SLOT_G_07,43,50,84,127,20,40
STORE_012,SKU_GRO_063,SLOT_G_08,36,50,95,131,20,40
STORE_012,SKU_GRO_064,SLOT_G_09,44,50,80,124,20,40
STORE_012,SKU_GRO_065,SLOT_G_10,38,50,50,88,20,40
STORE_012,SKU_GRO_066,SLOT_G_11,44,50,48,92,20,40
STORE_012,SKU_GRO_067,SLOT_G_12,31,50,92,123,20,40
STORE_012,SKU_GRO_068,SLOT_G_13,31,50,91,122,20,40
STORE_012,SKU_GRO_069,SLOT_G_14,26,50,76,102,20,40
STORE_012,SKU_GRO_070,SLOT_G_15,36,50,74,110,20,40
STORE_012,SKU_GRO_071,SLOT_G_16,33,50,78,111,20,40
STORE_012,SKU_FRU&VEG_072,SLOT_F&V_17,42,50,50,92,20,40
STORE_012,SKU_FRU&VEG_073,SLOT_F&V_18,35,50,85,120,20,40
STORE_012,SKU_FRU&VEG_074,SLOT_F&V_19,34,50,58,92,20,40
STORE_012,SKU_FRU&VEG_075,SLOT_F&V_20,43,50,57,100,20,40
STORE_012,SKU_FRU&VEG_076,SLOT_F&V_21,41,50,97,138,20,40
STORE_012,SKU_FRU&VEG_077,SLOT_F&V_22,28,50,48,76,20,40
STORE_012,SKU_FRU&VEG_078,SLOT_F&V_23,38,50,98,136,20,40
STORE_012,SKU_FRU&VEG_079,SLOT_F&V_24,26,50,57,83,20,40
STORE_012,SKU_FRU&VEG_080,SLOT_F&V_25,45,50,48,93,20,40
STORE_012,SKU_FRU&VEG_081,SLOT_F&V_26,29,50,55,84,20,40
STORE_012,SKU_FRU&VEG_082,SLOT_F&V_27,29,50,85,114,20,40
STORE_012,SKU_FRU&VEG_083,SLOT_F&V_28,35,50,93,128,20,40
STORE_012,SKU_FRU&VEG_084,SLOT_F&V_29,32,50,88,120,20,40
STORE_012,SKU_FRU&VEG_085,SLOT_F&V_30,37,50,71,108,20,40
STORE_012,SKU_FRU&VEG_086,SLOT_F&V_01,29,50,76,105,20,40
STORE_012,SKU_PERCAR_087,SLOT_PC_02,45,50,57,102,20,40
STORE_012,SKU_PERCAR_088,SLOT_PC_03,45,50,66,111,20,40
STORE_012,SKU_PERCAR_089,SLOT_PC_04,37,50,68,105,20,40
STORE_012,SKU_PERCAR_090,SLOT_PC_05,27,50,80,107,20,40
STORE_012,SKU_PERCAR_091,SLOT_PC_06,27,50,65,92,20,40
STORE_012,SKU_PERCAR_092,SLOT_PC_07,41,50,87,128,20,40
STORE_012,SKU_PERCAR_093,SLOT_PC_08,33,50,84,117,20,40
STORE_012,SKU_PERCAR_094,SLOT_PC_09,36,50,69,105,20,40
STORE_012,SKU_PERCAR_095,SLOT_PC_10,40,50,60,100,20,40
STORE_012,SKU_PERCAR_096,SLOT_PC_11,43,50,40,83,20,40
STORE_012,SKU_PERCAR_097,SLOT_PC_12,27,50,86,113,20,40
STORE_012,SKU_PERCAR_098,SLOT_PC_13,39,50,80,119,20,40
STORE_012,SKU_PERCAR_099,SLOT_PC_14,36,50,94,130,20,40
STORE_012,SKU_PERCAR_100,SLOT_PC_15,27,50,90,117,20,40
STORE_012,SKU_SWE_101,SLOT_S_16,42,50,65,107,20,40
STORE_012,SKU_SWE_102,SLOT_S_17,31,50,67,98,20,40
STORE_012,SKU_SWE_103,SLOT_S_18,31,50,71,102,20,40
STORE_012,SKU_SWE_104,SLOT_S_19,33,50,60,93,20,40
STORE_012,SKU_SWE_105,SLOT_S_20,34,50,61,95,20,40
STORE_012,SKU_SWE_106,SLOT_S_21,42,50,76,118,20,40
STORE_012,SKU_SWE_107,SLOT_S_22,29,50,76,105,20,40
STORE_012,SKU_SWE_108,SLOT_S_23,40,50,90,130,20,40
STORE_012,SKU_SWE_109,SLOT_S_24,35,50,97,132,20,40
STORE_012,SKU_SWE_110,SLOT_S_25,26,50,42,68,20,40
STORE_012,SKU_GENERIC_SWE_116,SLOT_S_26,28,50,80,108,20,40
STORE_012,SKU_GENERIC_COLBEV_117,SLOT_CB_27,39,50,41,80,20,40
STORE_012,SKU_GENERIC_HOTBEV_118,SLOT_HB_28,28,50,99,127,20,40
STORE_012,SKU_GENERIC_SNA&CHI_119,SLOT_S&C_29,30,50,68,98,20,40
STORE_012,SKU_GENERIC_INSMEA_120,SLOT_IM_30,39,50,40,79,20,40
STORE_012,SKU_GENERIC_DAI&BAK_121,SLOT_D&B_01,38,50,52,90,20,40
STORE_012,SKU_GENERIC_GRO_122,SLOT_G_02,29,50,96,125,20,40
STORE_012,SKU_GENERIC_FRU&VEG_123,SLOT_F&V_03,45,50,59,104,20,40
STORE_012,SKU_GENERIC_PERCAR_124,SLOT_PC_04,30,50,95,125,20,40
STORE_012,SKU_GENERIC_SWE_125,SLOT_S_05,33,50,45,78,20,40
STORE_012,SKU_GENERIC_COLBEV_126,SLOT_CB_06,45,50,63,108,20,40
STORE_012,SKU_GENERIC_HOTBEV_127,SLOT_HB_07,33,50,45,78,20,40
STORE_012,SKU_GENERIC_SNA&CHI_128,SLOT_S&C_08,36,50,82,118,20,40
STORE_012,SKU_GENERIC_INSMEA_129,SLOT_IM_09,45,50,50,95,20,40
STORE_012,SKU_GENERIC_DAI&BAK_130,SLOT_D&B_10,26,50,65,91,20,40
STORE_012,SKU_GENERIC_GRO_131,SLOT_G_11,45,50,59,104,20,40
STORE_012,SKU_GENERIC_FRU&VEG_132,SLOT_F&V_12,32,50,67,99,20,40
STORE_012,SKU_GENERIC_PERCAR_133,SLOT_PC_13,45,50,45,90,20,40
STORE_012,SKU_GENERIC_SWE_134,SLOT_S_14,28,50,40,68,20,40
STORE_012,SKU_GENERIC_COLBEV_135,SLOT_CB_15,31,50,70,101,20,40
STORE_012,SKU_GENERIC_HOTBEV_136,SLOT_HB_16,27,50,48,75,20,40
STORE_012,SKU_GENERIC_SNA&CHI_137,SLOT_S&C_17,43,50,54,97,20,40
STORE_012,SKU_GENERIC_INSMEA_138,SLOT_IM_18,41,50,83,124,20,40
STORE_012,SKU_GENERIC_DAI&BAK_139,SLOT_D&B_19,39,50,40,79,20,40
STORE_012,SKU_GENERIC_GRO_140,SLOT_G_20,25,50,84,109,20,40
STORE_012,SKU_GENERIC_FRU&VEG_141,SLOT_F&V_21,35,50,92,127,20,40
STORE_012,SKU_GENERIC_PERCAR_142,SLOT_PC_22,28,50,95,123,20,40
STORE_012,SKU_GENERIC_SWE_143,SLOT_S_23,38,50,84,122,20,40
STORE_012,SKU_GENERIC_COLBEV_144,SLOT_CB_24,29,50,70,99,20,40
STORE_012,SKU_GENERIC_HOTBEV_145,SLOT_HB_25,27,50,54,81,20,40
STORE_012,SKU_GENERIC_SNA&CHI_146,SLOT_S&C_26,37,50,45,82,20,40
STORE_012,SKU_GENERIC_INSMEA_147,SLOT_IM_27,28,50,46,74,20,40
STORE_012,SKU_GENERIC_DAI&BAK_148,SLOT_D&B_28,35,50,63,98,20,40
STORE_012,SKU_GENERIC_GRO_149,SLOT_G_29,34,50,48,82,20,40
STORE_012,SKU_GENERIC_FRU&VEG_150,SLOT_F&V_30,37,50,89,126,20,40
STORE_013,SKU_COLD_DRINK_750ML,SLOT_CB_01,29,50,81,110,20,40
STORE_013,SKU_DIET_HERBAL_TEA_250ML,SLOT_HB_02,29,50,44,73,20,40
STORE_013,SKU_ENERGY_DRINK_250ML,SLOT_CB_03,41,50,76,117,20,40
STORE_013,SKU_KALE_CHIPS_50G,SLOT_S&C_04,25,50,79,104,20,40
STORE_013,SKU_CHIPS_100G,SLOT_S&C_05,45,50,50,95,20,40
STORE_013,SKU_COLBEV_001,SLOT_CB_06,39,50,62,101,20,40
STORE_013,SKU_COLBEV_002,SLOT_CB_07,31,50,80,111,20,40
STORE_013,SKU_COLBEV_003,SLOT_CB_08,29,50,98,127,20,40
STORE_013,SKU_COLBEV_004,SLOT_CB_09,38,50,79,117,20,40
STORE_013,SKU_COLBEV_005,SLOT_CB_10,39,50,95,134,20,40
STORE_013,SKU_COLBEV_006,SLOT_CB_11,31,50,45,76,20,40
STORE_013,SKU_COLBEV_007,SLOT_CB_12,28,50,48,76,20,40
STORE_013,SKU_COLBEV_008,SLOT_CB_13,28,50,77,105,20,40
STORE_013,SKU_COLBEV_009,SLOT_CB_14,37,50,62,99,20,40
STORE_013,SKU_COLBEV_010,SLOT_CB_15,38,50,60,98,20,40
STORE_013,SKU_COLBEV_011,SLOT_CB_16,29,50,55,84,20,40
STORE_013,SKU_COLBEV_012,SLOT_CB_17,33,50,81,114,20,40
STORE_013,SKU_COLBEV_013,SLOT_CB_18,27,50,55,82,20,40
STORE_013,SKU_COLBEV_014,SLOT_CB_19,42,50,78,120,20,40
STORE_013,SKU_HOTBEV_015,SLOT_HB_20,44,50,86,130,20,40
STORE_013,SKU_HOTBEV_016,SLOT_HB_21,44,50,58,102,20,40
STORE_013,SKU_HOTBEV_017,SLOT_HB_22,25,50,94,119,20,40
STORE_013,SKU_HOTBEV_018,SLOT_HB_23,34,50,53,87,20,40
STORE_013,SKU_HOTBEV_019,SLOT_HB_24,41,50,78,119,20,40
STORE_013,SKU_HOTBEV_020,SLOT_HB_25,41,50,52,93,20,40
STORE_013,SKU_HOTBEV_021,SLOT_HB_26,37,50,58,95,20,40
STORE_013,SKU_HOTBEV_022,SLOT_HB_27,45,50,43,88,20,40
STORE_013,SKU_HOTBEV_023,SLOT_HB_28,32,50,71,103,20,40
STORE_013,SKU_HOTBEV_024,SLOT_HB_29,37,50,47,84,20,40
STORE_013,SKU_HOTBEV_025,SLOT_HB_30,32,50,71,103,20,40
STORE_013,SKU_SNA&CHI_026,SLOT_S&C_01,45,50,78,123,20,40
STORE_013,SKU_SNA&CHI_027,SLOT_S&C_02,27,50,73,100,20,40
STORE_013,SKU_SNA&CHI_028,SLOT_S&C_03,25,50,63,88,20,40
STORE_013,SKU_SNA&CHI_029,SLOT_S&C_04,35,50,48,83,20,40
STORE_013,SKU_SNA&CHI_030,SLOT_S&C_05,37,50,95,132,20,40
STORE_013,SKU_SNA&CHI_031,SLOT_S&C_06,43,50,66,109,20,40
STORE_013,SKU_SNA&CHI_032,SLOT_S&C_07,36,50,74,110,20,40
STORE_013,SKU_SNA&CHI_033,SLOT_S&C_08,30,50,88,118,20,40
STORE_013,SKU_SNA&CHI_034,SLOT_S&C_09,40,50,89,129,20,40
STORE_013,SKU_SNA&CHI_035,SLOT_S&C_10,27,50,41,68,20,40
STORE_013,SKU_SNA&CHI_036,SLOT_S&C_11,43,50,44,87,20,40
STORE_013,SKU_SNA&CHI_037,SLOT_S&C_12,25,50,56,81,20,40
STORE_013,SKU_SNA&CHI_038,SLOT_S&C_13,31,50,42,73,20,40
STORE_013,SKU_INSMEA_039,SLOT_IM_14,26,50,100,126,20,40
STORE_013,SKU_INSMEA_040,SLOT_IM_15,37,50,72,109,20,40
STORE_013,SKU_INSMEA_041,SLOT_IM_16,34,50,80,114,20,40
STORE_013,SKU_INSMEA_042,SLOT_IM_17,41,50,89,130,20,40
STORE_013,SKU_INSMEA_043,SLOT_IM_18,38,50,67,105,20,40
STORE_013,SKU_INSMEA_044,SLOT_IM_19,37,50,45,82,20,40
STORE_013,SKU_INSMEA_045,SLOT_IM_20,45,50,74,119,20,40
STORE_013,SKU_INSMEA_046,SLOT_IM_21,42,50,79,121,20,40
STORE_013,SKU_INSMEA_047,SLOT_IM_22,29,50,57,86,20,40
STORE_013,SKU_INSMEA_048,SLOT_IM_23,27,50,59,86,20,40
STORE_013,SKU_INSMEA_049,SLOT_IM_24,27,50,72,99,20,40
STORE_013,SKU_INSMEA_050,SLOT_IM_25,31,50,91,122,20,40
STORE_013,SKU_INSMEA_051,SLOT_IM_26,29,50,74,103,20,40
STORE_013,SKU_INSMEA_052,SLOT_IM_27,35,50,65,100,20,40
STORE_013,SKU_INSMEA_053,SLOT_IM_28,43,50,80,123,20,40
STORE_013,SKU_INSMEA_054,SLOT_IM_29,45,50,83,128,20,40
STORE_013,SKU_GRO_055,SLOT_G_30,45,50,44,89,20,40
STORE_013,SKU_GRO_056,SLOT_G_01,34,50,84,118,20,40
STORE_013,SKU_GRO_057,SLOT_G_02,38,50,86,124,20,40
STORE_013,SKU_GRO_058,SLOT_G_03,32,50,43,75,20,40
STORE_013,SKU_GRO_059,SLOT_G_04,32,50,45,77,20,40
STORE_013,SKU_GRO_060,SLOT_G_05,38,50,47,85,20,40
STORE_013,SKU_GRO_061,SLOT_G_06,39,50,79,118,20,40
STORE_013,SKU_GRO_062,SLOT_G_07,44,50,43,87,20,40
STORE_013,SKU_GRO_063,SLOT_G_08,34,50,82,116,20,40
STORE_013,SKU_GRO_064,SLOT_G_09,30,50,47,77,20,40
STORE_013,SKU_GRO_065,SLOT_G_10,25,50,85,110,20,40
STORE_013,SKU_GRO_066,SLOT_G_11,29,50,84,113,20,40
STORE_013,SKU_GRO_067,SLOT_G_12,25,50,50,75,20,40
STORE_013,SKU_GRO_068,SLOT_G_13,40,50,100,140,20,40
STORE_013,SKU_GRO_069,SLOT_G_14,36,50,73,109,20,40
STORE_013,SKU_GRO_070,SLOT_G_15,41,50,90,131,20,40
STORE_013,SKU_GRO_071,SLOT_G_16,33,50,50,83,20,40
STORE_013,SKU_FRU&VEG_072,SLOT_F&V_17,36,50,48,84,20,40
STORE_013,SKU_FRU&VEG_073,SLOT_F&V_18,33,50,86,119,20,40
STORE_013,SKU_FRU&VEG_074,SLOT_F&V_19,28,50,89,117,20,40
STORE_013,SKU_FRU&VEG_075,SLOT_F&V_20,25,50,61,86,20,40
STORE_013,SKU_FRU&VEG_076,SLOT_F&V_21,38,50,57,95,20,40
STORE_013,SKU_FRU&VEG_077,SLOT_F&V_22,41,50,44,85,20,40
STORE_013,SKU_FRU&VEG_078,SLOT_F&V_23,33,50,85,118,20,40
STORE_013,SKU_FRU&VEG_079,SLOT_F&V_24,43,50,80,123,20,40
STORE_013,SKU_FRU&VEG_080,SLOT_F&V_25,27,50,71,98,20,40
STORE_013,SKU_FRU&VEG_081,SLOT_F&V_26,39,50,72,111,20,40
STORE_013,SKU_FRU&VEG_082,SLOT_F&V_27,36,50,43,79,20,40
STORE_013,SKU_FRU&VEG_083,SLOT_F&V_28,40,50,94,134,20,40
STORE_013,SKU_FRU&VEG_084,SLOT_F&V_29,43,50,50,93,20,40
STORE_013,SKU_FRU&VEG_085,SLOT_F&V_30,36,50,50,86,20,40
STORE_013,SKU_FRU&VEG_086,SLOT_F&V_01,33,50,89,122,20,40
STORE_013,SKU_PERCAR_087,SLOT_PC_02,28,50,97,125,20,40
STORE_013,SKU_PERCAR_088,SLOT_PC_03,43,50,83,126,20,40
STORE_013,SKU_PERCAR_089,SLOT_PC_04,28,50,54,82,20,40
STORE_013,SKU_PERCAR_090,SLOT_PC_05,41,50,40,81,20,40
STORE_013,SKU_PERCAR_091,SLOT_PC_06,26,50,94,120,20,40
STORE_013,SKU_PERCAR_092,SLOT_PC_07,25,50,55,80,20,40
STORE_013,SKU_PERCAR_093,SLOT_PC_08,26,50,70,96,20,40
STORE_013,SKU_PERCAR_094,SLOT_PC_09,36,50,64,100,20,40
STORE_013,SKU_PERCAR_095,SLOT_PC_10,29,50,51,80,20,40
STORE_013,SKU_PERCAR_096,SLOT_PC_11,26,50,75,101,20,40
STORE_013,SKU_PERCAR_097,SLOT_PC_12,45,50,66,111,20,40
STORE_013,SKU_PERCAR_098,SLOT_PC_13,32,50,60,92,20,40
STORE_013,SKU_PERCAR_099,SLOT_PC_14,32,50,66,98,20,40
STORE_013,SKU_PERCAR_100,SLOT_PC_15,35,50,57,92,20,40
STORE_013,SKU_SWE_101,SLOT_S_16,27,50,76,103,20,40
STORE_013,SKU_SWE_102,SLOT_S_17,36,50,47,83,20,40
STORE_013,SKU_SWE_103,SLOT_S_18,41,50,83,124,20,40
STORE_013,SKU_SWE_104,SLOT_S_19,26,50,51,77,20,40
STORE_013,SKU_SWE_105,SLOT_S_20,32,50,91,123,20,40
STORE_013,SKU_SWE_106,SLOT_S_21,41,50,42,83,20,40
STORE_013,SKU_SWE_107,SLOT_S_22,37,50,44,81,20,40
STORE_013,SKU_SWE_108,SLOT_S_23,39,50,95,134,20,40
STORE_013,SKU_SWE_109,SLOT_S_24,34,50,89,123,20,40
STORE_013,SKU_SWE_110,SLOT_S_25,34,50,60,94,20,40
STORE_013,SKU_GENERIC_SWE_116,SLOT_S_26,27,50,75,102,20,40
STORE_013,SKU_GENERIC_COLBEV_117,SLOT_CB_27,39,50,40,79,20,40
STORE_013,SKU_GENERIC_HOTBEV_118,SLOT_HB_28,36,50,52,88,20,40
STORE_013,SKU_GENERIC_SNA&CHI_119,SLOT_S&C_29,34,50,76,110,20,40
STORE_013,SKU_GENERIC_INSMEA_120,SLOT_IM_30,34,50,87,121,20,40
STORE_013,SKU_GENERIC_DAI&BAK_121,SLOT_D&B_01,44,50,55,99,20,40
STORE_013,SKU_GENERIC_GRO_122,SLOT_G_02,39,50,63,102,20,40
STORE_013,SKU_GENERIC_FRU&VEG_123,SLOT_F&V_03,43,50,71,114,20,40
STORE_013,SKU_GENERIC_PERCAR_124,SLOT_PC_04,31,50,86,117,20,40
STORE_013,SKU_GENERIC_SWE_125,SLOT_S_05,42,50,88,130,20,40
STORE_013,SKU_GENERIC_COLBEV_126,SLOT_CB_06,32,50,49,81,20,40
STORE_013,SKU_GENERIC_HOTBEV_127,SLOT_HB_07,25,50,99,124,20,40
STORE_013,SKU_GENERIC_SNA&CHI_128,SLOT_S&C_08,38,50,41,79,20,40
STORE_013,SKU_GENERIC_INSMEA_129,SLOT_IM_09,32,50,74,106,20,40
STORE_013,SKU_GENERIC_DAI&BAK_130,SLOT_D&B_10,36,50,80,116,20,40
STORE_013,SKU_GENERIC_GRO_131,SLOT_G_11,25,50,100,125,20,40
STORE_013,SKU_GENERIC_FRU&VEG_132,SLOT_F&V_12,35,50,40,75,20,40
STORE_013,SKU_GENERIC_PERCAR_133,SLOT_PC_13,37,50,94,131,20,40
STORE_013,SKU_GENERIC_SWE_134,SLOT_S_14,34,50,46,80,20,40
STORE_013,SKU_GENERIC_COLBEV_135,SLOT_CB_15,31,50,73,104,20,40
STORE_013,SKU_GENERIC_HOTBEV_136,SLOT_HB_16,32,50,66,98,20,40
STORE_013,SKU_GENERIC_SNA&CHI_137,SLOT_S&C_17,40,50,43,83,20,40
STORE_013,SKU_GENERIC_INSMEA_138,SLOT_IM_18,29,50,85,114,20,40
STORE_013,SKU_GENERIC_DAI&BAK_139,SLOT_D&B_19,33,50,45,78,20,40
STORE_013,SKU_GENERIC_GRO_140,SLOT_G_20,26,50,98,124,20,40
STORE_013,SKU_GENERIC_FRU&VEG_141,SLOT_F&V_21,32,50,97,129,20,40
STORE_013,SKU_GENERIC_PERCAR_142,SLOT_PC_22,41,50,66,107,20,40
STORE_013,SKU_GENERIC_SWE_143,SLOT_S_23,36,50,69,105,20,40
STORE_013,SKU_GENERIC_COLBEV_144,SLOT_CB_24,27,50,77,104,20,40
STORE_013,SKU_GENERIC_HOTBEV_145,SLOT_HB_25,28,50,72,100,20,40
STORE_013,SKU_GENERIC_SNA&CHI_146,SLOT_S&C_26,29,50,80,109,20,40
STORE_013,SKU_GENERIC_INSMEA_147,SLOT_IM_27,37,50,44,81,20,40
STORE_013,SKU_GENERIC_DAI&BAK_148,SLOT_D&B_28,43,50,76,119,20,40
STORE_013,SKU_GENERIC_GRO_149,SLOT_G_29,26,50,67,93,20,40
STORE_013,SKU_GENERIC_FRU&VEG_150,SLOT_F&V_30,29,50,55,84,20,40
STORE_014,SKU_COLD_DRINK_750ML,SLOT_CB_01,34,50,56,90,20,40
STORE_014,SKU_DIET_HERBAL_TEA_250ML,SLOT_HB_02,35,50,99,134,20,40
STORE_014,SKU_ENERGY_DRINK_250ML,SLOT_CB_03,37,50,84,121,20,40
STORE_014,SKU_KALE_CHIPS_50G,SLOT_S&C_04,35,50,60,95,20,40
STORE_014,SKU_CHIPS_100G,SLOT_S&C_05,39,50,57,96,20,40
STORE_014,SKU_COLBEV_001,SLOT_CB_06,32,50,44,76,20,40
STORE_014,SKU_COLBEV_002,SLOT_CB_07,31,50,48,79,20,40
STORE_014,SKU_COLBEV_003,SLOT_CB_08,43,50,46,89,20,40
STORE_014,SKU_COLBEV_004,SLOT_CB_09,29,50,46,75,20,40
STORE_014,SKU_COLBEV_005,SLOT_CB_10,30,50,68,98,20,40
STORE_014,SKU_COLBEV_006,SLOT_CB_11,39,50,60,99,20,40
STORE_014,SKU_COLBEV_007,SLOT_CB_12,38,50,47,85,20,40
STORE_014,SKU_COLBEV_008,SLOT_CB_13,42,50,62,104,20,40
STORE_014,SKU_COLBEV_009,SLOT_CB_14,31,50,68,99,20,40
STORE_014,SKU_COLBEV_010,SLOT_CB_15,34,50,69,103,20,40
STORE_014,SKU_COLBEV_011,SLOT_CB_16,33,50,94,127,20,40
STORE_014,SKU_COLBEV_012,SLOT_CB_17,28,50,45,73,20,40
STORE_014,SKU_COLBEV_013,SLOT_CB_18,30,50,91,121,20,40
STORE_014,SKU_COLBEV_014,SLOT_CB_19,34,50,92,126,20,40
STORE_014,SKU_HOTBEV_015,SLOT_HB_20,44,50,42,86,20,40
STORE_014,SKU_HOTBEV_016,SLOT_HB_21,31,50,93,124,20,40
STORE_014,SKU_HOTBEV_017,SLOT_HB_22,35,50,49,84,20,40
STORE_014,SKU_HOTBEV_018,SLOT_HB_23,27,50,85,112,20,40
STORE_014,SKU_HOTBEV_019,SLOT_HB_24,32,50,62,94,20,40
STORE_014,SKU_HOTBEV_020,SLOT_HB_25,37,50,72,109,20,40
STORE_014,SKU_HOTBEV_021,SLOT_HB_26,26,50,83,109,20,40
STORE_014,SKU_HOTBEV_022,SLOT_HB_27,34,50,56,90,20,40
STORE_014,SKU_HOTBEV_023,SLOT_HB_28,30,50,41,71,20,40
STORE_014,SKU_HOTBEV_024,SLOT_HB_29,37,50,94,131,20,40
STORE_014,SKU_HOTBEV_025,SLOT_HB_30,39,50,75,114,20,40
STORE_014,SKU_SNA&CHI_026,SLOT_S&C_01,42,50,55,97,20,40
STORE_014,SKU_SNA&CHI_027,SLOT_S&C_02,28,50,69,97,20,40
STORE_014,SKU_SNA&CHI_028,SLOT_S&C_03,28,50,91,119,20,40
STORE_014,SKU_SNA&CHI_029,SLOT_S&C_04,29,50,47,76,20,40
STORE_014,SKU_SNA&CHI_030,SLOT_S&C_05,25,50,43,68,20,40
STORE_014,SKU_SNA&CHI_031,SLOT_S&C_06,32,50,48,80,20,40
STORE_014,SKU_SNA&CHI_032,SLOT_S&C_07,31,50,92,123,20,40
STORE_014,SKU_SNA&CHI_033,SLOT_S&C_08,37,50,63,100,20,40
STORE_014,SKU_SNA&CHI_034,SLOT_S&C_09,45,50,100,145,20,40
STORE_014,SKU_SNA&CHI_035,SLOT_S&C_10,45,50,45,90,20,40
STORE_014,SKU_SNA&CHI_036,SLOT_S&C_11,43,50,77,120,20,40
STORE_014,SKU_SNA&CHI_037,SLOT_S&C_12,33,50,98,131,20,40
STORE_014,SKU_SNA&CHI_038,SLOT_S&C_13,27,50,41,68,20,40
STORE_014,SKU_INSMEA_039,SLOT_IM_14,27,50,52,79,20,40
STORE_014,SKU_INSMEA_040,SLOT_IM_15,45,50,68,113,20,40
STORE_014,SKU_INSMEA_041,SLOT_IM_16,29,50,45,74,20,40
STORE_014,SKU_INSMEA_042,SLOT_IM_17,35,50,47,82,20,40
STORE_014,SKU_INSMEA_043,SLOT_IM_18,26,50,100,126,20,40
STORE_014,SKU_INSMEA_044,SLOT_IM_19,39,50,43,82,20,40
STORE_014,SKU_INSMEA_045,SLOT_IM_20,30,50,99,129,20,40
STORE_014,SKU_INSMEA_046,SLOT_IM_21,43,50,67,110,20,40
STORE_014,SKU_INSMEA_047,SLOT_IM_22,37,50,71,108,20,40
STORE_014,SKU_INSMEA_048,SLOT_IM_23,25,50,64,89,20,40
STORE_014,SKU_INSMEA_049,SLOT_IM_24,38,50,51,89,20,40
STORE_014,SKU_INSMEA_050,SLOT_IM_25,36,50,53,89,20,40
STORE_014,SKU_INSMEA_051,SLOT_IM_26,30,50,57,87,20,40
STORE_014,SKU_INSMEA_052,SLOT_IM_27,33,50,68,101,20,40
STORE_014,SKU_INSMEA_053,SLOT_IM_28,29,50,42,71,20,40
STORE_014,SKU_INSMEA_054,SLOT_IM_29,44,50,79,123,20,40
STORE_014,SKU_GRO_055,SLOT_G_30,44,50,55,99,20,40
STORE_014,SKU_GRO_056,SLOT_G_01,45,50,58,103,20,40
STORE_014,SKU_GRO_057,SLOT_G_02,40,50,66,106,20,40
STORE_014,SKU_GRO_058,SLOT_G_03,42,50,70,112,20,40
STORE_014,SKU_GRO_059,SLOT_G_04,26,50,45,71,20,40
STORE_014,SKU_GRO_060,SLOT_G_05,33,50,64,97,20,40
STORE_014,SKU_GRO_061,SLOT_G_06,29,50,66,95,20,40
STORE_014,SKU_GRO_062,SLOT_G_07,31,50,81,112,20,40
STORE_014,SKU_GRO_063,SLOT_G_08,41,50,55,96,20,40
STORE_014,SKU_GRO_064,SLOT_G_09,45,50,91,136,20,40
STORE_014,SKU_GRO_065,SLOT_G_10,42,50,90,132,20,40
STORE_014,SKU_GRO_066,SLOT_G_11,25,50,64,89,20,40
STORE_014,SKU_GRO_067,SLOT_G_12,36,50,70,106,20,40
STORE_014,SKU_GRO_068,SLOT_G_13,42,50,90,132,20,40
STORE_014,SKU_GRO_069,SLOT_G_14,40,50,62,102,20,40
STORE_014,SKU_GRO_070,SLOT_G_15,43,50,72,115,20,40
STORE_014,SKU_GRO_071,SLOT_G_16,35,50,64,99,20,40
STORE_014,SKU_FRU&VEG_072,SLOT_F&V_17,33,50,51,84,20,40
STORE_014,SKU_FRU&VEG_073,SLOT_F&V_18,25,50,60,85,20,40
STORE_014,SKU_FRU&VEG_074,SLOT_F&V_19,44,50,54,98,20,40
STORE_014,SKU_FRU&VEG_075,SLOT_F&V_20,25,50,97,122,20,40
STORE_014,SKU_FRU&VEG_076,SLOT_F&V_21,33,50,43,76,20,40
STORE_014,SKU_FRU&VEG_077,SLOT_F&V_22,40,50,73,113,20,40
STORE_014,SKU_FRU&VEG_078,SLOT_F&V_23,36,50,89,125,20,40
STORE_014,SKU_FRU&VEG_079,SLOT_F&V_24,43,50,54,97,20,40
STORE_014,SKU_FRU&VEG_080,SLOT_F&V_25,30,50,46,76,20,40
STORE_014,SKU_FRU&VEG_081,SLOT_F&V_26,32,50,82,114,20,40
STORE_014,SKU_FRU&VEG_082,SLOT_F&V_27,32,50,57,89,20,40
STORE_014,SKU_FRU&VEG_083,SLOT_F&V_28,42,50,92,134,20,40
STORE_014,SKU_FRU&VEG_084,SLOT_F&V_29,26,50,88,114,20,40
STORE_014,SKU_FRU&VEG_085,SLOT_F&V_30,32,50,76,108,20,40
STORE_014,SKU_FRU&VEG_086,SLOT_F&V_01,37,50,62,99,20,40
STORE_014,SKU_PERCAR_087,SLOT_PC_02,30,50,51,81,20,40
STORE_014,SKU_PERCAR_088,SLOT_PC_03,32,50,77,109,20,40
STORE_014,SKU_PERCAR_089,SLOT_PC_04,35,50,91,126,20,40
STORE_014,SKU_PERCAR_090,SLOT_PC_05,36,50,98,134,20,40
STORE_014,SKU_PERCAR_091,SLOT_PC_06,43,50,41,84,20,40
STORE_014,SKU_PERCAR_092,SLOT_PC_07,36,50,100,136,20,40
STORE_014,SKU_PERCAR_093,SLOT_PC_08,43,50,76,119,20,40
STORE_014,SKU_PERCAR_094,SLOT_PC_09,29,50,76,105,20,40
STORE_014,SKU_PERCAR_095,SLOT_PC_10,31,50,93,124,20,40
STORE_014,SKU_PERCAR_096,SLOT_PC_11,40,50,74,114,20,40
STORE_014,SKU_PERCAR_097,SLOT_PC_12,34,50,51,85,20,40
STORE_014,SKU_PERCAR_098,SLOT_PC_13,40,50,42,82,20,40
STORE_014,SKU_PERCAR_099,SLOT_PC_14,27,50,43,70,20,40
STORE_014,SKU_PERCAR_100,SLOT_PC_15,32,50,78,110,20,40
STORE_014,SKU_SWE_101,SLOT_S_16,32,50,41,73,20,40
STORE_014,SKU_SWE_102,SLOT_S_17,41,50,70,111,20,40
STORE_014,SKU_SWE_103,SLOT_S_18,25,50,61,86,20,40
STORE_014,SKU_SWE_104,SLOT_S_19,44,50,52,96,20,40
STORE_014,SKU_SWE_105,SLOT_S_20,29,50,61,90,20,40
STORE_014,SKU_SWE_106,SLOT_S_21,30,50,98,128,20,40
STORE_014,SKU_SWE_107,SLOT_S_22,35,50,43,78,20,40
STORE_014,SKU_SWE_108,SLOT_S_23,25,50,49,74,20,40
STORE_014,SKU_SWE_109,SLOT_S_24,43,50,85,128,20,40
STORE_014,SKU_SWE_110,SLOT_S_25,29,50,89,118,20,40
STORE_014,SKU_GENERIC_SWE_116,SLOT_S_26,28,50,94,122,20,40
STORE_014,SKU_GENERIC_COLBEV_117,SLOT_CB_27,41,50,95,136,20,40
STORE_014,SKU_GENERIC_HOTBEV_118,SLOT_HB_28,36,50,44,80,20,40
STORE_014,SKU_GENERIC_SNA&CHI_119,SLOT_S&C_29,36,50,85,121,20,40
STORE_014,SKU_GENERIC_INSMEA_120,SLOT_IM_30,37,50,77,114,20,40
STORE_014,SKU_GENERIC_DAI&BAK_121,SLOT_D&B_01,28,50,61,89,20,40
STORE_014,SKU_GENERIC_GRO_122,SLOT_G_02,34,50,60,94,20,40
STORE_014,SKU_GENERIC_FRU&VEG_123,SLOT_F&V_03,29,50,50,79,20,40
STORE_014,SKU_GENERIC_PERCAR_124,SLOT_PC_04,38,50,90,128,20,40
STORE_014,SKU_GENERIC_SWE_125,SLOT_S_05,45,50,71,116,20,40
STORE_014,SKU_GENERIC_COLBEV_126,SLOT_CB_06,45,50,60,105,20,40
STORE_014,SKU_GENERIC_HOTBEV_127,SLOT_HB_07,30,50,85,115,20,40
STORE_014,SKU_GENERIC_SNA&CHI_128,SLOT_S&C_08,42,50,84,126,20,40
STORE_014,SKU_GENERIC_INSMEA_129,SLOT_IM_09,44,50,90,134,20,40
STORE_014,SKU_GENERIC_DAI&BAK_130,SLOT_D&B_10,36,50,54,90,20,40
STORE_014,SKU_GENERIC_GRO_131,SLOT_G_11,43,50,92,135,20,40
STORE_014,SKU_GENERIC_FRU&VEG_132,SLOT_F&V_12,30,50,64,94,20,40
STORE_014,SKU_GENERIC_PERCAR_133,SLOT_PC_13,34,50,86,120,20,40
STORE_014,SKU_GENERIC_SWE_134,SLOT_S_14,34,50,48,82,20,40
STORE_014,SKU_GENERIC_COLBEV_135,SLOT_CB_15,30,50,86,116,20,40
STORE_014,SKU_GENERIC_HOTBEV_136,SLOT_HB_16,25,50,100,125,20,40
STORE_014,SKU_GENERIC_SNA&CHI_137,SLOT_S&C_17,43,50,65,108,20,40
STORE_014,SKU_GENERIC_INSMEA_138,SLOT_IM_18,43,50,42,85,20,40
STORE_014,SKU_GENERIC_DAI&BAK_139,SLOT_D&B_19,30,50,78,108,20,40
STORE_014,SKU_GENERIC_GRO_140,SLOT_G_20,35,50,98,133,20,40
STORE_014,SKU_GENERIC_FRU&VEG_141,SLOT_F&V_21,44,50,54,98,20,40
STORE_014,SKU_GENERIC_PERCAR_142,SLOT_PC_22,45,50,76,121,20,40
STORE_014,SKU_GENERIC_SWE_143,SLOT_S_23,28,50,99,127,20,40
STORE_014,SKU_GENERIC_COLBEV_144,SLOT_CB_24,40,50,49,89,20,40
STORE_014,SKU_GENERIC_HOTBEV_145,SLOT_HB_25,35,50,87,122,20,40
STORE_014,SKU_GENERIC_SNA&CHI_146,SLOT_S&C_26,27,50,55,82,20,40
STORE_014,SKU_GENERIC_INSMEA_147,SLOT_IM_27,36,50,60,96,20,40
STORE_014,SKU_GENERIC_DAI&BAK_148,SLOT_D&B_28,30,50,80,110,20,40
STORE_014,SKU_GENERIC_GRO_149,SLOT_G_29,27,50,92,119,20,40
STORE_014,SKU_GENERIC_FRU&VEG_150,SLOT_F&V_30,45,50,86,131,20,40
STORE_015,SKU_COLD_DRINK_750ML,SLOT_CB_01,35,50,68,103,20,40
STORE_015,SKU_DIET_HERBAL_TEA_250ML,SLOT_HB_02,25,50,56,81,20,40
STORE_015,SKU_ENERGY_DRINK_250ML,SLOT_CB_03,31,50,55,86,20,40
STORE_015,SKU_KALE_CHIPS_50G,SLOT_S&C_04,27,50,62,89,20,40
STORE_015,SKU_CHIPS_100G,SLOT_S&C_05,33,50,90,123,20,40
STORE_015,SKU_COLBEV_001,SLOT_CB_06,28,50,86,114,20,40
STORE_015,SKU_COLBEV_002,SLOT_CB_07,25,50,43,68,20,40
STORE_015,SKU_COLBEV_003,SLOT_CB_08,37,50,68,105,20,40
STORE_015,SKU_COLBEV_004,SLOT_CB_09,38,50,50,88,20,40
STORE_015,SKU_COLBEV_005,SLOT_CB_10,38,50,71,109,20,40
STORE_015,SKU_COLBEV_006,SLOT_CB_11,37,50,62,99,20,40
STORE_015,SKU_COLBEV_007,SLOT_CB_12,42,50,64,106,20,40
STORE_015,SKU_COLBEV_008,SLOT_CB_13,28,50,93,121,20,40
STORE_015,SKU_COLBEV_009,SLOT_CB_14,40,50,90,130,20,40
STORE_015,SKU_COLBEV_010,SLOT_CB_15,43,50,81,124,20,40
STORE_015,SKU_COLBEV_011,SLOT_CB_16,32,50,50,82,20,40
STORE_015,SKU_COLBEV_012,SLOT_CB_17,39,50,44,83,20,40
STORE_015,SKU_COLBEV_013,SLOT_CB_18,26,50,58,84,20,40
STORE_015,SKU_COLBEV_014,SLOT_CB_19,25,50,60,85,20,40
STORE_015,SKU_HOTBEV_015,SLOT_HB_20,33,50,100,133,20,40
STORE_015,SKU_HOTBEV_016,SLOT_HB_21,28,50,44,72,20,40
STORE_015,SKU_HOTBEV_017,SLOT_HB_22,35,50,50,85,20,40
STORE_015,SKU_HOTBEV_018,SLOT_HB_23,37,50,50,87,20,40
STORE_015,SKU_HOTBEV_019,SLOT_HB_24,27,50,75,102,20,40
STORE_015,SKU_HOTBEV_020,SLOT_HB_25,27,50,61,88,20,40
STORE_015,SKU_HOTBEV_021,SLOT_HB_26,44,50,79,123,20,40
STORE_015,SKU_HOTBEV_022,SLOT_HB_27,40,50,85,125,20,40
STORE_015,SKU_HOTBEV_023,SLOT_HB_28,25,50,67,92,20,40
STORE_015,SKU_HOTBEV_024,SLOT_HB_29,45,50,50,95,20,40
STORE_015,SKU_HOTBEV_025,SLOT_HB_30,44,50,96,140,20,40
STORE_015,SKU_SNA&CHI_026,SLOT_S&C_01,38,50,50,88,20,40
STORE_015,SKU_SNA&CHI_027,SLOT_S&C_02,26,50,46,72,20,40
STORE_015,SKU_SNA&CHI_028,SLOT_S&C_03,35,50,53,88,20,40
STORE_015,SKU_SNA&CHI_029,SLOT_S&C_04,31,50,66,97,20,40
STORE_015,SKU_SNA&CHI_030,SLOT_S&C_05,42,50,86,128,20,40
STORE_015,SKU_SNA&CHI_031,SLOT_S&C_06,42,50,56,98,20,40
STORE_015,SKU_SNA&CHI_032,SLOT_S&C_07,34,50,59,93,20,40
STORE_015,SKU_SNA&CHI_033,SLOT_S&C_08,32,50,46,78,20,40
STORE_015,SKU_SNA&CHI_034,SLOT_S&C_09,26,50,65,91,20,40
STORE_015,SKU_SNA&CHI_035,SLOT_S&C_10,43,50,75,118,20,40
STORE_015,SKU_SNA&CHI_036,SLOT_S&C_11,40,50,49,89,20,40
STORE_015,SKU_SNA&CHI_037,SLOT_S&C_12,26,50,63,89,20,40
STORE_015,SKU_SNA&CHI_038,SLOT_S&C_13,25,50,67,92,20,40
STORE_015,SKU_INSMEA_039,SLOT_IM_14,27,50,58,85,20,40
STORE_015,SKU_INSMEA_040,SLOT_IM_15,45,50,78,123,20,40
STORE_015,SKU_INSMEA_041,SLOT_IM_16,40,50,52,92,20,40
STORE_015,SKU_INSMEA_042,SLOT_IM_17,28,50,41,69,20,40
STORE_015,SKU_INSMEA_043,SLOT_IM_18,31,50,50,81,20,40
STORE_015,SKU_INSMEA_044,SLOT_IM_19,45,50,58,103,20,40
STORE_015,SKU_INSMEA_045,SLOT_IM_20,27,50,70,97,20,40
STORE_015,SKU_INSMEA_046,SLOT_IM_21,28,50,59,87,20,40
STORE_015,SKU_INSMEA_047,SLOT_IM_22,37,50,70,107,20,40
STORE_015,SKU_INSMEA_048,SLOT_IM_23,40,50,97,137,20,40
STORE_015,SKU_INSMEA_049,SLOT_IM_24,33,50,45,78,20,40
STORE_015,SKU_INSMEA_050,SLOT_IM_25,45,50,74,119,20,40
STORE_015,SKU_INSMEA_051,SLOT_IM_26,37,50,51,88,20,40
STORE_015,SKU_INSMEA_052,SLOT_IM_27,36,50,96,132,20,40
STORE_015,SKU_INSMEA_053,SLOT_IM_28,37,50,63,100,20,40
STORE_015,SKU_INSMEA_054,SLOT_IM_29,30,50,68,98,20,40
STORE_015,SKU_GRO_055,SLOT_G_30,26,50,56,82,20,40
STORE_015,SKU_GRO_056,SLOT_G_01,39,50,69,108,20,40
STORE_015,SKU_GRO_057,SLOT_G_02,33,50,54,87,20,40
STORE_015,SKU_GRO_058,SLOT_G_03,33,50,76,109,20,40
STORE_015,SKU_GRO_059,SLOT_G_04,26,50,49,75,20,40
STORE_015,SKU_GRO_060,SLOT_G_05,28,50,45,73,20,40
STORE_015,SKU_GRO_061,SLOT_G_06,36,50,91,127,20,40
STORE_015,SKU_GRO_062,SLOT_G_07,42,50,66,108,20,40
STORE_015,SKU_GRO_063,SLOT_G_08,43,50,54,97,20,40
STORE_015,SKU_GRO_064,SLOT_G_09,42,50,43,85,20,40
STORE_015,SKU_GRO_065,SLOT_G_10,37,50,92,129,20,40
STORE_015,SKU_GRO_066,SLOT_G_11,41,50,66,107,20,40
STORE_015,SKU_GRO_067,SLOT_G_12,42,50,83,125,20,40
STORE_015,SKU_GRO_068,SLOT_G_13,40,50,76,116,20,40
STORE_015,SKU_GRO_069,SLOT_G_14,32,50,70,102,20,40
STORE_015,SKU_GRO_070,SLOT_G_15,34,50,45,79,20,40
STORE_015,SKU_GRO_071,SLOT_G_16,37,50,97,134,20,40
STORE_015,SKU_FRU&VEG_072,SLOT_F&V_17,26,50,72,98,20,40
STORE_015,SKU_FRU&VEG_073,SLOT_F&V_18,43,50,97,140,20,40
STORE_015,SKU_FRU&VEG_074,SLOT_F&V_19,41,50,91,132,20,40
STORE_015,SKU_FRU&VEG_075,SLOT_F&V_20,43,50,83,126,20,40
STORE_015,SKU_FRU&VEG_076,SLOT_F&V_21,44,50,49,93,20,40
STORE_015,SKU_FRU&VEG_077,SLOT_F&V_22,28,50,100,128,20,40
STORE_015,SKU_FRU&VEG_078,SLOT_F&V_23,39,50,51,90,20,40
STORE_015,SKU_FRU&VEG_079,SLOT_F&V_24,30,50,53,83,20,40
STORE_015,SKU_FRU&VEG_080,SLOT_F&V_25,31,50,48,79,20,40
STORE_015,SKU_FRU&VEG_081,SLOT_F&V_26,26,50,67,93,20,40
STORE_015,SKU_FRU&VEG_082,SLOT_F&V_27,27,50,83,110,20,40
STORE_015,SKU_FRU&VEG_083,SLOT_F&V_28,38,50,52,90,20,40
STORE_015,SKU_FRU&VEG_084,SLOT_F&V_29,45,50,49,94,20,40
STORE_015,SKU_FRU&VEG_085,SLOT_F&V_30,44,50,56,100,20,40
STORE_015,SKU_FRU&VEG_086,SLOT_F&V_01,35,50,98,133,20,40
STORE_015,SKU_PERCAR_087,SLOT_PC_02,27,50,45,72,20,40
STORE_015,SKU_PERCAR_088,SLOT_PC_03,37,50,75,112,20,40
STORE_015,SKU_PERCAR_089,SLOT_PC_04,37,50,75,112,20,40
STORE_015,SKU_PERCAR_090,SLOT_PC_05,35,50,94,129,20,40
STORE_015,SKU_PERCAR_091,SLOT_PC_06,33,50,73,106,20,40
STORE_015,SKU_PERCAR_092,SLOT_PC_07,39,50,98,137,20,40
STORE_015,SKU_PERCAR_093,SLOT_PC_08,25,50,90,115,20,40
STORE_015,SKU_PERCAR_094,SLOT_PC_09,44,50,77,121,20,40
STORE_015,SKU_PERCAR_095,SLOT_PC_10,41,50,90,131,20,40
STORE_015,SKU_PERCAR_096,SLOT_PC_11,38,50,47,85,20,40
STORE_015,SKU_PERCAR_097,SLOT_PC_12,38,50,49,87,20,40
STORE_015,SKU_PERCAR_098,SLOT_PC_13,29,50,76,105,20,40
STORE_015,SKU_PERCAR_099,SLOT_PC_14,43,50,77,120,20,40
STORE_015,SKU_PERCAR_100,SLOT_PC_15,28,50,99,127,20,40
STORE_015,SKU_SWE_101,SLOT_S_16,28,50,76,104,20,40
STORE_015,SKU_SWE_102,SLOT_S_17,28,50,90,118,20,40
STORE_015,SKU_SWE_103,SLOT_S_18,34,50,95,129,20,40
STORE_015,SKU_SWE_104,SLOT_S_19,42,50,96,138,20,40
STORE_015,SKU_SWE_105,SLOT_S_20,36,50,96,132,20,40
STORE_015,SKU_SWE_106,SLOT_S_21,38,50,56,94,20,40
STORE_015,SKU_SWE_107,SLOT_S_22,37,50,81,118,20,40
STORE_015,SKU_SWE_108,SLOT_S_23,40,50,76,116,20,40
STORE_015,SKU_SWE_109,SLOT_S_24,44,50,70,114,20,40
STORE_015,SKU_SWE_110,SLOT_S_25,26,50,51,77,20,40
STORE_015,SKU_GENERIC_SWE_116,SLOT_S_26,33,50,65,98,20,40
STORE_015,SKU_GENERIC_COLBEV_117,SLOT_CB_27,29,50,79,108,20,40
STORE_015,SKU_GENERIC_HOTBEV_118,SLOT_HB_28,44,50,83,127,20,40
STORE_015,SKU_GENERIC_SNA&CHI_119,SLOT_S&C_29,37,50,42,79,20,40
STORE_015,SKU_GENERIC_INSMEA_120,SLOT_IM_30,37,50,96,133,20,40
STORE_015,SKU_GENERIC_DAI&BAK_121,SLOT_D&B_01,35,50,84,119,20,40
STORE_015,SKU_GENERIC_GRO_122,SLOT_G_02,32,50,43,75,20,40
STORE_015,SKU_GENERIC_FRU&VEG_123,SLOT_F&V_03,40,50,98,138,20,40
STORE_015,SKU_GENERIC_PERCAR_124,SLOT_PC_04,33,50,97,130,20,40
STORE_015,SKU_GENERIC_SWE_125,SLOT_S_05,36,50,41,77,20,40
STORE_015,SKU_GENERIC_COLBEV_126,SLOT_CB_06,35,50,92,127,20,40
STORE_015,SKU_GENERIC_HOTBEV_127,SLOT_HB_07,34,50,59,93,20,40
STORE_015,SKU_GENERIC_SNA&CHI_128,SLOT_S&C_08,33,50,93,126,20,40
STORE_015,SKU_GENERIC_INSMEA_129,SLOT_IM_09,40,50,94,134,20,40
STORE_015,SKU_GENERIC_DAI&BAK_130,SLOT_D&B_10,28,50,95,123,20,40
STORE_015,SKU_GENERIC_GRO_131,SLOT_G_11,32,50,48,80,20,40
STORE_015,SKU_GENERIC_FRU&VEG_132,SLOT_F&V_12,34,50,87,121,20,40
STORE_015,SKU_GENERIC_PERCAR_133,SLOT_PC_13,39,50,89,128,20,40
STORE_015,SKU_GENERIC_SWE_134,SLOT_S_14,35,50,57,92,20,40
STORE_015,SKU_GENERIC_COLBEV_135,SLOT_CB_15,38,50,78,116,20,40
STORE_015,SKU_GENERIC_HOTBEV_136,SLOT_HB_16,45,50,45,90,20,40
STORE_015,SKU_GENERIC_SNA&CHI_137,SLOT_S&C_17,31,50,68,99,20,40
STORE_015,SKU_GENERIC_INSMEA_138,SLOT_IM_18,31,50,98,129,20,40
STORE_015,SKU_GENERIC_DAI&BAK_139,SLOT_D&B_19,38,50,87,125,20,40
STORE_015,SKU_GENERIC_GRO_140,SLOT_G_20,40,50,88,128,20,40
STORE_015,SKU_GENERIC_FRU&VEG_141,SLOT_F&V_21,41,50,95,136,20,40
STORE_015,SKU_GENERIC_PERCAR_142,SLOT_PC_22,36,50,92,128,20,40
STORE_015,SKU_GENERIC_SWE_143,SLOT_S_23,26,50,72,98,20,40
STORE_015,SKU_GENERIC_COLBEV_144,SLOT_CB_24,30,50,44,74,20,40
STORE_015,SKU_GENERIC_HOTBEV_145,SLOT_HB_25,34,50,85,119,20,40
STORE_015,SKU_GENERIC_SNA&CHI_146,SLOT_S&C_26,41,50,65,106,20,40
STORE_015,SKU_GENERIC_INSMEA_147,SLOT_IM_27,29,50,89,118,20,40
STORE_015,SKU_GENERIC_DAI&BAK_148,SLOT_D&B_28,41,50,96,137,20,40
STORE_015,SKU_GENERIC_GRO_149,SLOT_G_29,43,50,41,84,20,40
STORE_015,SKU_GENERIC_FRU&VEG_150,SLOT_F&V_30,30,50,52,82,20,40
STORE_016,SKU_COLD_DRINK_750ML,SLOT_CB_01,31,50,93,124,20,40
STORE_016,SKU_DIET_HERBAL_TEA_250ML,SLOT_HB_02,26,50,55,81,20,40
STORE_016,SKU_ENERGY_DRINK_250ML,SLOT_CB_03,26,50,69,95,20,40
STORE_016,SKU_KALE_CHIPS_50G,SLOT_S&C_04,26,50,98,124,20,40
STORE_016,SKU_CHIPS_100G,SLOT_S&C_05,36,50,85,121,20,40
STORE_016,SKU_COLBEV_001,SLOT_CB_06,31,50,57,88,20,40
STORE_016,SKU_COLBEV_002,SLOT_CB_07,36,50,92,128,20,40
STORE_016,SKU_COLBEV_003,SLOT_CB_08,39,50,72,111,20,40
STORE_016,SKU_COLBEV_004,SLOT_CB_09,37,50,80,117,20,40
STORE_016,SKU_COLBEV_005,SLOT_CB_10,28,50,83,111,20,40
STORE_016,SKU_COLBEV_006,SLOT_CB_11,25,50,55,80,20,40
STORE_016,SKU_COLBEV_007,SLOT_CB_12,36,50,71,107,20,40
STORE_016,SKU_COLBEV_008,SLOT_CB_13,44,50,68,112,20,40
STORE_016,SKU_COLBEV_009,SLOT_CB_14,30,50,95,125,20,40
STORE_016,SKU_COLBEV_010,SLOT_CB_15,40,50,77,117,20,40
STORE_016,SKU_COLBEV_011,SLOT_CB_16,42,50,62,104,20,40
STORE_016,SKU_COLBEV_012,SLOT_CB_17,36,50,50,86,20,40
STORE_016,SKU_COLBEV_013,SLOT_CB_18,33,50,87,120,20,40
STORE_016,SKU_COLBEV_014,SLOT_CB_19,27,50,58,85,20,40
STORE_016,SKU_HOTBEV_015,SLOT_HB_20,25,50,64,89,20,40
STORE_016,SKU_HOTBEV_016,SLOT_HB_21,26,50,50,76,20,40
STORE_016,SKU_HOTBEV_017,SLOT_HB_22,43,50,89,132,20,40
STORE_016,SKU_HOTBEV_018,SLOT_HB_23,31,50,94,125,20,40
STORE_016,SKU_HOTBEV_019,SLOT_HB_24,32,50,81,113,20,40
STORE_016,SKU_HOTBEV_020,SLOT_HB_25,32,50,83,115,20,40
STORE_016,SKU_HOTBEV_021,SLOT_HB_26,31,50,57,88,20,40
STORE_016,SKU_HOTBEV_022,SLOT_HB_27,45,50,66,111,20,40
STORE_016,SKU_HOTBEV_023,SLOT_HB_28,41,50,41,82,20,40
STORE_016,SKU_HOTBEV_024,SLOT_HB_29,25,50,70,95,20,40
STORE_016,SKU_HOTBEV_025,SLOT_HB_30,29,50,81,110,20,40
STORE_016,SKU_SNA&CHI_026,SLOT_S&C_01,30,50,78,108,20,40
STORE_016,SKU_SNA&CHI_027,SLOT_S&C_02,25,50,54,79,20,40
STORE_016,SKU_SNA&CHI_028,SLOT_S&C_03,33,50,78,111,20,40
STORE_016,SKU_SNA&CHI_029,SLOT_S&C_04,34,50,85,119,20,40
STORE_016,SKU_SNA&CHI_030,SLOT_S&C_05,45,50,57,102,20,40
STORE_016,SKU_SNA&CHI_031,SLOT_S&C_06,38,50,97,135,20,40
STORE_016,SKU_SNA&CHI_032,SLOT_S&C_07,37,50,94,131,20,40
STORE_016,SKU_SNA&CHI_033,SLOT_S&C_08,36,50,69,105,20,40
STORE_016,SKU_SNA&CHI_034,SLOT_S&C_09,33,50,53,86,20,40
STORE_016,SKU_SNA&CHI_035,SLOT_S&C_10,39,50,59,98,20,40
STORE_016,SKU_SNA&CHI_036,SLOT_S&C_11,41,50,92,133,20,40
STORE_016,SKU_SNA&CHI_037,SLOT_S&C_12,44,50,65,109,20,40
STORE_016,SKU_SNA&CHI_038,SLOT_S&C_13,43,50,46,89,20,40
STORE_016,SKU_INSMEA_039,SLOT_IM_14,25,50,72,97,20,40
STORE_016,SKU_INSMEA_040,SLOT_IM_15,36,50,75,111,20,40
STORE_016,SKU_INSMEA_041,SLOT_IM_16,45,50,78,123,20,40
STORE_016,SKU_INSMEA_042,SLOT_IM_17,44,50,58,102,20,40
STORE_016,SKU_INSMEA_043,SLOT_IM_18,34,50,83,117,20,40
STORE_016,SKU_INSMEA_044,SLOT_IM_19,28,50,70,98,20,40
STORE_016,SKU_INSMEA_045,SLOT_IM_20,27,50,61,88,20,40
STORE_016,SKU_INSMEA_046,SLOT_IM_21,33,50,80,113,20,40
STORE_016,SKU_INSMEA_047,SLOT_IM_22,35,50,95,130,20,40
STORE_016,SKU_INSMEA_048,SLOT_IM_23,33,50,56,89,20,40
STORE_016,SKU_INSMEA_049,SLOT_IM_24,45,50,85,130,20,40
STORE_016,SKU_INSMEA_050,SLOT_IM_25,45,50,59,104,20,40
STORE_016,SKU_INSMEA_051,SLOT_IM_26,31,50,49,80,20,40
STORE_016,SKU_INSMEA_052,SLOT_IM_27,41,50,88,129,20,40
STORE_016,SKU_INSMEA_053,SLOT_IM_28,32,50,97,129,20,40
STORE_016,SKU_INSMEA_054,SLOT_IM_29,26,50,91,117,20,40
STORE_016,SKU_GRO_055,SLOT_G_30,44,50,65,109,20,40
STORE_016,SKU_GRO_056,SLOT_G_01,35,50,83,118,20,40
STORE_016,SKU_GRO_057,SLOT_G_02,29,50,86,115,20,40
STORE_016,SKU_GRO_058,SLOT_G_03,25,50,81,106,20,40
STORE_016,SKU_GRO_059,SLOT_G_04,40,50,58,98,20,40
STORE_016,SKU_GRO_060,SLOT_G_05,33,50,98,131,20,40
STORE_016,SKU_GRO_061,SLOT_G_06,38,50,65,103,20,40
STORE_016,SKU_GRO_062,SLOT_G_07,37,50,87,124,20,40
STORE_016,SKU_GRO_063,SLOT_G_08,26,50,77,103,20,40
STORE_016,SKU_GRO_064,SLOT_G_09,43,50,92,135,20,40
STORE_016,SKU_GRO_065,SLOT_G_10,31,50,61,92,20,40
STORE_016,SKU_GRO_066,SLOT_G_11,32,50,83,115,20,40
STORE_016,SKU_GRO_067,SLOT_G_12,42,50,80,122,20,40
STORE_016,SKU_GRO_068,SLOT_G_13,40,50,98,138,20,40
STORE_016,SKU_GRO_069,SLOT_G_14,36,50,72,108,20,40
STORE_016,SKU_GRO_070,SLOT_G_15,34,50,94,128,20,40
STORE_016,SKU_GRO_071,SLOT_G_16,30,50,93,123,20,40
STORE_016,SKU_FRU&VEG_072,SLOT_F&V_17,42,50,51,93,20,40
STORE_016,SKU_FRU&VEG_073,SLOT_F&V_18,34,50,46,80,20,40
STORE_016,SKU_FRU&VEG_074,SLOT_F&V_19,40,50,48,88,20,40
STORE_016,SKU_FRU&VEG_075,SLOT_F&V_20,33,50,86,119,20,40
STORE_016,SKU_FRU&VEG_076,SLOT_F&V_21,42,50,88,130,20,40
STORE_016,SKU_FRU&VEG_077,SLOT_F&V_22,30,50,100,130,20,40
STORE_016,SKU_FRU&VEG_078,SLOT_F&V_23,35,50,81,116,20,40
STORE_016,SKU_FRU&VEG_079,SLOT_F&V_24,27,50,54,81,20,40
STORE_016,SKU_FRU&VEG_080,SLOT_F&V_25,36,50,54,90,20,40
STORE_016,SKU_FRU&VEG_081,SLOT_F&V_26,34,50,66,100,20,40
STORE_016,SKU_FRU&VEG_082,SLOT_F&V_27,35,50,63,98,20,40
STORE_016,SKU_FRU&VEG_083,SLOT_F&V_28,33,50,77,110,20,40
STORE_016,SKU_FRU&VEG_084,SLOT_F&V_29,34,50,69,103,20,40
STORE_016,SKU_FRU&VEG_085,SLOT_F&V_30,28,50,70,98,20,40
STORE_016,SKU_FRU&VEG_086,SLOT_F&V_01,26,50,95,121,20,40
STORE_016,SKU_PERCAR_087,SLOT_PC_02,45,50,77,122,20,40
STORE_016,SKU_PERCAR_088,SLOT_PC_03,43,50,100,143,20,40
STORE_016,SKU_PERCAR_089,SLOT_PC_04,44,50,44,88,20,40
STORE_016,SKU_PERCAR_090,SLOT_PC_05,40,50,96,136,20,40
STORE_016,SKU_PERCAR_091,SLOT_PC_06,31,50,72,103,20,40
STORE_016,SKU_PERCAR_092,SLOT_PC_07,28,50,95,123,20,40
STORE_016,SKU_PERCAR_093,SLOT_PC_08,37,50,73,110,20,40
STORE_016,SKU_PERCAR_094,SLOT_PC_09,34,50,66,100,20,40
STORE_016,SKU_PERCAR_095,SLOT_PC_10,26,50,95,121,20,40
STORE_016,SKU_PERCAR_096,SLOT_PC_11,29,50,48,77,20,40
STORE_016,SKU_PERCAR_097,SLOT_PC_12,31,50,61,92,20,40
STORE_016,SKU_PERCAR_098,SLOT_PC_13,38,50,76,114,20,40
STORE_016,SKU_PERCAR_099,SLOT_PC_14,39,50,49,88,20,40
STORE_016,SKU_PERCAR_100,SLOT_PC_15,35,50,95,130,20,40
STORE_016,SKU_SWE_101,SLOT_S_16,30,50,89,119,20,40
STORE_016,SKU_SWE_102,SLOT_S_17,27,50,71,98,20,40
STORE_016,SKU_SWE_103,SLOT_S_18,35,50,80,115,20,40
STORE_016,SKU_SWE_104,SLOT_S_19,30,50,60,90,20,40
STORE_016,SKU_SWE_105,SLOT_S_20,45,50,43,88,20,40
STORE_016,SKU_SWE_106,SLOT_S_21,25,50,68,93,20,40
STORE_016,SKU_SWE_107,SLOT_S_22,33,50,53,86,20,40
STORE_016,SKU_SWE_108,SLOT_S_23,30,50,76,106,20,40
STORE_016,SKU_SWE_109,SLOT_S_24,30,50,71,101,20,40
STORE_016,SKU_SWE_110,SLOT_S_25,27,50,48,75,20,40
STORE_016,SKU_GENERIC_SWE_116,SLOT_S_26,44,50,67,111,20,40
STORE_016,SKU_GENERIC_COLBEV_117,SLOT_CB_27,45,50,67,112,20,40
STORE_016,SKU_GENERIC_HOTBEV_118,SLOT_HB_28,37,50,67,104,20,40
STORE_016,SKU_GENERIC_SNA&CHI_119,SLOT_S&C_29,40,50,64,104,20,40
STORE_016,SKU_GENERIC_INSMEA_120,SLOT_IM_30,25,50,42,67,20,40
STORE_016,SKU_GENERIC_DAI&BAK_121,SLOT_D&B_01,42,50,52,94,20,40
STORE_016,SKU_GENERIC_GRO_122,SLOT_G_02,36,50,100,136,20,40
STORE_016,SKU_GENERIC_FRU&VEG_123,SLOT_F&V_03,25,50,97,122,20,40
STORE_016,SKU_GENERIC_PERCAR_124,SLOT_PC_04,35,50,88,123,20,40
STORE_016,SKU_GENERIC_SWE_125,SLOT_S_05,41,50,52,93,20,40
STORE_016,SKU_GENERIC_COLBEV_126,SLOT_CB_06,25,50,83,108,20,40
STORE_016,SKU_GENERIC_HOTBEV_127,SLOT_HB_07,25,50,80,105,20,40
STORE_016,SKU_GENERIC_SNA&CHI_128,SLOT_S&C_08,32,50,54,86,20,40
STORE_016,SKU_GENERIC_INSMEA_129,SLOT_IM_09,36,50,59,95,20,40
STORE_016,SKU_GENERIC_DAI&BAK_130,SLOT_D&B_10,29,50,46,75,20,40
STORE_016,SKU_GENERIC_GRO_131,SLOT_G_11,37,50,72,109,20,40
STORE_016,SKU_GENERIC_FRU&VEG_132,SLOT_F&V_12,43,50,59,102,20,40
STORE_016,SKU_GENERIC_PERCAR_133,SLOT_PC_13,30,50,44,74,20,40
STORE_016,SKU_GENERIC_SWE_134,SLOT_S_14,26,50,59,85,20,40
STORE_016,SKU_GENERIC_COLBEV_135,SLOT_CB_15,34,50,69,103,20,40
STORE_016,SKU_GENERIC_HOTBEV_136,SLOT_HB_16,41,50,78,119,20,40
STORE_016,SKU_GENERIC_SNA&CHI_137,SLOT_S&C_17,41,50,61,102,20,40
STORE_016,SKU_GENERIC_INSMEA_138,SLOT_IM_18,38,50,96,134,20,40
STORE_016,SKU_GENERIC_DAI&BAK_139,SLOT_D&B_19,29,50,61,90,20,40
STORE_016,SKU_GENERIC_GRO_140,SLOT_G_20,40,50,62,102,20,40
STORE_016,SKU_GENERIC_FRU&VEG_141,SLOT_F&V_21,31,50,50,81,20,40
STORE_016,SKU_GENERIC_PERCAR_142,SLOT_PC_22,37,50,41,78,20,40
STORE_016,SKU_GENERIC_SWE_143,SLOT_S_23,32,50,54,86,20,40
STORE_016,SKU_GENERIC_COLBEV_144,SLOT_CB_24,29,50,53,82,20,40
STORE_016,SKU_GENERIC_HOTBEV_145,SLOT_HB_25,25,50,77,102,20,40
STORE_016,SKU_GENERIC_SNA&CHI_146,SLOT_S&C_26,41,50,50,91,20,40
STORE_016,SKU_GENERIC_INSMEA_147,SLOT_IM_27,28,50,63,91,20,40
STORE_016,SKU_GENERIC_DAI&BAK_148,SLOT_D&B_28,45,50,90,135,20,40
STORE_016,SKU_GENERIC_GRO_149,SLOT_G_29,26,50,64,90,20,40
STORE_016,SKU_GENERIC_FRU&VEG_150,SLOT_F&V_30,45,50,56,101,20,40
STORE_017,SKU_COLD_DRINK_750ML,SLOT_CB_01,42,50,79,121,20,40
STORE_017,SKU_DIET_HERBAL_TEA_250ML,SLOT_HB_02,26,50,78,104,20,40
STORE_017,SKU_ENERGY_DRINK_250ML,SLOT_CB_03,26,50,82,108,20,40
STORE_017,SKU_KALE_CHIPS_50G,SLOT_S&C_04,28,50,81,109,20,40
STORE_017,SKU_CHIPS_100G,SLOT_S&C_05,25,50,43,68,20,40
STORE_017,SKU_COLBEV_001,SLOT_CB_06,28,50,66,94,20,40
STORE_017,SKU_COLBEV_002,SLOT_CB_07,39,50,64,103,20,40
STORE_017,SKU_COLBEV_003,SLOT_CB_08,28,50,75,103,20,40
STORE_017,SKU_COLBEV_004,SLOT_CB_09,33,50,70,103,20,40
STORE_017,SKU_COLBEV_005,SLOT_CB_10,29,50,53,82,20,40
STORE_017,SKU_COLBEV_006,SLOT_CB_11,45,50,40,85,20,40
STORE_017,SKU_COLBEV_007,SLOT_CB_12,34,50,66,100,20,40
STORE_017,SKU_COLBEV_008,SLOT_CB_13,28,50,82,110,20,40
STORE_017,SKU_COLBEV_009,SLOT_CB_14,41,50,57,98,20,40
STORE_017,SKU_COLBEV_010,SLOT_CB_15,44,50,78,122,20,40
STORE_017,SKU_COLBEV_011,SLOT_CB_16,29,50,66,95,20,40
STORE_017,SKU_COLBEV_012,SLOT_CB_17,28,50,72,100,20,40
STORE_017,SKU_COLBEV_013,SLOT_CB_18,44,50,47,91,20,40
STORE_017,SKU_COLBEV_014,SLOT_CB_19,34,50,47,81,20,40
STORE_017,SKU_HOTBEV_015,SLOT_HB_20,28,50,71,99,20,40
STORE_017,SKU_HOTBEV_016,SLOT_HB_21,31,50,78,109,20,40
STORE_017,SKU_HOTBEV_017,SLOT_HB_22,31,50,89,120,20,40
STORE_017,SKU_HOTBEV_018,SLOT_HB_23,33,50,93,126,20,40
STORE_017,SKU_HOTBEV_019,SLOT_HB_24,41,50,52,93,20,40
STORE_017,SKU_HOTBEV_020,SLOT_HB_25,36,50,85,121,20,40
STORE_017,SKU_HOTBEV_021,SLOT_HB_26,38,50,58,96,20,40
STORE_017,SKU_HOTBEV_022,SLOT_HB_27,30,50,42,72,20,40
STORE_017,SKU_HOTBEV_023,SLOT_HB_28,42,50,71,113,20,40
STORE_017,SKU_HOTBEV_024,SLOT_HB_29,31,50,84,115,20,40
STORE_017,SKU_HOTBEV_025,SLOT_HB_30,40,50,61,101,20,40
STORE_017,SKU_SNA&CHI_026,SLOT_S&C_01,32,50,40,72,20,40
STORE_017,SKU_SNA&CHI_027,SLOT_S&C_02,25,50,82,107,20,40
STORE_017,SKU_SNA&CHI_028,SLOT_S&C_03,27,50,98,125,20,40
STORE_017,SKU_SNA&CHI_029,SLOT_S&C_04,28,50,93,121,20,40
STORE_017,SKU_SNA&CHI_030,SLOT_S&C_05,43,50,82,125,20,40
STORE_017,SKU_SNA&CHI_031,SLOT_S&C_06,40,50,49,89,20,40
STORE_017,SKU_SNA&CHI_032,SLOT_S&C_07,27,50,89,116,20,40
STORE_017,SKU_SNA&CHI_033,SLOT_S&C_08,41,50,44,85,20,40
STORE_017,SKU_SNA&CHI_034,SLOT_S&C_09,28,50,97,125,20,40
STORE_017,SKU_SNA&CHI_035,SLOT_S&C_10,33,50,81,114,20,40
STORE_017,SKU_SNA&CHI_036,SLOT_S&C_11,32,50,69,101,20,40
STORE_017,SKU_SNA&CHI_037,SLOT_S&C_12,34,50,56,90,20,40
STORE_017,SKU_SNA&CHI_038,SLOT_S&C_13,39,50,43,82,20,40
STORE_017,SKU_INSMEA_039,SLOT_IM_14,28,50,92,120,20,40
STORE_017,SKU_INSMEA_040,SLOT_IM_15,30,50,95,125,20,40
STORE_017,SKU_INSMEA_041,SLOT_IM_16,26,50,94,120,20,40
STORE_017,SKU_INSMEA_042,SLOT_IM_17,34,50,63,97,20,40
STORE_017,SKU_INSMEA_043,SLOT_IM_18,35,50,67,102,20,40
STORE_017,SKU_INSMEA_044,SLOT_IM_19,28,50,46,74,20,40
STORE_017,SKU_INSMEA_045,SLOT_IM_20,26,50,40,66,20,40
STORE_017,SKU_INSMEA_046,SLOT_IM_21,29,50,82,111,20,40
STORE_017,SKU_INSMEA_047,SLOT_IM_22,45,50,50,95,20,40
STORE_017,SKU_INSMEA_048,SLOT_IM_23,35,50,62,97,20,40
STORE_017,SKU_INSMEA_049,SLOT_IM_24,39,50,79,118,20,40
STORE_017,SKU_INSMEA_050,SLOT_IM_25,33,50,96,129,20,40
STORE_017,SKU_INSMEA_051,SLOT_IM_26,27,50,63,90,20,40
STORE_017,SKU_INSMEA_052,SLOT_IM_27,35,50,51,86,20,40
STORE_017,SKU_INSMEA_053,SLOT_IM_28,28,50,65,93,20,40
STORE_017,SKU_INSMEA_054,SLOT_IM_29,37,50,69,106,20,40
STORE_017,SKU_GRO_055,SLOT_G_30,33,50,93,126,20,40
STORE_017,SKU_GRO_056,SLOT_G_01,37,50,84,121,20,40
STORE_017,SKU_GRO_057,SLOT_G_02,40,50,91,131,20,40
STORE_017,SKU_GRO_058,SLOT_G_03,38,50,81,119,20,40
STORE_017,SKU_GRO_059,SLOT_G_04,30,50,47,77,20,40
STORE_017,SKU_GRO_060,SLOT_G_05,29,50,84,113,20,40
STORE_017,SKU_GRO_061,SLOT_G_06,26,50,100,126,20,40
STORE_017,SKU_GRO_062,SLOT_G_07,30,50,46,76,20,40
STORE_017,SKU_GRO_063,SLOT_G_08,38,50,98,136,20,40
STORE_017,SKU_GRO_064,SLOT_G_09,43,50,70,113,20,40
STORE_017,SKU_GRO_065,SLOT_G_10,43,50,83,126,20,40
STORE_017,SKU_GRO_066,SLOT_G_11,39,50,51,90,20,40
STORE_017,SKU_GRO_067,SLOT_G_12,44,50,64,108,20,40
STORE_017,SKU_GRO_068,SLOT_G_13,36,50,79,115,20,40
STORE_017,SKU_GRO_069,SLOT_G_14,25,50,95,120,20,40
STORE_017,SKU_GRO_070,SLOT_G_15,29,50,70,99,20,40
STORE_017,SKU_GRO_071,SLOT_G_16,40,50,47,87,20,40
STORE_017,SKU_FRU&VEG_072,SLOT_F&V_17,38,50,68,106,20,40
STORE_017,SKU_FRU&VEG_073,SLOT_F&V_18,26,50,44,70,20,40
STORE_017,SKU_FRU&VEG_074,SLOT_F&V_19,33,50,81,114,20,40
STORE_017,SKU_FRU&VEG_075,SLOT_F&V_20,35,50,40,75,20,40
STORE_017,SKU_FRU&VEG_076,SLOT_F&V_21,41,50,89,130,20,40
STORE_017,SKU_FRU&VEG_077,SLOT_F&V_22,43,50,86,129,20,40
STORE_017,SKU_FRU&VEG_078,SLOT_F&V_23,43,50,54,97,20,40
STORE_017,SKU_FRU&VEG_079,SLOT_F&V_24,35,50,73,108,20,40
STORE_017,SKU_FRU&VEG_080,SLOT_F&V_25,41,50,84,125,20,40
STORE_017,SKU_FRU&VEG_081,SLOT_F&V_26,44,50,46,90,20,40
STORE_017,SKU_FRU&VEG_082,SLOT_F&V_27,38,50,82,120,20,40
STORE_017,SKU_FRU&VEG_083,SLOT_F&V_28,32,50,70,102,20,40
STORE_017,SKU_FRU&VEG_084,SLOT_F&V_29,36,50,82,118,20,40
STORE_017,SKU_FRU&VEG_085,SLOT_F&V_30,45,50,64,109,20,40
STORE_017,SKU_FRU&VEG_086,SLOT_F&V_01,29,50,93,122,20,40
STORE_017,SKU_PERCAR_087,SLOT_PC_02,42,50,97,139,20,40
STORE_017,SKU_PERCAR_088,SLOT_PC_03,44,50,43,87,20,40
STORE_017,SKU_PERCAR_089,SLOT_PC_04,25,50,81,106,20,40
STORE_017,SKU_PERCAR_090,SLOT_PC_05,30,50,72,102,20,40
STORE_017,SKU_PERCAR_091,SLOT_PC_06,40,50,94,134,20,40
STORE_017,SKU_PERCAR_092,SLOT_PC_07,40,50,95,135,20,40
STORE_017,SKU_PERCAR_093,SLOT_PC_08,30,50,44,74,20,40
STORE_017,SKU_PERCAR_094,SLOT_PC_09,40,50,60,100,20,40
STORE_017,SKU_PERCAR_095,SLOT_PC_10,32,50,61,93,20,40
STORE_017,SKU_PERCAR_096,SLOT_PC_11,33,50,43,76,20,40
STORE_017,SKU_PERCAR_097,SLOT_PC_12,41,50,54,95,20,40
STORE_017,SKU_PERCAR_098,SLOT_PC_13,42,50,81,123,20,40
STORE_017,SKU_PERCAR_099,SLOT_PC_14,37,50,65,102,20,40
STORE_017,SKU_PERCAR_100,SLOT_PC_15,32,50,45,77,20,40
STORE_017,SKU_SWE_101,SLOT_S_16,39,50,68,107,20,40
STORE_017,SKU_SWE_102,SLOT_S_17,43,50,68,111,20,40
STORE_017,SKU_SWE_103,SLOT_S_18,27,50,94,121,20,40
STORE_017,SKU_SWE_104,SLOT_S_19,40,50,68,108,20,40
STORE_017,SKU_SWE_105,SLOT_S_20,35,50,47,82,20,40
STORE_017,SKU_SWE_106,SLOT_S_21,40,50,87,127,20,40
STORE_017,SKU_SWE_107,SLOT_S_22,45,50,41,86,20,40
STORE_017,SKU_SWE_108,SLOT_S_23,28,50,65,93,20,40
STORE_017,SKU_SWE_109,SLOT_S_24,38,50,42,80,20,40
STORE_017,SKU_SWE_110,SLOT_S_25,42,50,75,117,20,40
STORE_017,SKU_GENERIC_SWE_116,SLOT_S_26,25,50,92,117,20,40
STORE_017,SKU_GENERIC_COLBEV_117,SLOT_CB_27,27,50,90,117,20,40
STORE_017,SKU_GENERIC_HOTBEV_118,SLOT_HB_28,44,50,79,123,20,40
STORE_017,SKU_GENERIC_SNA&CHI_119,SLOT_S&C_29,45,50,59,104,20,40
STORE_017,SKU_GENERIC_INSMEA_120,SLOT_IM_30,41,50,75,116,20,40
STORE_017,SKU_GENERIC_DAI&BAK_121,SLOT_D&B_01,31,50,81,112,20,40
STORE_017,SKU_GENERIC_GRO_122,SLOT_G_02,39,50,100,139,20,40
STORE_017,SKU_GENERIC_FRU&VEG_123,SLOT_F&V_03,35,50,63,98,20,40
STORE_017,SKU_GENERIC_PERCAR_124,SLOT_PC_04,26,50,92,118,20,40
STORE_017,SKU_GENERIC_SWE_125,SLOT_S_05,32,50,94,126,20,40
STORE_017,SKU_GENERIC_COLBEV_126,SLOT_CB_06,39,50,61,100,20,40
STORE_017,SKU_GENERIC_HOTBEV_127,SLOT_HB_07,42,50,89,131,20,40
STORE_017,SKU_GENERIC_SNA&CHI_128,SLOT_S&C_08,44,50,78,122,20,40
STORE_017,SKU_GENERIC_INSMEA_129,SLOT_IM_09,40,50,85,125,20,40
STORE_017,SKU_GENERIC_DAI&BAK_130,SLOT_D&B_10,36,50,85,121,20,40
STORE_017,SKU_GENERIC_GRO_131,SLOT_G_11,39,50,47,86,20,40
STORE_017,SKU_GENERIC_FRU&VEG_132,SLOT_F&V_12,28,50,88,116,20,40
STORE_017,SKU_GENERIC_PERCAR_133,SLOT_PC_13,32,50,40,72,20,40
STORE_017,SKU_GENERIC_SWE_134,SLOT_S_14,35,50,62,97,20,40
STORE_017,SKU_GENERIC_COLBEV_135,SLOT_CB_15,45,50,91,136,20,40
STORE_017,SKU_GENERIC_HOTBEV_136,SLOT_HB_16,34,50,75,109,20,40
STORE_017,SKU_GENERIC_SNA&CHI_137,SLOT_S&C_17,41,50,63,104,20,40
STORE_017,SKU_GENERIC_INSMEA_138,SLOT_IM_18,28,50,42,70,20,40
STORE_017,SKU_GENERIC_DAI&BAK_139,SLOT_D&B_19,30,50,71,101,20,40
STORE_017,SKU_GENERIC_GRO_140,SLOT_G_20,29,50,92,121,20,40
STORE_017,SKU_GENERIC_FRU&VEG_141,SLOT_F&V_21,38,50,46,84,20,40
STORE_017,SKU_GENERIC_PERCAR_142,SLOT_PC_22,33,50,79,112,20,40
STORE_017,SKU_GENERIC_SWE_143,SLOT_S_23,31,50,52,83,20,40
STORE_017,SKU_GENERIC_COLBEV_144,SLOT_CB_24,28,50,99,127,20,40
STORE_017,SKU_GENERIC_HOTBEV_145,SLOT_HB_25,37,50,53,90,20,40
STORE_017,SKU_GENERIC_SNA&CHI_146,SLOT_S&C_26,39,50,92,131,20,40
STORE_017,SKU_GENERIC_INSMEA_147,SLOT_IM_27,31,50,85,116,20,40
STORE_017,SKU_GENERIC_DAI&BAK_148,SLOT_D&B_28,35,50,46,81,20,40
STORE_017,SKU_GENERIC_GRO_149,SLOT_G_29,38,50,42,80,20,40
STORE_017,SKU_GENERIC_FRU&VEG_150,SLOT_F&V_30,45,50,93,138,20,40
STORE_018,SKU_COLD_DRINK_750ML,SLOT_CB_01,43,50,47,90,20,40
STORE_018,SKU_DIET_HERBAL_TEA_250ML,SLOT_HB_02,39,50,69,108,20,40
STORE_018,SKU_ENERGY_DRINK_250ML,SLOT_CB_03,43,50,72,115,20,40
STORE_018,SKU_KALE_CHIPS_50G,SLOT_S&C_04,29,50,71,100,20,40
STORE_018,SKU_CHIPS_100G,SLOT_S&C_05,25,50,73,98,20,40
STORE_018,SKU_COLBEV_001,SLOT_CB_06,26,50,75,101,20,40
STORE_018,SKU_COLBEV_002,SLOT_CB_07,38,50,93,131,20,40
STORE_018,SKU_COLBEV_003,SLOT_CB_08,43,50,70,113,20,40
STORE_018,SKU_COLBEV_004,SLOT_CB_09,41,50,89,130,20,40
STORE_018,SKU_COLBEV_005,SLOT_CB_10,30,50,84,114,20,40
STORE_018,SKU_COLBEV_006,SLOT_CB_11,43,50,51,94,20,40
STORE_018,SKU_COLBEV_007,SLOT_CB_12,29,50,46,75,20,40
STORE_018,SKU_COLBEV_008,SLOT_CB_13,37,50,82,119,20,40
STORE_018,SKU_COLBEV_009,SLOT_CB_14,44,50,78,122,20,40
STORE_018,SKU_COLBEV_010,SLOT_CB_15,35,50,72,107,20,40
STORE_018,SKU_COLBEV_011,SLOT_CB_16,37,50,66,103,20,40
STORE_018,SKU_COLBEV_012,SLOT_CB_17,44,50,98,142,20,40
STORE_018,SKU_COLBEV_013,SLOT_CB_18,32,50,57,89,20,40
STORE_018,SKU_COLBEV_014,SLOT_CB_19,37,50,61,98,20,40
STORE_018,SKU_HOTBEV_015,SLOT_HB_20,34,50,68,102,20,40
STORE_018,SKU_HOTBEV_016,SLOT_HB_21,29,50,48,77,20,40
STORE_018,SKU_HOTBEV_017,SLOT_HB_22,38,50,78,116,20,40
STORE_018,SKU_HOTBEV_018,SLOT_HB_23,41,50,59,100,20,40
STORE_018,SKU_HOTBEV_019,SLOT_HB_24,42,50,95,137,20,40
STORE_018,SKU_HOTBEV_020,SLOT_HB_25,35,50,85,120,20,40
STORE_018,SKU_HOTBEV_021,SLOT_HB_26,42,50,80,122,20,40
STORE_018,SKU_HOTBEV_022,SLOT_HB_27,31,50,52,83,20,40
STORE_018,SKU_HOTBEV_023,SLOT_HB_28,31,50,79,110,20,40
STORE_018,SKU_HOTBEV_024,SLOT_HB_29,34,50,83,117,20,40
STORE_018,SKU_HOTBEV_025,SLOT_HB_30,36,50,98,134,20,40
STORE_018,SKU_SNA&CHI_026,SLOT_S&C_01,29,50,85,114,20,40
STORE_018,SKU_SNA&CHI_027,SLOT_S&C_02,45,50,51,96,20,40
STORE_018,SKU_SNA&CHI_028,SLOT_S&C_03,41,50,74,115,20,40
STORE_018,SKU_SNA&CHI_029,SLOT_S&C_04,45,50,60,105,20,40
STORE_018,SKU_SNA&CHI_030,SLOT_S&C_05,28,50,88,116,20,40
STORE_018,SKU_SNA&CHI_031,SLOT_S&C_06,36,50,75,111,20,40
STORE_018,SKU_SNA&CHI_032,SLOT_S&C_07,40,50,77,117,20,40
STORE_018,SKU_SNA&CHI_033,SLOT_S&C_08,43,50,100,143,20,40
STORE_018,SKU_SNA&CHI_034,SLOT_S&C_09,38,50,83,121,20,40
STORE_018,SKU_SNA&CHI_035,SLOT_S&C_10,42,50,58,100,20,40
STORE_018,SKU_SNA&CHI_036,SLOT_S&C_11,38,50,91,129,20,40
STORE_018,SKU_SNA&CHI_037,SLOT_S&C_12,25,50,73,98,20,40
STORE_018,SKU_SNA&CHI_038,SLOT_S&C_13,28,50,41,69,20,40
STORE_018,SKU_INSMEA_039,SLOT_IM_14,37,50,49,86,20,40
STORE_018,SKU_INSMEA_040,SLOT_IM_15,26,50,82,108,20,40
STORE_018,SKU_INSMEA_041,SLOT_IM_16,26,50,52,78,20,40
STORE_018,SKU_INSMEA_042,SLOT_IM_17,33,50,88,121,20,40
STORE_018,SKU_INSMEA_043,SLOT_IM_18,30,50,58,88,20,40
STORE_018,SKU_INSMEA_044,SLOT_IM_19,33,50,49,82,20,40
STORE_018,SKU_INSMEA_045,SLOT_IM_20,26,50,84,110,20,40
STORE_018,SKU_INSMEA_046,SLOT_IM_21,34,50,53,87,20,40
STORE_018,SKU_INSMEA_047,SLOT_IM_22,42,50,42,84,20,40
STORE_018,SKU_INSMEA_048,SLOT_IM_23,36,50,92,128,20,40
STORE_018,SKU_INSMEA_049,SLOT_IM_24,39,50,46,85,20,40
STORE_018,SKU_INSMEA_050,SLOT_IM_25,44,50,95,139,20,40
STORE_018,SKU_INSMEA_051,SLOT_IM_26,42,50,95,137,20,40
STORE_018,SKU_INSMEA_052,SLOT_IM_27,32,50,87,119,20,40
STORE_018,SKU_INSMEA_053,SLOT_IM_28,45,50,75,120,20,40
STORE_018,SKU_INSMEA_054,SLOT_IM_29,37,50,55,92,20,40
STORE_018,SKU_GRO_055,SLOT_G_30,41,50,90,131,20,40
STORE_018,SKU_GRO_056,SLOT_G_01,34,50,84,118,20,40
STORE_018,SKU_GRO_057,SLOT_G_02,26,50,99,125,20,40
STORE_018,SKU_GRO_058,SLOT_G_03,37,50,64,101,20,40
STORE_018,SKU_GRO_059,SLOT_G_04,38,50,90,128,20,40
STORE_018,SKU_GRO_060,SLOT_G_05,35,50,75,110,20,40
STORE_018,SKU_GRO_061,SLOT_G_06,26,50,40,66,20,40
STORE_018,SKU_GRO_062,SLOT_G_07,33,50,52,85,20,40
STORE_018,SKU_GRO_063,SLOT_G_08,44,50,95,139,20,40
STORE_018,SKU_GRO_064,SLOT_G_09,39,50,93,132,20,40
STORE_018,SKU_GRO_065,SLOT_G_10,32,50,98,130,20,40
STORE_018,SKU_GRO_066,SLOT_G_11,45,50,85,130,20,40
STORE_018,SKU_GRO_067,SLOT_G_12,45,50,63,108,20,40
STORE_018,SKU_GRO_068,SLOT_G_13,43,50,74,117,20,40
STORE_018,SKU_GRO_069,SLOT_G_14,44,50,52,96,20,40
STORE_018,SKU_GRO_070,SLOT_G_15,31,50,58,89,20,40
STORE_018,SKU_GRO_071,SLOT_G_16,39,50,51,90,20,40
STORE_018,SKU_FRU&VEG_072,SLOT_F&V_17,27,50,51,78,20,40
STORE_018,SKU_FRU&VEG_073,SLOT_F&V_18,30,50,87,117,20,40
STORE_018,SKU_FRU&VEG_074,SLOT_F&V_19,41,50,47,88,20,40
STORE_018,SKU_FRU&VEG_075,SLOT_F&V_20,37,50,42,79,20,40
STORE_018,SKU_FRU&VEG_076,SLOT_F&V_21,38,50,57,95,20,40
STORE_018,SKU_FRU&VEG_077,SLOT_F&V_22,42,50,56,98,20,40
STORE_018,SKU_FRU&VEG_078,SLOT_F&V_23,29,50,50,79,20,40
STORE_018,SKU_FRU&VEG_079,SLOT_F&V_24,43,50,94,137,20,40
STORE_018,SKU_FRU&VEG_080,SLOT_F&V_25,33,50,40,73,20,40
STORE_018,SKU_FRU&VEG_081,SLOT_F&V_26,35,50,69,104,20,40
STORE_018,SKU_FRU&VEG_082,SLOT_F&V_27,29,50,42,71,20,40
STORE_018,SKU_FRU&VEG_083,SLOT_F&V_28,29,50,99,128,20,40
STORE_018,SKU_FRU&VEG_084,SLOT_F&V_29,35,50,78,113,20,40
STORE_018,SKU_FRU&VEG_085,SLOT_F&V_30,26,50,89,115,20,40
STORE_018,SKU_FRU&VEG_086,SLOT_F&V_01,45,50,79,124,20,40
STORE_018,SKU_PERCAR_087,SLOT_PC_02,34,50,71,105,20,40
STORE_018,SKU_PERCAR_088,SLOT_PC_03,43,50,75,118,20,40
STORE_018,SKU_PERCAR_089,SLOT_PC_04,36,50,44,80,20,40
STORE_018,SKU_PERCAR_090,SLOT_PC_05,35,50,73,108,20,40
STORE_018,SKU_PERCAR_091,SLOT_PC_06,32,50,51,83,20,40
STORE_018,SKU_PERCAR_092,SLOT_PC_07,41,50,44,85,20,40
STORE_018,SKU_PERCAR_093,SLOT_PC_08,41,50,50,91,20,40
STORE_018,SKU_PERCAR_094,SLOT_PC_09,38,50,74,112,20,40
STORE_018,SKU_PERCAR_095,SLOT_PC_10,42,50,65,107,20,40
STORE_018,SKU_PERCAR_096,SLOT_PC_11,27,50,62,89,20,40
STORE_018,SKU_PERCAR_097,SLOT_PC_12,32,50,96,128,20,40
STORE_018,SKU_PERCAR_098,SLOT_PC_13,31,50,82,113,20,40
STORE_018,SKU_PERCAR_099,SLOT_PC_14,35,50,61,96,20,40
STORE_018,SKU_PERCAR_100,SLOT_PC_15,36,50,58,94,20,40
STORE_018,SKU_SWE_101,SLOT_S_16,31,50,100,131,20,40
STORE_018,SKU_SWE_102,SLOT_S_17,44,50,73,117,20,40
STORE_018,SKU_SWE_103,SLOT_S_18,40,50,75,115,20,40
STORE_018,SKU_SWE_104,SLOT_S_19,45,50,40,85,20,40
STORE_018,SKU_SWE_105,SLOT_S_20,28,50,82,110,20,40
STORE_018,SKU_SWE_106,SLOT_S_21,36,50,68,104,20,40
STORE_018,SKU_SWE_107,SLOT_S_22,32,50,97,129,20,40
STORE_018,SKU_SWE_108,SLOT_S_23,45,50,79,124,20,40
STORE_018,SKU_SWE_109,SLOT_S_24,44,50,55,99,20,40
STORE_018,SKU_SWE_110,SLOT_S_25,26,50,83,109,20,40
STORE_018,SKU_GENERIC_SWE_116,SLOT_S_26,35,50,64,99,20,40
STORE_018,SKU_GENERIC_COLBEV_117,SLOT_CB_27,28,50,64,92,20,40
STORE_018,SKU_GENERIC_HOTBEV_118,SLOT_HB_28,33,50,74,107,20,40
STORE_018,SKU_GENERIC_SNA&CHI_119,SLOT_S&C_29,34,50,41,75,20,40
STORE_018,SKU_GENERIC_INSMEA_120,SLOT_IM_30,41,50,92,133,20,40
STORE_018,SKU_GENERIC_DAI&BAK_121,SLOT_D&B_01,36,50,72,108,20,40
STORE_018,SKU_GENERIC_GRO_122,SLOT_G_02,41,50,68,109,20,40
STORE_018,SKU_GENERIC_FRU&VEG_123,SLOT_F&V_03,40,50,42,82,20,40
STORE_018,SKU_GENERIC_PERCAR_124,SLOT_PC_04,34,50,97,131,20,40
STORE_018,SKU_GENERIC_SWE_125,SLOT_S_05,45,50,52,97,20,40
STORE_018,SKU_GENERIC_COLBEV_126,SLOT_CB_06,35,50,72,107,20,40
STORE_018,SKU_GENERIC_HOTBEV_127,SLOT_HB_07,27,50,100,127,20,40
STORE_018,SKU_GENERIC_SNA&CHI_128,SLOT_S&C_08,28,50,50,78,20,40
STORE_018,SKU_GENERIC_INSMEA_129,SLOT_IM_09,42,50,74,116,20,40
STORE_018,SKU_GENERIC_DAI&BAK_130,SLOT_D&B_10,25,50,80,105,20,40
STORE_018,SKU_GENERIC_GRO_131,SLOT_G_11,27,50,53,80,20,40
STORE_018,SKU_GENERIC_FRU&VEG_132,SLOT_F&V_12,45,50,89,134,20,40
STORE_018,SKU_GENERIC_PERCAR_133,SLOT_PC_13,31,50,95,126,20,40
STORE_018,SKU_GENERIC_SWE_134,SLOT_S_14,38,50,93,131,20,40
STORE_018,SKU_GENERIC_COLBEV_135,SLOT_CB_15,28,50,53,81,20,40
STORE_018,SKU_GENERIC_HOTBEV_136,SLOT_HB_16,42,50,93,135,20,40
STORE_018,SKU_GENERIC_SNA&CHI_137,SLOT_S&C_17,38,50,81,119,20,40
STORE_018,SKU_GENERIC_INSMEA_138,SLOT_IM_18,27,50,87,114,20,40
STORE_018,SKU_GENERIC_DAI&BAK_139,SLOT_D&B_19,29,50,41,70,20,40
STORE_018,SKU_GENERIC_GRO_140,SLOT_G_20,39,50,85,124,20,40
STORE_018,SKU_GENERIC_FRU&VEG_141,SLOT_F&V_21,35,50,42,77,20,40
STORE_018,SKU_GENERIC_PERCAR_142,SLOT_PC_22,27,50,44,71,20,40
STORE_018,SKU_GENERIC_SWE_143,SLOT_S_23,26,50,51,77,20,40
STORE_018,SKU_GENERIC_COLBEV_144,SLOT_CB_24,33,50,75,108,20,40
STORE_018,SKU_GENERIC_HOTBEV_145,SLOT_HB_25,27,50,76,103,20,40
STORE_018,SKU_GENERIC_SNA&CHI_146,SLOT_S&C_26,32,50,98,130,20,40
STORE_018,SKU_GENERIC_INSMEA_147,SLOT_IM_27,33,50,66,99,20,40
STORE_018,SKU_GENERIC_DAI&BAK_148,SLOT_D&B_28,37,50,68,105,20,40
STORE_018,SKU_GENERIC_GRO_149,SLOT_G_29,45,50,65,110,20,40
STORE_018,SKU_GENERIC_FRU&VEG_150,SLOT_F&V_30,38,50,60,98,20,40
STORE_019,SKU_COLD_DRINK_750ML,SLOT_CB_01,25,50,64,89,20,40
STORE_019,SKU_DIET_HERBAL_TEA_250ML,SLOT_HB_02,28,50,74,102,20,40
STORE_019,SKU_ENERGY_DRINK_250ML,SLOT_CB_03,25,50,81,106,20,40
STORE_019,SKU_KALE_CHIPS_50G,SLOT_S&C_04,44,50,44,88,20,40
STORE_019,SKU_CHIPS_100G,SLOT_S&C_05,43,50,42,85,20,40
STORE_019,SKU_COLBEV_001,SLOT_CB_06,27,50,62,89,20,40
STORE_019,SKU_COLBEV_002,SLOT_CB_07,41,50,46,87,20,40
STORE_019,SKU_COLBEV_003,SLOT_CB_08,34,50,90,124,20,40
STORE_019,SKU_COLBEV_004,SLOT_CB_09,34,50,78,112,20,40
STORE_019,SKU_COLBEV_005,SLOT_CB_10,27,50,58,85,20,40
STORE_019,SKU_COLBEV_006,SLOT_CB_11,39,50,64,103,20,40
STORE_019,SKU_COLBEV_007,SLOT_CB_12,37,50,92,129,20,40
STORE_019,SKU_COLBEV_008,SLOT_CB_13,25,50,70,95,20,40
STORE_019,SKU_COLBEV_009,SLOT_CB_14,30,50,74,104,20,40
STORE_019,SKU_COLBEV_010,SLOT_CB_15,32,50,48,80,20,40
STORE_019,SKU_COLBEV_011,SLOT_CB_16,37,50,90,127,20,40
STORE_019,SKU_COLBEV_012,SLOT_CB_17,42,50,58,100,20,40
STORE_019,SKU_COLBEV_013,SLOT_CB_18,45,50,49,94,20,40
STORE_019,SKU_COLBEV_014,SLOT_CB_19,34,50,83,117,20,40
STORE_019,SKU_HOTBEV_015,SLOT_HB_20,45,50,63,108,20,40
STORE_019,SKU_HOTBEV_016,SLOT_HB_21,25,50,75,100,20,40
STORE_019,SKU_HOTBEV_017,SLOT_HB_22,42,50,49,91,20,40
STORE_019,SKU_HOTBEV_018,SLOT_HB_23,28,50,42,70,20,40
STORE_019,SKU_HOTBEV_019,SLOT_HB_24,25,50,76,101,20,40
STORE_019,SKU_HOTBEV_020,SLOT_HB_25,44,50,65,109,20,40
STORE_019,SKU_HOTBEV_021,SLOT_HB_26,42,50,75,117,20,40
STORE_019,SKU_HOTBEV_022,SLOT_HB_27,27,50,59,86,20,40
STORE_019,SKU_HOTBEV_023,SLOT_HB_28,31,50,87,118,20,40
STORE_019,SKU_HOTBEV_024,SLOT_HB_29,36,50,53,89,20,40
STORE_019,SKU_HOTBEV_025,SLOT_HB_30,38,50,97,135,20,40
STORE_019,SKU_SNA&CHI_026,SLOT_S&C_01,45,50,94,139,20,40
STORE_019,SKU_SNA&CHI_027,SLOT_S&C_02,41,50,49,90,20,40
STORE_019,SKU_SNA&CHI_028,SLOT_S&C_03,30,50,51,81,20,40
STORE_019,SKU_SNA&CHI_029,SLOT_S&C_04,32,50,79,111,20,40
STORE_019,SKU_SNA&CHI_030,SLOT_S&C_05,33,50,52,85,20,40
STORE_019,SKU_SNA&CHI_031,SLOT_S&C_06,28,50,51,79,20,40
STORE_019,SKU_SNA&CHI_032,SLOT_S&C_07,43,50,94,137,20,40
STORE_019,SKU_SNA&CHI_033,SLOT_S&C_08,26,50,94,120,20,40
STORE_019,SKU_SNA&CHI_034,SLOT_S&C_09,42,50,69,111,20,40
STORE_019,SKU_SNA&CHI_035,SLOT_S&C_10,45,50,75,120,20,40
STORE_019,SKU_SNA&CHI_036,SLOT_S&C_11,27,50,58,85,20,40
STORE_019,SKU_SNA&CHI_037,SLOT_S&C_12,27,50,56,83,20,40
STORE_019,SKU_SNA&CHI_038,SLOT_S&C_13,28,50,52,80,20,40
STORE_019,SKU_INSMEA_039,SLOT_IM_14,43,50,71,114,20,40
STORE_019,SKU_INSMEA_040,SLOT_IM_15,35,50,62,97,20,40
STORE_019,SKU_INSMEA_041,SLOT_IM_16,29,50,82,111,20,40
STORE_019,SKU_INSMEA_042,SLOT_IM_17,45,50,55,100,20,40
STORE_019,SKU_INSMEA_043,SLOT_IM_18,28,50,58,86,20,40
STORE_019,SKU_INSMEA_044,SLOT_IM_19,44,50,44,88,20,40
STORE_019,SKU_INSMEA_045,SLOT_IM_20,31,50,60,91,20,40
STORE_019,SKU_INSMEA_046,SLOT_IM_21,40,50,68,108,20,40
STORE_019,SKU_INSMEA_047,SLOT_IM_22,35,50,79,114,20,40
STORE_019,SKU_INSMEA_048,SLOT_IM_23,34,50,84,118,20,40
STORE_019,SKU_INSMEA_049,SLOT_IM_24,43,50,49,92,20,40
STORE_019,SKU_INSMEA_050,SLOT_IM_25,43,50,76,119,20,40
STORE_019,SKU_INSMEA_051,SLOT_IM_26,36,50,91,127,20,40
STORE_019,SKU_INSMEA_052,SLOT_IM_27,35,50,67,102,20,40
STORE_019,SKU_INSMEA_053,SLOT_IM_28,30,50,40,70,20,40
STORE_019,SKU_INSMEA_054,SLOT_IM_29,35,50,55,90,20,40
STORE_019,SKU_GRO_055,SLOT_G_30,32,50,85,117,20,40
STORE_019,SKU_GRO_056,SLOT_G_01,45,50,67,112,20,40
STORE_019,SKU_GRO_057,SLOT_G_02,33,50,93,126,20,40
STORE_019,SKU_GRO_058,SLOT_G_03,36,50,48,84,20,40
STORE_019,SKU_GRO_059,SLOT_G_04,35,50,96,131,20,40
STORE_019,SKU_GRO_060,SLOT_G_05,40,50,69,109,20,40
STORE_019,SKU_GRO_061,SLOT_G_06,39,50,62,101,20,40
STORE_019,SKU_GRO_062,SLOT_G_07,34,50,71,105,20,40
STORE_019,SKU_GRO_063,SLOT_G_08,42,50,46,88,20,40
STORE_019,SKU_GRO_064,SLOT_G_09,30,50,81,111,20,40
STORE_019,SKU_GRO_065,SLOT_G_10,44,50,45,89,20,40
STORE_019,SKU_GRO_066,SLOT_G_11,33,50,94,127,20,40
STORE_019,SKU_GRO_067,SLOT_G_12,29,50,97,126,20,40
STORE_019,SKU_GRO_068,SLOT_G_13,42,50,52,94,20,40
STORE_019,SKU_GRO_069,SLOT_G_14,33,50,86,119,20,40
STORE_019,SKU_GRO_070,SLOT_G_15,45,50,44,89,20,40
STORE_019,SKU_GRO_071,SLOT_G_16,27,50,97,124,20,40
STORE_019,SKU_FRU&VEG_072,SLOT_F&V_17,25,50,94,119,20,40
STORE_019,SKU_FRU&VEG_073,SLOT_F&V_18,41,50,80,121,20,40
STORE_019,SKU_FRU&VEG_074,SLOT_F&V_19,25,50,92,117,20,40
STORE_019,SKU_FRU&VEG_075,SLOT_F&V_20,43,50,77,120,20,40
STORE_019,SKU_FRU&VEG_076,SLOT_F&V_21,37,50,89,126,20,40
STORE_019,SKU_FRU&VEG_077,SLOT_F&V_22,43,50,53,96,20,40
STORE_019,SKU_FRU&VEG_078,SLOT_F&V_23,26,50,75,101,20,40
STORE_019,SKU_FRU&VEG_079,SLOT_F&V_24,33,50,74,107,20,40
STORE_019,SKU_FRU&VEG_080,SLOT_F&V_25,42,50,70,112,20,40
STORE_019,SKU_FRU&VEG_081,SLOT_F&V_26,45,50,89,134,20,40
STORE_019,SKU_FRU&VEG_082,SLOT_F&V_27,29,50,63,92,20,40
STORE_019,SKU_FRU&VEG_083,SLOT_F&V_28,37,50,54,91,20,40
STORE_019,SKU_FRU&VEG_084,SLOT_F&V_29,43,50,86,129,20,40
STORE_019,SKU_FRU&VEG_085,SLOT_F&V_30,34,50,48,82,20,40
STORE_019,SKU_FRU&VEG_086,SLOT_F&V_01,39,50,72,111,20,40
STORE_019,SKU_PERCAR_087,SLOT_PC_02,41,50,45,86,20,40
STORE_019,SKU_PERCAR_088,SLOT_PC_03,37,50,63,100,20,40
STORE_019,SKU_PERCAR_089,SLOT_PC_04,41,50,40,81,20,40
STORE_019,SKU_PERCAR_090,SLOT_PC_05,32,50,94,126,20,40
STORE_019,SKU_PERCAR_091,SLOT_PC_06,44,50,83,127,20,40
STORE_019,SKU_PERCAR_092,SLOT_PC_07,30,50,88,118,20,40
STORE_019,SKU_PERCAR_093,SLOT_PC_08,41,50,48,89,20,40
STORE_019,SKU_PERCAR_094,SLOT_PC_09,39,50,50,89,20,40
STORE_019,SKU_PERCAR_095,SLOT_PC_10,30,50,76,106,20,40
STORE_019,SKU_PERCAR_096,SLOT_PC_11,43,50,82,125,20,40
STORE_019,SKU_PERCAR_097,SLOT_PC_12,29,50,87,116,20,40
STORE_019,SKU_PERCAR_098,SLOT_PC_13,40,50,100,140,20,40
STORE_019,SKU_PERCAR_099,SLOT_PC_14,36,50,42,78,20,40
STORE_019,SKU_PERCAR_100,SLOT_PC_15,32,50,88,120,20,40
STORE_019,SKU_SWE_101,SLOT_S_16,40,50,54,94,20,40
STORE_019,SKU_SWE_102,SLOT_S_17,27,50,56,83,20,40
STORE_019,SKU_SWE_103,SLOT_S_18,36,50,54,90,20,40
STORE_019,SKU_SWE_104,SLOT_S_19,26,50,82,108,20,40
STORE_019,SKU_SWE_105,SLOT_S_20,31,50,73,104,20,40
STORE_019,SKU_SWE_106,SLOT_S_21,36,50,64,100,20,40
STORE_019,SKU_SWE_107,SLOT_S_22,40,50,98,138,20,40
STORE_019,SKU_SWE_108,SLOT_S_23,39,50,96,135,20,40
STORE_019,SKU_SWE_109,SLOT_S_24,26,50,42,68,20,40
STORE_019,SKU_SWE_110,SLOT_S_25,45,50,60,105,20,40
STORE_019,SKU_GENERIC_SWE_116,SLOT_S_26,28,50,85,113,20,40
STORE_019,SKU_GENERIC_COLBEV_117,SLOT_CB_27,41,50,80,121,20,40
STORE_019,SKU_GENERIC_HOTBEV_118,SLOT_HB_28,33,50,93,126,20,40
STORE_019,SKU_GENERIC_SNA&CHI_119,SLOT_S&C_29,33,50,77,110,20,40
STORE_019,SKU_GENERIC_INSMEA_120,SLOT_IM_30,42,50,76,118,20,40
STORE_019,SKU_GENERIC_DAI&BAK_121,SLOT_D&B_01,30,50,64,94,20,40
STORE_019,SKU_GENERIC_GRO_122,SLOT_G_02,45,50,64,109,20,40
STORE_019,SKU_GENERIC_FRU&VEG_123,SLOT_F&V_03,36,50,77,113,20,40
STORE_019,SKU_GENERIC_PERCAR_124,SLOT_PC_04,45,50,97,142,20,40
STORE_019,SKU_GENERIC_SWE_125,SLOT_S_05,27,50,73,100,20,40
STORE_019,SKU_GENERIC_COLBEV_126,SLOT_CB_06,33,50,64,97,20,40
STORE_019,SKU_GENERIC_HOTBEV_127,SLOT_HB_07,32,50,73,105,20,40
STORE_019,SKU_GENERIC_SNA&CHI_128,SLOT_S&C_08,37,50,62,99,20,40
STORE_019,SKU_GENERIC_INSMEA_129,SLOT_IM_09,36,50,71,107,20,40
STORE_019,SKU_GENERIC_DAI&BAK_130,SLOT_D&B_10,40,50,96,136,20,40
STORE_019,SKU_GENERIC_GRO_131,SLOT_G_11,44,50,40,84,20,40
STORE_019,SKU_GENERIC_FRU&VEG_132,SLOT_F&V_12,41,50,96,137,20,40
STORE_019,SKU_GENERIC_PERCAR_133,SLOT_PC_13,29,50,68,97,20,40
STORE_019,SKU_GENERIC_SWE_134,SLOT_S_14,30,50,54,84,20,40
STORE_019,SKU_GENERIC_COLBEV_135,SLOT_CB_15,27,50,72,99,20,40
STORE_019,SKU_GENERIC_HOTBEV_136,SLOT_HB_16,45,50,57,102,20,40
STORE_019,SKU_GENERIC_SNA&CHI_137,SLOT_S&C_17,31,50,49,80,20,40
STORE_019,SKU_GENERIC_INSMEA_138,SLOT_IM_18,30,50,50,80,20,40
STORE_019,SKU_GENERIC_DAI&BAK_139,SLOT_D&B_19,36,50,78,114,20,40
STORE_019,SKU_GENERIC_GRO_140,SLOT_G_20,28,50,82,110,20,40
STORE_019,SKU_GENERIC_FRU&VEG_141,SLOT_F&V_21,32,50,66,98,20,40
STORE_019,SKU_GENERIC_PERCAR_142,SLOT_PC_22,35,50,86,121,20,40
STORE_019,SKU_GENERIC_SWE_143,SLOT_S_23,28,50,70,98,20,40
STORE_019,SKU_GENERIC_COLBEV_144,SLOT_CB_24,40,50,70,110,20,40
STORE_019,SKU_GENERIC_HOTBEV_145,SLOT_HB_25,31,50,77,108,20,40
STORE_019,SKU_GENERIC_SNA&CHI_146,SLOT_S&C_26,30,50,81,111,20,40
STORE_019,SKU_GENERIC_INSMEA_147,SLOT_IM_27,38,50,41,79,20,40
STORE_019,SKU_GENERIC_DAI&BAK_148,SLOT_D&B_28,32,50,42,74,20,40
STORE_019,SKU_GENERIC_GRO_149,SLOT_G_29,29,50,76,105,20,40
STORE_019,SKU_GENERIC_FRU&VEG_150,SLOT_F&V_30,43,50,50,93,20,40
STORE_020,SKU_COLD_DRINK_750ML,SLOT_CB_01,29,50,80,109,20,40
STORE_020,SKU_DIET_HERBAL_TEA_250ML,SLOT_HB_02,41,50,42,83,20,40
STORE_020,SKU_ENERGY_DRINK_250ML,SLOT_CB_03,43,50,49,92,20,40
STORE_020,SKU_KALE_CHIPS_50G,SLOT_S&C_04,26,50,50,76,20,40
STORE_020,SKU_CHIPS_100G,SLOT_S&C_05,33,50,99,132,20,40
STORE_020,SKU_COLBEV_001,SLOT_CB_06,30,50,73,103,20,40
STORE_020,SKU_COLBEV_002,SLOT_CB_07,37,50,78,115,20,40
STORE_020,SKU_COLBEV_003,SLOT_CB_08,43,50,80,123,20,40
STORE_020,SKU_COLBEV_004,SLOT_CB_09,25,50,96,121,20,40
STORE_020,SKU_COLBEV_005,SLOT_CB_10,34,50,100,134,20,40
STORE_020,SKU_COLBEV_006,SLOT_CB_11,27,50,53,80,20,40
STORE_020,SKU_COLBEV_007,SLOT_CB_12,39,50,78,117,20,40
STORE_020,SKU_COLBEV_008,SLOT_CB_13,40,50,95,135,20,40
STORE_020,SKU_COLBEV_009,SLOT_CB_14,40,50,50,90,20,40
STORE_020,SKU_COLBEV_010,SLOT_CB_15,32,50,93,125,20,40
STORE_020,SKU_COLBEV_011,SLOT_CB_16,38,50,78,116,20,40
STORE_020,SKU_COLBEV_012,SLOT_CB_17,29,50,90,119,20,40
STORE_020,SKU_COLBEV_013,SLOT_CB_18,43,50,92,135,20,40
STORE_020,SKU_COLBEV_014,SLOT_CB_19,30,50,79,109,20,40
STORE_020,SKU_HOTBEV_015,SLOT_HB_20,41,50,56,97,20,40
STORE_020,SKU_HOTBEV_016,SLOT_HB_21,30,50,86,116,20,40
STORE_020,SKU_HOTBEV_017,SLOT_HB_22,35,50,99,134,20,40
STORE_020,SKU_HOTBEV_018,SLOT_HB_23,39,50,78,117,20,40
STORE_020,SKU_HOTBEV_019,SLOT_HB_24,43,50,44,87,20,40
STORE_020,SKU_HOTBEV_020,SLOT_HB_25,32,50,64,96,20,40
STORE_020,SKU_HOTBEV_021,SLOT_HB_26,37,50,48,85,20,40
STORE_020,SKU_HOTBEV_022,SLOT_HB_27,28,50,41,69,20,40
STORE_020,SKU_HOTBEV_023,SLOT_HB_28,31,50,73,104,20,40
STORE_020,SKU_HOTBEV_024,SLOT_HB_29,41,50,83,124,20,40
STORE_020,SKU_HOTBEV_025,SLOT_HB_30,38,50,92,130,20,40
STORE_020,SKU_SNA&CHI_026,SLOT_S&C_01,29,50,78,107,20,40
STORE_020,SKU_SNA&CHI_027,SLOT_S&C_02,28,50,51,79,20,40
STORE_020,SKU_SNA&CHI_028,SLOT_S&C_03,40,50,97,137,20,40
STORE_020,SKU_SNA&CHI_029,SLOT_S&C_04,44,50,78,122,20,40
STORE_020,SKU_SNA&CHI_030,SLOT_S&C_05,26,50,96,122,20,40
STORE_020,SKU_SNA&CHI_031,SLOT_S&C_06,42,50,72,114,20,40
STORE_020,SKU_SNA&CHI_032,SLOT_S&C_07,28,50,45,73,20,40
STORE_020,SKU_SNA&CHI_033,SLOT_S&C_08,40,50,82,122,20,40
STORE_020,SKU_SNA&CHI_034,SLOT_S&C_09,29,50,97,126,20,40
STORE_020,SKU_SNA&CHI_035,SLOT_S&C_10,44,50,74,118,20,40
STORE_020,SKU_SNA&CHI_036,SLOT_S&C_11,25,50,97,122,20,40
STORE_020,SKU_SNA&CHI_037,SLOT_S&C_12,45,50,67,112,20,40
STORE_020,SKU_SNA&CHI_038,SLOT_S&C_13,41,50,66,107,20,40
STORE_020,SKU_INSMEA_039,SLOT_IM_14,36,50,95,131,20,40
STORE_020,SKU_INSMEA_040,SLOT_IM_15,26,50,84,110,20,40
STORE_020,SKU_INSMEA_041,SLOT_IM_16,41,50,67,108,20,40
STORE_020,SKU_INSMEA_042,SLOT_IM_17,32,50,100,132,20,40
STORE_020,SKU_INSMEA_043,SLOT_IM_18,40,50,90,130,20,40
STORE_020,SKU_INSMEA_044,SLOT_IM_19,37,50,62,99,20,40
STORE_020,SKU_INSMEA_045,SLOT_IM_20,43,50,91,134,20,40
STORE_020,SKU_INSMEA_046,SLOT_IM_21,43,50,46,89,20,40
STORE_020,SKU_INSMEA_047,SLOT_IM_22,38,50,48,86,20,40
STORE_020,SKU_INSMEA_048,SLOT_IM_23,33,50,70,103,20,40
STORE_020,SKU_INSMEA_049,SLOT_IM_24,32,50,98,130,20,40
STORE_020,SKU_INSMEA_050,SLOT_IM_25,27,50,58,85,20,40
STORE_020,SKU_INSMEA_051,SLOT_IM_26,44,50,96,140,20,40
STORE_020,SKU_INSMEA_052,SLOT_IM_27,42,50,66,108,20,40
STORE_020,SKU_INSMEA_053,SLOT_IM_28,33,50,52,85,20,40
STORE_020,SKU_INSMEA_054,SLOT_IM_29,25,50,85,110,20,40
STORE_020,SKU_GRO_055,SLOT_G_30,25,50,76,101,20,40
STORE_020,SKU_GRO_056,SLOT_G_01,41,50,47,88,20,40
STORE_020,SKU_GRO_057,SLOT_G_02,41,50,40,81,20,40
STORE_020,SKU_GRO_058,SLOT_G_03,37,50,81,118,20,40
STORE_020,SKU_GRO_059,SLOT_G_04,31,50,84,115,20,40
STORE_020,SKU_GRO_060,SLOT_G_05,35,50,66,101,20,40
STORE_020,SKU_GRO_061,SLOT_G_06,36,50,46,82,20,40
STORE_020,SKU_GRO_062,SLOT_G_07,29,50,67,96,20,40
STORE_020,SKU_GRO_063,SLOT_G_08,45,50,77,122,20,40
STORE_020,SKU_GRO_064,SLOT_G_09,33,50,56,89,20,40
STORE_020,SKU_GRO_065,SLOT_G_10,42,50,67,109,20,40
STORE_020,SKU_GRO_066,SLOT_G_11,43,50,63,106,20,40
STORE_020,SKU_GRO_067,SLOT_G_12,44,50,57,101,20,40
STORE_020,SKU_GRO_068,SLOT_G_13,37,50,88,125,20,40
STORE_020,SKU_GRO_069,SLOT_G_14,31,50,66,97,20,40
STORE_020,SKU_GRO_070,SLOT_G_15,42,50,90,132,20,40
STORE_020,SKU_GRO_071,SLOT_G_16,42,50,70,112,20,40
STORE_020,SKU_FRU&VEG_072,SLOT_F&V_17,30,50,63,93,20,40
STORE_020,SKU_FRU&VEG_073,SLOT_F&V_18,42,50,75,117,20,40
STORE_020,SKU_FRU&VEG_074,SLOT_F&V_19,40,50,56,96,20,40
STORE_020,SKU_FRU&VEG_075,SLOT_F&V_20,34,50,76,110,20,40
STORE_020,SKU_FRU&VEG_076,SLOT_F&V_21,36,50,89,125,20,40
STORE_020,SKU_FRU&VEG_077,SLOT_F&V_22,37,50,87,124,20,40
STORE_020,SKU_FRU&VEG_078,SLOT_F&V_23,29,50,94,123,20,40
STORE_020,SKU_FRU&VEG_079,SLOT_F&V_24,28,50,87,115,20,40
STORE_020,SKU_FRU&VEG_080,SLOT_F&V_25,32,50,68,100,20,40
STORE_020,SKU_FRU&VEG_081,SLOT_F&V_26,30,50,46,76,20,40
STORE_020,SKU_FRU&VEG_082,SLOT_F&V_27,31,50,72,103,20,40
STORE_020,SKU_FRU&VEG_083,SLOT_F&V_28,37,50,90,127,20,40
STORE_020,SKU_FRU&VEG_084,SLOT_F&V_29,35,50,91,126,20,40
STORE_020,SKU_FRU&VEG_085,SLOT_F&V_30,42,50,79,121,20,40
STORE_020,SKU_FRU&VEG_086,SLOT_F&V_01,26,50,50,76,20,40
STORE_020,SKU_PERCAR_087,SLOT_PC_02,37,50,80,117,20,40
STORE_020,SKU_PERCAR_088,SLOT_PC_03,25,50,91,116,20,40
STORE_020,SKU_PERCAR_089,SLOT_PC_04,27,50,92,119,20,40
STORE_020,SKU_PERCAR_090,SLOT_PC_05,29,50,70,99,20,40
STORE_020,SKU_PERCAR_091,SLOT_PC_06,44,50,67,111,20,40
STORE_020,SKU_PERCAR_092,SLOT_PC_07,27,50,44,71,20,40
STORE_020,SKU_PERCAR_093,SLOT_PC_08,33,50,54,87,20,40
STORE_020,SKU_PERCAR_094,SLOT_PC_09,36,50,45,81,20,40
STORE_020,SKU_PERCAR_095,SLOT_PC_10,44,50,42,86,20,40
STORE_020,SKU_PERCAR_096,SLOT_PC_11,37,50,99,136,20,40
STORE_020,SKU_PERCAR_097,SLOT_PC_12,37,50,79,116,20,40
STORE_020,SKU_PERCAR_098,SLOT_PC_13,45,50,73,118,20,40
STORE_020,SKU_PERCAR_099,SLOT_PC_14,34,50,85,119,20,40
STORE_020,SKU_PERCAR_100,SLOT_PC_15,44,50,43,87,20,40
STORE_020,SKU_SWE_101,SLOT_S_16,30,50,80,110,20,40
STORE_020,SKU_SWE_102,SLOT_S_17,40,50,68,108,20,40
STORE_020,SKU_SWE_103,SLOT_S_18,25,50,52,77,20,40
STORE_020,SKU_SWE_104,SLOT_S_19,41,50,58,99,20,40
STORE_020,SKU_SWE_105,SLOT_S_20,31,50,42,73,20,40
STORE_020,SKU_SWE_106,SLOT_S_21,44,50,72,116,20,40
STORE_020,SKU_SWE_107,SLOT_S_22,41,50,84,125,20,40
STORE_020,SKU_SWE_108,SLOT_S_23,32,50,79,111,20,40
STORE_020,SKU_SWE_109,SLOT_S_24,30,50,83,113,20,40
STORE_020,SKU_SWE_110,SLOT_S_25,26,50,63,89,20,40
STORE_020,SKU_GENERIC_SWE_116,SLOT_S_26,32,50,81,113,20,40
STORE_020,SKU_GENERIC_COLBEV_117,SLOT_CB_27,25,50,50,75,20,40
STORE_020,SKU_GENERIC_HOTBEV_118,SLOT_HB_28,27,50,57,84,20,40
STORE_020,SKU_GENERIC_SNA&CHI_119,SLOT_S&C_29,37,50,62,99,20,40
STORE_020,SKU_GENERIC_INSMEA_120,SLOT_IM_30,37,50,65,102,20,40
STORE_020,SKU_GENERIC_DAI&BAK_121,SLOT_D&B_01,43,50,52,95,20,40
STORE_020,SKU_GENERIC_GRO_122,SLOT_G_02,41,50,40,81,20,40
STORE_020,SKU_GENERIC_FRU&VEG_123,SLOT_F&V_03,27,50,98,125,20,40
STORE_020,SKU_GENERIC_PERCAR_124,SLOT_PC_04,27,50,75,102,20,40
STORE_020,SKU_GENERIC_SWE_125,SLOT_S_05,34,50,86,120,20,40
STORE_020,SKU_GENERIC_COLBEV_126,SLOT_CB_06,42,50,98,140,20,40
STORE_020,SKU_GENERIC_HOTBEV_127,SLOT_HB_07,43,50,62,105,20,40
STORE_020,SKU_GENERIC_SNA&CHI_128,SLOT_S&C_08,36,50,92,128,20,40
STORE_020,SKU_GENERIC_INSMEA_129,SLOT_IM_09,33,50,54,87,20,40
STORE_020,SKU_GENERIC_DAI&BAK_130,SLOT_D&B_10,44,50,52,96,20,40
STORE_020,SKU_GENERIC_GRO_131,SLOT_G_11,39,50,99,138,20,40
STORE_020,SKU_GENERIC_FRU&VEG_132,SLOT_F&V_12,37,50,76,113,20,40
STORE_020,SKU_GENERIC_PERCAR_133,SLOT_PC_13,25,50,56,81,20,40
STORE_020,SKU_GENERIC_SWE_134,SLOT_S_14,30,50,66,96,20,40
STORE_020,SKU_GENERIC_COLBEV_135,SLOT_CB_15,41,50,46,87,20,40
STORE_020,SKU_GENERIC_HOTBEV_136,SLOT_HB_16,42,50,44,86,20,40
STORE_020,SKU_GENERIC_SNA&CHI_137,SLOT_S&C_17,41,50,58,99,20,40
STORE_020,SKU_GENERIC_INSMEA_138,SLOT_IM_18,35,50,100,135,20,40
STORE_020,SKU_GENERIC_DAI&BAK_139,SLOT_D&B_19,28,50,91,119,20,40
STORE_020,SKU_GENERIC_GRO_140,SLOT_G_20,41,50,56,97,20,40
STORE_020,SKU_GENERIC_FRU&VEG_141,SLOT_F&V_21,42,50,92,134,20,40
STORE_020,SKU_GENERIC_PERCAR_142,SLOT_PC_22,43,50,56,99,20,40
STORE_020,SKU_GENERIC_SWE_143,SLOT_S_23,39,50,64,103,20,40
STORE_020,SKU_GENERIC_COLBEV_144,SLOT_CB_24,43,50,70,113,20,40
STORE_020,SKU_GENERIC_HOTBEV_145,SLOT_HB_25,32,50,88,120,20,40
STORE_020,SKU_GENERIC_SNA&CHI_146,SLOT_S&C_26,35,50,89,124,20,40
STORE_020,SKU_GENERIC_INSMEA_147,SLOT_IM_27,39,50,83,122,20,40
STORE_020,SKU_GENERIC_DAI&BAK_148,SLOT_D&B_28,39,50,97,136,20,40
STORE_020,SKU_GENERIC_GRO_149,SLOT_G_29,43,50,95,138,20,40
STORE_020,SKU_GENERIC_FRU&VEG_150,SLOT_F&V_30,25,50,70,95,20,40
STORE_021,SKU_COLD_DRINK_750ML,SLOT_CB_01,28,50,56,84,20,40
STORE_021,SKU_DIET_HERBAL_TEA_250ML,SLOT_HB_02,27,50,64,91,20,40
STORE_021,SKU_ENERGY_DRINK_250ML,SLOT_CB_03,45,50,90,135,20,40
STORE_021,SKU_KALE_CHIPS_50G,SLOT_S&C_04,32,50,83,115,20,40
STORE_021,SKU_CHIPS_100G,SLOT_S&C_05,32,50,91,123,20,40
STORE_021,SKU_COLBEV_001,SLOT_CB_06,35,50,66,101,20,40
STORE_021,SKU_COLBEV_002,SLOT_CB_07,36,50,73,109,20,40
STORE_021,SKU_COLBEV_003,SLOT_CB_08,42,50,40,82,20,40
STORE_021,SKU_COLBEV_004,SLOT_CB_09,33,50,55,88,20,40
STORE_021,SKU_COLBEV_005,SLOT_CB_10,34,50,45,79,20,40
STORE_021,SKU_COLBEV_006,SLOT_CB_11,37,50,83,120,20,40
STORE_021,SKU_COLBEV_007,SLOT_CB_12,35,50,44,79,20,40
STORE_021,SKU_COLBEV_008,SLOT_CB_13,42,50,99,141,20,40
STORE_021,SKU_COLBEV_009,SLOT_CB_14,30,50,70,100,20,40
STORE_021,SKU_COLBEV_010,SLOT_CB_15,35,50,62,97,20,40
STORE_021,SKU_COLBEV_011,SLOT_CB_16,31,50,97,128,20,40
STORE_021,SKU_COLBEV_012,SLOT_CB_17,43,50,57,100,20,40
STORE_021,SKU_COLBEV_013,SLOT_CB_18,30,50,100,130,20,40
STORE_021,SKU_COLBEV_014,SLOT_CB_19,31,50,71,102,20,40
STORE_021,SKU_HOTBEV_015,SLOT_HB_20,31,50,55,86,20,40
STORE_021,SKU_HOTBEV_016,SLOT_HB_21,32,50,95,127,20,40
STORE_021,SKU_HOTBEV_017,SLOT_HB_22,33,50,53,86,20,40
STORE_021,SKU_HOTBEV_018,SLOT_HB_23,32,50,52,84,20,40
STORE_021,SKU_HOTBEV_019,SLOT_HB_24,32,50,93,125,20,40
STORE_021,SKU_HOTBEV_020,SLOT_HB_25,44,50,62,106,20,40
STORE_021,SKU_HOTBEV_021,SLOT_HB_26,29,50,89,118,20,40
STORE_021,SKU_HOTBEV_022,SLOT_HB_27,28,50,47,75,20,40
STORE_021,SKU_HOTBEV_023,SLOT_HB_28,27,50,83,110,20,40
STORE_021,SKU_HOTBEV_024,SLOT_HB_29,40,50,79,119,20,40
STORE_021,SKU_HOTBEV_025,SLOT_HB_30,25,50,88,113,20,40
STORE_021,SKU_SNA&CHI_026,SLOT_S&C_01,42,50,42,84,20,40
STORE_021,SKU_SNA&CHI_027,SLOT_S&C_02,40,50,63,103,20,40
STORE_021,SKU_SNA&CHI_028,SLOT_S&C_03,44,50,60,104,20,40
STORE_021,SKU_SNA&CHI_029,SLOT_S&C_04,40,50,97,137,20,40
STORE_021,SKU_SNA&CHI_030,SLOT_S&C_05,43,50,95,138,20,40
STORE_021,SKU_SNA&CHI_031,SLOT_S&C_06,33,50,71,104,20,40
STORE_021,SKU_SNA&CHI_032,SLOT_S&C_07,30,50,88,118,20,40
STORE_021,SKU_SNA&CHI_033,SLOT_S&C_08,41,50,57,98,20,40
STORE_021,SKU_SNA&CHI_034,SLOT_S&C_09,37,50,54,91,20,40
STORE_021,SKU_SNA&CHI_035,SLOT_S&C_10,43,50,48,91,20,40
STORE_021,SKU_SNA&CHI_036,SLOT_S&C_11,26,50,73,99,20,40
STORE_021,SKU_SNA&CHI_037,SLOT_S&C_12,38,50,70,108,20,40
STORE_021,SKU_SNA&CHI_038,SLOT_S&C_13,42,50,42,84,20,40
STORE_021,SKU_INSMEA_039,SLOT_IM_14,41,50,62,103,20,40
STORE_021,SKU_INSMEA_040,SLOT_IM_15,37,50,95,132,20,40
STORE_021,SKU_INSMEA_041,SLOT_IM_16,30,50,69,99,20,40
STORE_021,SKU_INSMEA_042,SLOT_IM_17,28,50,84,112,20,40
STORE_021,SKU_INSMEA_043,SLOT_IM_18,41,50,69,110,20,40
STORE_021,SKU_INSMEA_044,SLOT_IM_19,35,50,84,119,20,40
STORE_021,SKU_INSMEA_045,SLOT_IM_20,25,50,40,65,20,40
STORE_021,SKU_INSMEA_046,SLOT_IM_21,31,50,64,95,20,40
STORE_021,SKU_INSMEA_047,SLOT_IM_22,43,50,46,89,20,40
STORE_021,SKU_INSMEA_048,SLOT_IM_23,35,50,63,98,20,40
STORE_021,SKU_INSMEA_049,SLOT_IM_24,44,50,95,139,20,40
STORE_021,SKU_INSMEA_050,SLOT_IM_25,33,50,51,84,20,40
STORE_021,SKU_INSMEA_051,SLOT_IM_26,42,50,56,98,20,40
STORE_021,SKU_INSMEA_052,SLOT_IM_27,32,50,57,89,20,40
STORE_021,SKU_INSMEA_053,SLOT_IM_28,40,50,79,119,20,40
STORE_021,SKU_INSMEA_054,SLOT_IM_29,35,50,63,98,20,40
STORE_021,SKU_GRO_055,SLOT_G_30,30,50,71,101,20,40
STORE_021,SKU_GRO_056,SLOT_G_01,38,50,53,91,20,40
STORE_021,SKU_GRO_057,SLOT_G_02,38,50,84,122,20,40
STORE_021,SKU_GRO_058,SLOT_G_03,36,50,63,99,20,40
STORE_021,SKU_GRO_059,SLOT_G_04,37,50,57,94,20,40
STORE_021,SKU_GRO_060,SLOT_G_05,39,50,51,90,20,40
STORE_021,SKU_GRO_061,SLOT_G_06,43,50,48,91,20,40
STORE_021,SKU_GRO_062,SLOT_G_07,43,50,83,126,20,40
STORE_021,SKU_GRO_063,SLOT_G_08,32,50,92,124,20,40
STORE_021,SKU_GRO_064,SLOT_G_09,28,50,86,114,20,40
STORE_021,SKU_GRO_065,SLOT_G_10,33,50,91,124,20,40
STORE_021,SKU_GRO_066,SLOT_G_11,32,50,75,107,20,40
STORE_021,SKU_GRO_067,SLOT_G_12,38,50,94,132,20,40
STORE_021,SKU_GRO_068,SLOT_G_13,37,50,52,89,20,40
STORE_021,SKU_GRO_069,SLOT_G_14,29,50,91,120,20,40
STORE_021,SKU_GRO_070,SLOT_G_15,29,50,70,99,20,40
STORE_021,SKU_GRO_071,SLOT_G_16,25,50,51,76,20,40
STORE_021,SKU_FRU&VEG_072,SLOT_F&V_17,38,50,71,109,20,40
STORE_021,SKU_FRU&VEG_073,SLOT_F&V_18,29,50,97,126,20,40
STORE_021,SKU_FRU&VEG_074,SLOT_F&V_19,45,50,73,118,20,40
STORE_021,SKU_FRU&VEG_075,SLOT_F&V_20,42,50,86,128,20,40
STORE_021,SKU_FRU&VEG_076,SLOT_F&V_21,35,50,90,125,20,40
STORE_021,SKU_FRU&VEG_077,SLOT_F&V_22,40,50,59,99,20,40
STORE_021,SKU_FRU&VEG_078,SLOT_F&V_23,33,50,75,108,20,40
STORE_021,SKU_FRU&VEG_079,SLOT_F&V_24,43,50,43,86,20,40
STORE_021,SKU_FRU&VEG_080,SLOT_F&V_25,37,50,46,83,20,40
STORE_021,SKU_FRU&VEG_081,SLOT_F&V_26,30,50,43,73,20,40
STORE_021,SKU_FRU&VEG_082,SLOT_F&V_27,31,50,92,123,20,40
STORE_021,SKU_FRU&VEG_083,SLOT_F&V_28,33,50,70,103,20,40
STORE_021,SKU_FRU&VEG_084,SLOT_F&V_29,45,50,46,91,20,40
STORE_021,SKU_FRU&VEG_085,SLOT_F&V_30,39,50,87,126,20,40
STORE_021,SKU_FRU&VEG_086,SLOT_F&V_01,35,50,56,91,20,40
STORE_021,SKU_PERCAR_087,SLOT_PC_02,36,50,63,99,20,40
STORE_021,SKU_PERCAR_088,SLOT_PC_03,42,50,75,117,20,40
STORE_021,SKU_PERCAR_089,SLOT_PC_04,33,50,62,95,20,40
STORE_021,SKU_PERCAR_090,SLOT_PC_05,25,50,66,91,20,40
STORE_021,SKU_PERCAR_091,SLOT_PC_06,28,50,62,90,20,40
STORE_021,SKU_PERCAR_092,SLOT_PC_07,44,50,52,96,20,40
STORE_021,SKU_PERCAR_093,SLOT_PC_08,43,50,76,119,20,40
STORE_021,SKU_PERCAR_094,SLOT_PC_09,45,50,81,126,20,40
STORE_021,SKU_PERCAR_095,SLOT_PC_10,42,50,51,93,20,40
STORE_021,SKU_PERCAR_096,SLOT_PC_11,34,50,62,96,20,40
STORE_021,SKU_PERCAR_097,SLOT_PC_12,35,50,83,118,20,40
STORE_021,SKU_PERCAR_098,SLOT_PC_13,41,50,71,112,20,40
STORE_021,SKU_PERCAR_099,SLOT_PC_14,39,50,96,135,20,40
STORE_021,SKU_PERCAR_100,SLOT_PC_15,27,50,64,91,20,40
STORE_021,SKU_SWE_101,SLOT_S_16,44,50,58,102,20,40
STORE_021,SKU_SWE_102,SLOT_S_17,39,50,80,119,20,40
STORE_021,SKU_SWE_103,SLOT_S_18,29,50,95,124,20,40
STORE_021,SKU_SWE_104,SLOT_S_19,30,50,80,110,20,40
STORE_021,SKU_SWE_105,SLOT_S_20,35,50,66,101,20,40
STORE_021,SKU_SWE_106,SLOT_S_21,45,50,79,124,20,40
STORE_021,SKU_SWE_107,SLOT_S_22,43,50,65,108,20,40
STORE_021,SKU_SWE_108,SLOT_S_23,27,50,45,72,20,40
STORE_021,SKU_SWE_109,SLOT_S_24,30,50,61,91,20,40
STORE_021,SKU_SWE_110,SLOT_S_25,32,50,60,92,20,40
STORE_021,SKU_GENERIC_SWE_116,SLOT_S_26,35,50,81,116,20,40
STORE_021,SKU_GENERIC_COLBEV_117,SLOT_CB_27,34,50,85,119,20,40
STORE_021,SKU_GENERIC_HOTBEV_118,SLOT_HB_28,33,50,78,111,20,40
STORE_021,SKU_GENERIC_SNA&CHI_119,SLOT_S&C_29,45,50,65,110,20,40
STORE_021,SKU_GENERIC_INSMEA_120,SLOT_IM_30,33,50,96,129,20,40
STORE_021,SKU_GENERIC_DAI&BAK_121,SLOT_D&B_01,39,50,89,128,20,40
STORE_021,SKU_GENERIC_GRO_122,SLOT_G_02,36,50,87,123,20,40
STORE_021,SKU_GENERIC_FRU&VEG_123,SLOT_F&V_03,43,50,73,116,20,40
STORE_021,SKU_GENERIC_PERCAR_124,SLOT_PC_04,39,50,66,105,20,40
STORE_021,SKU_GENERIC_SWE_125,SLOT_S_05,30,50,51,81,20,40
STORE_021,SKU_GENERIC_COLBEV_126,SLOT_CB_06,25,50,48,73,20,40
STORE_021,SKU_GENERIC_HOTBEV_127,SLOT_HB_07,32,50,82,114,20,40
STORE_021,SKU_GENERIC_SNA&CHI_128,SLOT_S&C_08,33,50,100,133,20,40
STORE_021,SKU_GENERIC_INSMEA_129,SLOT_IM_09,27,50,53,80,20,40
STORE_021,SKU_GENERIC_DAI&BAK_130,SLOT_D&B_10,30,50,65,95,20,40
STORE_021,SKU_GENERIC_GRO_131,SLOT_G_11,28,50,46,74,20,40
STORE_021,SKU_GENERIC_FRU&VEG_132,SLOT_F&V_12,27,50,99,126,20,40
STORE_021,SKU_GENERIC_PERCAR_133,SLOT_PC_13,40,50,75,115,20,40
STORE_021,SKU_GENERIC_SWE_134,SLOT_S_14,26,50,41,67,20,40
STORE_021,SKU_GENERIC_COLBEV_135,SLOT_CB_15,37,50,73,110,20,40
STORE_021,SKU_GENERIC_HOTBEV_136,SLOT_HB_16,27,50,46,73,20,40
STORE_021,SKU_GENERIC_SNA&CHI_137,SLOT_S&C_17,33,50,79,112,20,40
STORE_021,SKU_GENERIC_INSMEA_138,SLOT_IM_18,29,50,45,74,20,40
STORE_021,SKU_GENERIC_DAI&BAK_139,SLOT_D&B_19,45,50,99,144,20,40
STORE_021,SKU_GENERIC_GRO_140,SLOT_G_20,37,50,59,96,20,40
STORE_021,SKU_GENERIC_FRU&VEG_141,SLOT_F&V_21,32,50,55,87,20,40
STORE_021,SKU_GENERIC_PERCAR_142,SLOT_PC_22,34,50,68,102,20,40
STORE_021,SKU_GENERIC_SWE_143,SLOT_S_23,45,50,48,93,20,40
STORE_021,SKU_GENERIC_COLBEV_144,SLOT_CB_24,29,50,73,102,20,40
STORE_021,SKU_GENERIC_HOTBEV_145,SLOT_HB_25,30,50,41,71,20,40
STORE_021,SKU_GENERIC_SNA&CHI_146,SLOT_S&C_26,26,50,82,108,20,40
STORE_021,SKU_GENERIC_INSMEA_147,SLOT_IM_27,36,50,95,131,20,40
STORE_021,SKU_GENERIC_DAI&BAK_148,SLOT_D&B_28,35,50,95,130,20,40
STORE_021,SKU_GENERIC_GRO_149,SLOT_G_29,40,50,69,109,20,40
STORE_021,SKU_GENERIC_FRU&VEG_150,SLOT_F&V_30,42,50,99,141,20,40
STORE_022,SKU_COLD_DRINK_750ML,SLOT_CB_01,33,50,75,108,20,40
STORE_022,SKU_DIET_HERBAL_TEA_250ML,SLOT_HB_02,39,50,48,87,20,40
STORE_022,SKU_ENERGY_DRINK_250ML,SLOT_CB_03,42,50,51,93,20,40
STORE_022,SKU_KALE_CHIPS_50G,SLOT_S&C_04,43,50,78,121,20,40
STORE_022,SKU_CHIPS_100G,SLOT_S&C_05,39,50,80,119,20,40
STORE_022,SKU_COLBEV_001,SLOT_CB_06,45,50,96,141,20,40
STORE_022,SKU_COLBEV_002,SLOT_CB_07,43,50,67,110,20,40
STORE_022,SKU_COLBEV_003,SLOT_CB_08,41,50,80,121,20,40
STORE_022,SKU_COLBEV_004,SLOT_CB_09,45,50,74,119,20,40
STORE_022,SKU_COLBEV_005,SLOT_CB_10,34,50,98,132,20,40
STORE_022,SKU_COLBEV_006,SLOT_CB_11,36,50,70,106,20,40
STORE_022,SKU_COLBEV_007,SLOT_CB_12,42,50,54,96,20,40
STORE_022,SKU_COLBEV_008,SLOT_CB_13,27,50,68,95,20,40
STORE_022,SKU_COLBEV_009,SLOT_CB_14,34,50,63,97,20,40
STORE_022,SKU_COLBEV_010,SLOT_CB_15,38,50,56,94,20,40
STORE_022,SKU_COLBEV_011,SLOT_CB_16,29,50,59,88,20,40
STORE_022,SKU_COLBEV_012,SLOT_CB_17,25,50,40,65,20,40
STORE_022,SKU_COLBEV_013,SLOT_CB_18,41,50,92,133,20,40
STORE_022,SKU_COLBEV_014,SLOT_CB_19,29,50,62,91,20,40
STORE_022,SKU_HOTBEV_015,SLOT_HB_20,34,50,70,104,20,40
STORE_022,SKU_HOTBEV_016,SLOT_HB_21,42,50,40,82,20,40
STORE_022,SKU_HOTBEV_017,SLOT_HB_22,40,50,100,140,20,40
STORE_022,SKU_HOTBEV_018,SLOT_HB_23,40,50,59,99,20,40
STORE_022,SKU_HOTBEV_019,SLOT_HB_24,25,50,89,114,20,40
STORE_022,SKU_HOTBEV_020,SLOT_HB_25,38,50,91,129,20,40
STORE_022,SKU_HOTBEV_021,SLOT_HB_26,34,50,78,112,20,40
STORE_022,SKU_HOTBEV_022,SLOT_HB_27,32,50,90,122,20,40
STORE_022,SKU_HOTBEV_023,SLOT_HB_28,25,50,75,100,20,40
STORE_022,SKU_HOTBEV_024,SLOT_HB_29,36,50,52,88,20,40
STORE_022,SKU_HOTBEV_025,SLOT_HB_30,38,50,96,134,20,40
STORE_022,SKU_SNA&CHI_026,SLOT_S&C_01,42,50,67,109,20,40
STORE_022,SKU_SNA&CHI_027,SLOT_S&C_02,37,50,55,92,20,40
STORE_022,SKU_SNA&CHI_028,SLOT_S&C_03,30,50,85,115,20,40
STORE_022,SKU_SNA&CHI_029,SLOT_S&C_04,45,50,64,109,20,40
STORE_022,SKU_SNA&CHI_030,SLOT_S&C_05,37,50,54,91,20,40
STORE_022,SKU_SNA&CHI_031,SLOT_S&C_06,33,50,45,78,20,40
STORE_022,SKU_SNA&CHI_032,SLOT_S&C_07,38,50,80,118,20,40
STORE_022,SKU_SNA&CHI_033,SLOT_S&C_08,32,50,73,105,20,40
STORE_022,SKU_SNA&CHI_034,SLOT_S&C_09,44,50,91,135,20,40
STORE_022,SKU_SNA&CHI_035,SLOT_S&C_10,33,50,58,91,20,40
STORE_022,SKU_SNA&CHI_036,SLOT_S&C_11,45,50,87,132,20,40
STORE_022,SKU_SNA&CHI_037,SLOT_S&C_12,42,50,91,133,20,40
STORE_022,SKU_SNA&CHI_038,SLOT_S&C_13,33,50,66,99,20,40
STORE_022,SKU_INSMEA_039,SLOT_IM_14,31,50,94,125,20,40
STORE_022,SKU_INSMEA_040,SLOT_IM_15,27,50,51,78,20,40
STORE_022,SKU_INSMEA_041,SLOT_IM_16,29,50,58,87,20,40
STORE_022,SKU_INSMEA_042,SLOT_IM_17,28,50,80,108,20,40
STORE_022,SKU_INSMEA_043,SLOT_IM_18,39,50,79,118,20,40
STORE_022,SKU_INSMEA_044,SLOT_IM_19,39,50,57,96,20,40
STORE_022,SKU_INSMEA_045,SLOT_IM_20,44,50,71,115,20,40
STORE_022,SKU_INSMEA_046,SLOT_IM_21,31,50,60,91,20,40
STORE_022,SKU_INSMEA_047,SLOT_IM_22,25,50,49,74,20,40
STORE_022,SKU_INSMEA_048,SLOT_IM_23,26,50,74,100,20,40
STORE_022,SKU_INSMEA_049,SLOT_IM_24,25,50,51,76,20,40
STORE_022,SKU_INSMEA_050,SLOT_IM_25,28,50,58,86,20,40
STORE_022,SKU_INSMEA_051,SLOT_IM_26,33,50,48,81,20,40
STORE_022,SKU_INSMEA_052,SLOT_IM_27,39,50,86,125,20,40
STORE_022,SKU_INSMEA_053,SLOT_IM_28,25,50,54,79,20,40
STORE_022,SKU_INSMEA_054,SLOT_IM_29,27,50,49,76,20,40
STORE_022,SKU_GRO_055,SLOT_G_30,25,50,71,96,20,40
STORE_022,SKU_GRO_056,SLOT_G_01,31,50,61,92,20,40
STORE_022,SKU_GRO_057,SLOT_G_02,38,50,59,97,20,40
STORE_022,SKU_GRO_058,SLOT_G_03,40,50,63,103,20,40
STORE_022,SKU_GRO_059,SLOT_G_04,39,50,84,123,20,40
STORE_022,SKU_GRO_060,SLOT_G_05,26,50,61,87,20,40
STORE_022,SKU_GRO_061,SLOT_G_06,27,50,93,120,20,40
STORE_022,SKU_GRO_062,SLOT_G_07,29,50,43,72,20,40
STORE_022,SKU_GRO_063,SLOT_G_08,33,50,89,122,20,40
STORE_022,SKU_GRO_064,SLOT_G_09,37,50,44,81,20,40
STORE_022,SKU_GRO_065,SLOT_G_10,42,50,70,112,20,40
STORE_022,SKU_GRO_066,SLOT_G_11,30,50,52,82,20,40
STORE_022,SKU_GRO_067,SLOT_G_12,33,50,92,125,20,40
STORE_022,SKU_GRO_068,SLOT_G_13,37,50,93,130,20,40
STORE_022,SKU_GRO_069,SLOT_G_14,25,50,47,72,20,40
STORE_022,SKU_GRO_070,SLOT_G_15,32,50,64,96,20,40
STORE_022,SKU_GRO_071,SLOT_G_16,39,50,55,94,20,40
STORE_022,SKU_FRU&VEG_072,SLOT_F&V_17,26,50,52,78,20,40
STORE_022,SKU_FRU&VEG_073,SLOT_F&V_18,39,50,87,126,20,40
STORE_022,SKU_FRU&VEG_074,SLOT_F&V_19,28,50,73,101,20,40
STORE_022,SKU_FRU&VEG_075,SLOT_F&V_20,31,50,70,101,20,40
STORE_022,SKU_FRU&VEG_076,SLOT_F&V_21,37,50,83,120,20,40
STORE_022,SKU_FRU&VEG_077,SLOT_F&V_22,34,50,99,133,20,40
STORE_022,SKU_FRU&VEG_078,SLOT_F&V_23,35,50,50,85,20,40
STORE_022,SKU_FRU&VEG_079,SLOT_F&V_24,45,50,86,131,20,40
STORE_022,SKU_FRU&VEG_080,SLOT_F&V_25,26,50,87,113,20,40
STORE_022,SKU_FRU&VEG_081,SLOT_F&V_26,42,50,73,115,20,40
STORE_022,SKU_FRU&VEG_082,SLOT_F&V_27,28,50,56,84,20,40
STORE_022,SKU_FRU&VEG_083,SLOT_F&V_28,40,50,80,120,20,40
STORE_022,SKU_FRU&VEG_084,SLOT_F&V_29,34,50,52,86,20,40
STORE_022,SKU_FRU&VEG_085,SLOT_F&V_30,36,50,96,132,20,40
STORE_022,SKU_FRU&VEG_086,SLOT_F&V_01,26,50,95,121,20,40
STORE_022,SKU_PERCAR_087,SLOT_PC_02,31,50,47,78,20,40
STORE_022,SKU_PERCAR_088,SLOT_PC_03,32,50,80,112,20,40
STORE_022,SKU_PERCAR_089,SLOT_PC_04,38,50,60,98,20,40
STORE_022,SKU_PERCAR_090,SLOT_PC_05,25,50,50,75,20,40
STORE_022,SKU_PERCAR_091,SLOT_PC_06,33,50,77,110,20,40
STORE_022,SKU_PERCAR_092,SLOT_PC_07,28,50,65,93,20,40
STORE_022,SKU_PERCAR_093,SLOT_PC_08,32,50,40,72,20,40
STORE_022,SKU_PERCAR_094,SLOT_PC_09,26,50,77,103,20,40
STORE_022,SKU_PERCAR_095,SLOT_PC_10,40,50,84,124,20,40
STORE_022,SKU_PERCAR_096,SLOT_PC_11,44,50,49,93,20,40
STORE_022,SKU_PERCAR_097,SLOT_PC_12,36,50,89,125,20,40
STORE_022,SKU_PERCAR_098,SLOT_PC_13,27,50,55,82,20,40
STORE_022,SKU_PERCAR_099,SLOT_PC_14,30,50,71,101,20,40
STORE_022,SKU_PERCAR_100,SLOT_PC_15,27,50,83,110,20,40
STORE_022,SKU_SWE_101,SLOT_S_16,44,50,61,105,20,40
STORE_022,SKU_SWE_102,SLOT_S_17,45,50,43,88,20,40
STORE_022,SKU_SWE_103,SLOT_S_18,26,50,62,88,20,40
STORE_022,SKU_SWE_104,SLOT_S_19,45,50,49,94,20,40
STORE_022,SKU_SWE_105,SLOT_S_20,42,50,90,132,20,40
STORE_022,SKU_SWE_106,SLOT_S_21,28,50,48,76,20,40
STORE_022,SKU_SWE_107,SLOT_S_22,40,50,54,94,20,40
STORE_022,SKU_SWE_108,SLOT_S_23,35,50,75,110,20,40
STORE_022,SKU_SWE_109,SLOT_S_24,45,50,88,133,20,40
STORE_022,SKU_SWE_110,SLOT_S_25,36,50,91,127,20,40
STORE_022,SKU_GENERIC_SWE_116,SLOT_S_26,39,50,86,125,20,40
STORE_022,SKU_GENERIC_COLBEV_117,SLOT_CB_27,31,50,41,72,20,40
STORE_022,SKU_GENERIC_HOTBEV_118,SLOT_HB_28,37,50,62,99,20,40
STORE_022,SKU_GENERIC_SNA&CHI_119,SLOT_S&C_29,29,50,56,85,20,40
STORE_022,SKU_GENERIC_INSMEA_120,SLOT_IM_30,26,50,71,97,20,40
STORE_022,SKU_GENERIC_DAI&BAK_121,SLOT_D&B_01,39,50,75,114,20,40
STORE_022,SKU_GENERIC_GRO_122,SLOT_G_02,34,50,74,108,20,40
STORE_022,SKU_GENERIC_FRU&VEG_123,SLOT_F&V_03,40,50,52,92,20,40
STORE_022,SKU_GENERIC_PERCAR_124,SLOT_PC_04,43,50,51,94,20,40
STORE_022,SKU_GENERIC_SWE_125,SLOT_S_05,42,50,62,104,20,40
STORE_022,SKU_GENERIC_COLBEV_126,SLOT_CB_06,35,50,86,121,20,40
STORE_022,SKU_GENERIC_HOTBEV_127,SLOT_HB_07,39,50,57,96,20,40
STORE_022,SKU_GENERIC_SNA&CHI_128,SLOT_S&C_08,44,50,98,142,20,40
STORE_022,SKU_GENERIC_INSMEA_129,SLOT_IM_09,42,50,50,92,20,40
STORE_022,SKU_GENERIC_DAI&BAK_130,SLOT_D&B_10,27,50,73,100,20,40
STORE_022,SKU_GENERIC_GRO_131,SLOT_G_11,29,50,68,97,20,40
STORE_022,SKU_GENERIC_FRU&VEG_132,SLOT_F&V_12,34,50,92,126,20,40
STORE_022,SKU_GENERIC_PERCAR_133,SLOT_PC_13,33,50,74,107,20,40
STORE_022,SKU_GENERIC_SWE_134,SLOT_S_14,36,50,69,105,20,40
STORE_022,SKU_GENERIC_COLBEV_135,SLOT_CB_15,25,50,89,114,20,40
STORE_022,SKU_GENERIC_HOTBEV_136,SLOT_HB_16,45,50,72,117,20,40
STORE_022,SKU_GENERIC_SNA&CHI_137,SLOT_S&C_17,37,50,86,123,20,40
STORE_022,SKU_GENERIC_INSMEA_138,SLOT_IM_18,30,50,96,126,20,40
STORE_022,SKU_GENERIC_DAI&BAK_139,SLOT_D&B_19,25,50,79,104,20,40
STORE_022,SKU_GENERIC_GRO_140,SLOT_G_20,36,50,89,125,20,40
STORE_022,SKU_GENERIC_FRU&VEG_141,SLOT_F&V_21,44,50,55,99,20,40
STORE_022,SKU_GENERIC_PERCAR_142,SLOT_PC_22,35,50,86,121,20,40
STORE_022,SKU_GENERIC_SWE_143,SLOT_S_23,27,50,82,109,20,40
STORE_022,SKU_GENERIC_COLBEV_144,SLOT_CB_24,42,50,92,134,20,40
STORE_022,SKU_GENERIC_HOTBEV_145,SLOT_HB_25,37,50,52,89,20,40
STORE_022,SKU_GENERIC_SNA&CHI_146,SLOT_S&C_26,41,50,83,124,20,40
STORE_022,SKU_GENERIC_INSMEA_147,SLOT_IM_27,40,50,89,129,20,40
STORE_022,SKU_GENERIC_DAI&BAK_148,SLOT_D&B_28,42,50,49,91,20,40
STORE_022,SKU_GENERIC_GRO_149,SLOT_G_29,44,50,58,102,20,40
STORE_022,SKU_GENERIC_FRU&VEG_150,SLOT_F&V_30,35,50,66,101,20,40
STORE_023,SKU_COLD_DRINK_750ML,SLOT_CB_01,45,50,60,105,20,40
STORE_023,SKU_DIET_HERBAL_TEA_250ML,SLOT_HB_02,28,50,46,74,20,40
STORE_023,SKU_ENERGY_DRINK_250ML,SLOT_CB_03,41,50,82,123,20,40
STORE_023,SKU_KALE_CHIPS_50G,SLOT_S&C_04,27,50,42,69,20,40
STORE_023,SKU_CHIPS_100G,SLOT_S&C_05,29,50,51,80,20,40
STORE_023,SKU_COLBEV_001,SLOT_CB_06,26,50,52,78,20,40
STORE_023,SKU_COLBEV_002,SLOT_CB_07,28,50,71,99,20,40
STORE_023,SKU_COLBEV_003,SLOT_CB_08,31,50,46,77,20,40
STORE_023,SKU_COLBEV_004,SLOT_CB_09,26,50,76,102,20,40
STORE_023,SKU_COLBEV_005,SLOT_CB_10,45,50,93,138,20,40
STORE_023,SKU_COLBEV_006,SLOT_CB_11,37,50,82,119,20,40
STORE_023,SKU_COLBEV_007,SLOT_CB_12,40,50,73,113,20,40
STORE_023,SKU_COLBEV_008,SLOT_CB_13,44,50,84,128,20,40
STORE_023,SKU_COLBEV_009,SLOT_CB_14,43,50,56,99,20,40
STORE_023,SKU_COLBEV_010,SLOT_CB_15,26,50,63,89,20,40
STORE_023,SKU_COLBEV_011,SLOT_CB_16,32,50,78,110,20,40
STORE_023,SKU_COLBEV_012,SLOT_CB_17,27,50,40,67,20,40
STORE_023,SKU_COLBEV_013,SLOT_CB_18,31,50,81,112,20,40
STORE_023,SKU_COLBEV_014,SLOT_CB_19,40,50,99,139,20,40
STORE_023,SKU_HOTBEV_015,SLOT_HB_20,27,50,69,96,20,40
STORE_023,SKU_HOTBEV_016,SLOT_HB_21,45,50,43,88,20,40
STORE_023,SKU_HOTBEV_017,SLOT_HB_22,36,50,75,111,20,40
STORE_023,SKU_HOTBEV_018,SLOT_HB_23,38,50,92,130,20,40
STORE_023,SKU_HOTBEV_019,SLOT_HB_24,36,50,90,126,20,40
STORE_023,SKU_HOTBEV_020,SLOT_HB_25,26,50,92,118,20,40
STORE_023,SKU_HOTBEV_021,SLOT_HB_26,44,50,57,101,20,40
STORE_023,SKU_HOTBEV_022,SLOT_HB_27,41,50,42,83,20,40
STORE_023,SKU_HOTBEV_023,SLOT_HB_28,27,50,93,120,20,40
STORE_023,SKU_HOTBEV_024,SLOT_HB_29,34,50,44,78,20,40
STORE_023,SKU_HOTBEV_025,SLOT_HB_30,31,50,73,104,20,40
STORE_023,SKU_SNA&CHI_026,SLOT_S&C_01,28,50,46,74,20,40
STORE_023,SKU_SNA&CHI_027,SLOT_S&C_02,32,50,74,106,20,40
STORE_023,SKU_SNA&CHI_028,SLOT_S&C_03,37,50,52,89,20,40
STORE_023,SKU_SNA&CHI_029,SLOT_S&C_04,31,50,73,104,20,40
STORE_023,SKU_SNA&CHI_030,SLOT_S&C_05,32,50,76,108,20,40
STORE_023,SKU_SNA&CHI_031,SLOT_S&C_06,45,50,100,145,20,40
STORE_023,SKU_SNA&CHI_032,SLOT_S&C_07,30,50,75,105,20,40
STORE_023,SKU_SNA&CHI_033,SLOT_S&C_08,42,50,66,108,20,40
STORE_023,SKU_SNA&CHI_034,SLOT_S&C_09,28,50,89,117,20,40
STORE_023,SKU_SNA&CHI_035,SLOT_S&C_10,45,50,76,121,20,40
STORE_023,SKU_SNA&CHI_036,SLOT_S&C_11,36,50,83,119,20,40
STORE_023,SKU_SNA&CHI_037,SLOT_S&C_12,39,50,84,123,20,40
STORE_023,SKU_SNA&CHI_038,SLOT_S&C_13,38,50,96,134,20,40
STORE_023,SKU_INSMEA_039,SLOT_IM_14,28,50,50,78,20,40
STORE_023,SKU_INSMEA_040,SLOT_IM_15,30,50,75,105,20,40
STORE_023,SKU_INSMEA_041,SLOT_IM_16,37,50,72,109,20,40
STORE_023,SKU_INSMEA_042,SLOT_IM_17,35,50,82,117,20,40
STORE_023,SKU_INSMEA_043,SLOT_IM_18,30,50,74,104,20,40
STORE_023,SKU_INSMEA_044,SLOT_IM_19,44,50,68,112,20,40
STORE_023,SKU_INSMEA_045,SLOT_IM_20,36,50,97,133,20,40
STORE_023,SKU_INSMEA_046,SLOT_IM_21,35,50,75,110,20,40
STORE_023,SKU_INSMEA_047,SLOT_IM_22,35,50,94,129,20,40
STORE_023,SKU_INSMEA_048,SLOT_IM_23,36,50,66,102,20,40
STORE_023,SKU_INSMEA_049,SLOT_IM_24,45,50,67,112,20,40
STORE_023,SKU_INSMEA_050,SLOT_IM_25,35,50,78,113,20,40
STORE_023,SKU_INSMEA_051,SLOT_IM_26,32,50,76,108,20,40
STORE_023,SKU_INSMEA_052,SLOT_IM_27,42,50,53,95,20,40
STORE_023,SKU_INSMEA_053,SLOT_IM_28,37,50,89,126,20,40
STORE_023,SKU_INSMEA_054,SLOT_IM_29,42,50,99,141,20,40
STORE_023,SKU_GRO_055,SLOT_G_30,33,50,63,96,20,40
STORE_023,SKU_GRO_056,SLOT_G_01,39,50,68,107,20,40
STORE_023,SKU_GRO_057,SLOT_G_02,37,50,40,77,20,40
STORE_023,SKU_GRO_058,SLOT_G_03,26,50,58,84,20,40
STORE_023,SKU_GRO_059,SLOT_G_04,44,50,41,85,20,40
STORE_023,SKU_GRO_060,SLOT_G_05,41,50,48,89,20,40
STORE_023,SKU_GRO_061,SLOT_G_06,34,50,40,74,20,40
STORE_023,SKU_GRO_062,SLOT_G_07,34,50,54,88,20,40
STORE_023,SKU_GRO_063,SLOT_G_08,31,50,94,125,20,40
STORE_023,SKU_GRO_064,SLOT_G_09,35,50,41,76,20,40
STORE_023,SKU_GRO_065,SLOT_G_10,33,50,98,131,20,40
STORE_023,SKU_GRO_066,SLOT_G_11,42,50,72,114,20,40
STORE_023,SKU_GRO_067,SLOT_G_12,42,50,76,118,20,40
STORE_023,SKU_GRO_068,SLOT_G_13,43,50,49,92,20,40
STORE_023,SKU_GRO_069,SLOT_G_14,28,50,42,70,20,40
STORE_023,SKU_GRO_070,SLOT_G_15,39,50,62,101,20,40
STORE_023,SKU_GRO_071,SLOT_G_16,29,50,48,77,20,40
STORE_023,SKU_FRU&VEG_072,SLOT_F&V_17,33,50,63,96,20,40
STORE_023,SKU_FRU&VEG_073,SLOT_F&V_18,43,50,55,98,20,40
STORE_023,SKU_FRU&VEG_074,SLOT_F&V_19,32,50,56,88,20,40
STORE_023,SKU_FRU&VEG_075,SLOT_F&V_20,34,50,45,79,20,40
STORE_023,SKU_FRU&VEG_076,SLOT_F&V_21,43,50,65,108,20,40
STORE_023,SKU_FRU&VEG_077,SLOT_F&V_22,43,50,98,141,20,40
STORE_023,SKU_FRU&VEG_078,SLOT_F&V_23,31,50,86,117,20,40
STORE_023,SKU_FRU&VEG_079,SLOT_F&V_24,27,50,86,113,20,40
STORE_023,SKU_FRU&VEG_080,SLOT_F&V_25,35,50,90,125,20,40
STORE_023,SKU_FRU&VEG_081,SLOT_F&V_26,40,50,51,91,20,40
STORE_023,SKU_FRU&VEG_082,SLOT_F&V_27,40,50,92,132,20,40
STORE_023,SKU_FRU&VEG_083,SLOT_F&V_28,43,50,92,135,20,40
STORE_023,SKU_FRU&VEG_084,SLOT_F&V_29,28,50,78,106,20,40
STORE_023,SKU_FRU&VEG_085,SLOT_F&V_30,45,50,59,104,20,40
STORE_023,SKU_FRU&VEG_086,SLOT_F&V_01,26,50,86,112,20,40
STORE_023,SKU_PERCAR_087,SLOT_PC_02,43,50,64,107,20,40
STORE_023,SKU_PERCAR_088,SLOT_PC_03,27,50,89,116,20,40
STORE_023,SKU_PERCAR_089,SLOT_PC_04,26,50,98,124,20,40
STORE_023,SKU_PERCAR_090,SLOT_PC_05,35,50,62,97,20,40
STORE_023,SKU_PERCAR_091,SLOT_PC_06,38,50,66,104,20,40
STORE_023,SKU_PERCAR_092,SLOT_PC_07,28,50,95,123,20,40
STORE_023,SKU_PERCAR_093,SLOT_PC_08,32,50,87,119,20,40
STORE_023,SKU_PERCAR_094,SLOT_PC_09,45,50,94,139,20,40
STORE_023,SKU_PERCAR_095,SLOT_PC_10,44,50,99,143,20,40
STORE_023,SKU_PERCAR_096,SLOT_PC_11,25,50,80,105,20,40
STORE_023,SKU_PERCAR_097,SLOT_PC_12,45,50,64,109,20,40
STORE_023,SKU_PERCAR_098,SLOT_PC_13,26,50,59,85,20,40
STORE_023,SKU_PERCAR_099,SLOT_PC_14,41,50,42,83,20,40
STORE_023,SKU_PERCAR_100,SLOT_PC_15,35,50,74,109,20,40
STORE_023,SKU_SWE_101,SLOT_S_16,43,50,49,92,20,40
STORE_023,SKU_SWE_102,SLOT_S_17,35,50,72,107,20,40
STORE_023,SKU_SWE_103,SLOT_S_18,32,50,49,81,20,40
STORE_023,SKU_SWE_104,SLOT_S_19,26,50,83,109,20,40
STORE_023,SKU_SWE_105,SLOT_S_20,37,50,68,105,20,40
STORE_023,SKU_SWE_106,SLOT_S_21,44,50,76,120,20,40
STORE_023,SKU_SWE_107,SLOT_S_22,41,50,45,86,20,40
STORE_023,SKU_SWE_108,SLOT_S_23,32,50,67,99,20,40
STORE_023,SKU_SWE_109,SLOT_S_24,34,50,90,124,20,40
STORE_023,SKU_SWE_110,SLOT_S_25,37,50,49,86,20,40
STORE_023,SKU_GENERIC_SWE_116,SLOT_S_26,29,50,61,90,20,40
STORE_023,SKU_GENERIC_COLBEV_117,SLOT_CB_27,27,50,70,97,20,40
STORE_023,SKU_GENERIC_HOTBEV_118,SLOT_HB_28,43,50,87,130,20,40
STORE_023,SKU_GENERIC_SNA&CHI_119,SLOT_S&C_29,26,50,75,101,20,40
STORE_023,SKU_GENERIC_INSMEA_120,SLOT_IM_30,37,50,56,93,20,40
STORE_023,SKU_GENERIC_DAI&BAK_121,SLOT_D&B_01,27,50,65,92,20,40
STORE_023,SKU_GENERIC_GRO_122,SLOT_G_02,41,50,67,108,20,40
STORE_023,SKU_GENERIC_FRU&VEG_123,SLOT_F&V_03,29,50,88,117,20,40
STORE_023,SKU_GENERIC_PERCAR_124,SLOT_PC_04,29,50,70,99,20,40
STORE_023,SKU_GENERIC_SWE_125,SLOT_S_05,42,50,52,94,20,40
STORE_023,SKU_GENERIC_COLBEV_126,SLOT_CB_06,40,50,65,105,20,40
STORE_023,SKU_GENERIC_HOTBEV_127,SLOT_HB_07,45,50,76,121,20,40
STORE_023,SKU_GENERIC_SNA&CHI_128,SLOT_S&C_08,31,50,75,106,20,40
STORE_023,SKU_GENERIC_INSMEA_129,SLOT_IM_09,44,50,87,131,20,40
STORE_023,SKU_GENERIC_DAI&BAK_130,SLOT_D&B_10,41,50,55,96,20,40
STORE_023,SKU_GENERIC_GRO_131,SLOT_G_11,32,50,44,76,20,40
STORE_023,SKU_GENERIC_FRU&VEG_132,SLOT_F&V_12,33,50,89,122,20,40
STORE_023,SKU_GENERIC_PERCAR_133,SLOT_PC_13,38,50,60,98,20,40
STORE_023,SKU_GENERIC_SWE_134,SLOT_S_14,43,50,45,88,20,40
STORE_023,SKU_GENERIC_COLBEV_135,SLOT_CB_15,28,50,82,110,20,40
STORE_023,SKU_GENERIC_HOTBEV_136,SLOT_HB_16,38,50,67,105,20,40
STORE_023,SKU_GENERIC_SNA&CHI_137,SLOT_S&C_17,36,50,62,98,20,40
STORE_023,SKU_GENERIC_INSMEA_138,SLOT_IM_18,31,50,60,91,20,40
STORE_023,SKU_GENERIC_DAI&BAK_139,SLOT_D&B_19,36,50,78,114,20,40
STORE_023,SKU_GENERIC_GRO_140,SLOT_G_20,45,50,41,86,20,40
STORE_023,SKU_GENERIC_FRU&VEG_141,SLOT_F&V_21,34,50,50,84,20,40
STORE_023,SKU_GENERIC_PERCAR_142,SLOT_PC_22,36,50,79,115,20,40
STORE_023,SKU_GENERIC_SWE_143,SLOT_S_23,39,50,79,118,20,40
STORE_023,SKU_GENERIC_COLBEV_144,SLOT_CB_24,29,50,68,97,20,40
STORE_023,SKU_GENERIC_HOTBEV_145,SLOT_HB_25,26,50,99,125,20,40
STORE_023,SKU_GENERIC_SNA&CHI_146,SLOT_S&C_26,32,50,52,84,20,40
STORE_023,SKU_GENERIC_INSMEA_147,SLOT_IM_27,36,50,49,85,20,40
STORE_023,SKU_GENERIC_DAI&BAK_148,SLOT_D&B_28,27,50,47,74,20,40
STORE_023,SKU_GENERIC_GRO_149,SLOT_G_29,26,50,55,81,20,40
STORE_023,SKU_GENERIC_FRU&VEG_150,SLOT_F&V_30,44,50,99,143,20,40
STORE_024,SKU_COLD_DRINK_750ML,SLOT_CB_01,29,50,95,124,20,40
STORE_024,SKU_DIET_HERBAL_TEA_250ML,SLOT_HB_02,34,50,40,74,20,40
STORE_024,SKU_ENERGY_DRINK_250ML,SLOT_CB_03,35,50,84,119,20,40
STORE_024,SKU_KALE_CHIPS_50G,SLOT_S&C_04,28,50,59,87,20,40
STORE_024,SKU_CHIPS_100G,SLOT_S&C_05,39,50,70,109,20,40
STORE_024,SKU_COLBEV_001,SLOT_CB_06,25,50,61,86,20,40
STORE_024,SKU_COLBEV_002,SLOT_CB_07,31,50,87,118,20,40
STORE_024,SKU_COLBEV_003,SLOT_CB_08,42,50,53,95,20,40
STORE_024,SKU_COLBEV_004,SLOT_CB_09,31,50,74,105,20,40
STORE_024,SKU_COLBEV_005,SLOT_CB_10,41,50,88,129,20,40
STORE_024,SKU_COLBEV_006,SLOT_CB_11,33,50,75,108,20,40
STORE_024,SKU_COLBEV_007,SLOT_CB_12,40,50,79,119,20,40
STORE_024,SKU_COLBEV_008,SLOT_CB_13,29,50,84,113,20,40
STORE_024,SKU_COLBEV_009,SLOT_CB_14,25,50,64,89,20,40
STORE_024,SKU_COLBEV_010,SLOT_CB_15,43,50,97,140,20,40
STORE_024,SKU_COLBEV_011,SLOT_CB_16,41,50,42,83,20,40
STORE_024,SKU_COLBEV_012,SLOT_CB_17,33,50,50,83,20,40
STORE_024,SKU_COLBEV_013,SLOT_CB_18,26,50,58,84,20,40
STORE_024,SKU_COLBEV_014,SLOT_CB_19,31,50,90,121,20,40
STORE_024,SKU_HOTBEV_015,SLOT_HB_20,44,50,57,101,20,40
STORE_024,SKU_HOTBEV_016,SLOT_HB_21,26,50,69,95,20,40
STORE_024,SKU_HOTBEV_017,SLOT_HB_22,45,50,100,145,20,40
STORE_024,SKU_HOTBEV_018,SLOT_HB_23,25,50,44,69,20,40
STORE_024,SKU_HOTBEV_019,SLOT_HB_24,37,50,82,119,20,40
STORE_024,SKU_HOTBEV_020,SLOT_HB_25,33,50,82,115,20,40
STORE_024,SKU_HOTBEV_021,SLOT_HB_26,36,50,95,131,20,40
STORE_024,SKU_HOTBEV_022,SLOT_HB_27,28,50,41,69,20,40
STORE_024,SKU_HOTBEV_023,SLOT_HB_28,34,50,95,129,20,40
STORE_024,SKU_HOTBEV_024,SLOT_HB_29,45,50,64,109,20,40
STORE_024,SKU_HOTBEV_025,SLOT_HB_30,32,50,64,96,20,40
STORE_024,SKU_SNA&CHI_026,SLOT_S&C_01,41,50,85,126,20,40
STORE_024,SKU_SNA&CHI_027,SLOT_S&C_02,28,50,97,125,20,40
STORE_024,SKU_SNA&CHI_028,SLOT_S&C_03,35,50,71,106,20,40
STORE_024,SKU_SNA&CHI_029,SLOT_S&C_04,44,50,74,118,20,40
STORE_024,SKU_SNA&CHI_030,SLOT_S&C_05,27,50,51,78,20,40
STORE_024,SKU_SNA&CHI_031,SLOT_S&C_06,31,50,72,103,20,40
STORE_024,SKU_SNA&CHI_032,SLOT_S&C_07,39,50,75,114,20,40
STORE_024,SKU_SNA&CHI_033,SLOT_S&C_08,25,50,42,67,20,40
STORE_024,SKU_SNA&CHI_034,SLOT_S&C_09,32,50,99,131,20,40
STORE_024,SKU_SNA&CHI_035,SLOT_S&C_10,41,50,59,100,20,40
STORE_024,SKU_SNA&CHI_036,SLOT_S&C_11,35,50,71,106,20,40
STORE_024,SKU_SNA&CHI_037,SLOT_S&C_12,37,50,87,124,20,40
STORE_024,SKU_SNA&CHI_038,SLOT_S&C_13,30,50,41,71,20,40
STORE_024,SKU_INSMEA_039,SLOT_IM_14,36,50,83,119,20,40
STORE_024,SKU_INSMEA_040,SLOT_IM_15,36,50,62,98,20,40
STORE_024,SKU_INSMEA_041,SLOT_IM_16,45,50,59,104,20,40
STORE_024,SKU_INSMEA_042,SLOT_IM_17,32,50,72,104,20,40
STORE_024,SKU_INSMEA_043,SLOT_IM_18,33,50,91,124,20,40
STORE_024,SKU_INSMEA_044,SLOT_IM_19,26,50,80,106,20,40
STORE_024,SKU_INSMEA_045,SLOT_IM_20,33,50,96,129,20,40
STORE_024,SKU_INSMEA_046,SLOT_IM_21,37,50,96,133,20,40
STORE_024,SKU_INSMEA_047,SLOT_IM_22,25,50,100,125,20,40
STORE_024,SKU_INSMEA_048,SLOT_IM_23,42,50,100,142,20,40
STORE_024,SKU_INSMEA_049,SLOT_IM_24,33,50,54,87,20,40
STORE_024,SKU_INSMEA_050,SLOT_IM_25,29,50,61,90,20,40
STORE_024,SKU_INSMEA_051,SLOT_IM_26,37,50,82,119,20,40
STORE_024,SKU_INSMEA_052,SLOT_IM_27,29,50,45,74,20,40
STORE_024,SKU_INSMEA_053,SLOT_IM_28,37,50,73,110,20,40
STORE_024,SKU_INSMEA_054,SLOT_IM_29,44,50,95,139,20,40
STORE_024,SKU_GRO_055,SLOT_G_30,45,50,83,128,20,40
STORE_024,SKU_GRO_056,SLOT_G_01,32,50,66,98,20,40
STORE_024,SKU_GRO_057,SLOT_G_02,32,50,76,108,20,40
STORE_024,SKU_GRO_058,SLOT_G_03,29,50,67,96,20,40
STORE_024,SKU_GRO_059,SLOT_G_04,34,50,98,132,20,40
STORE_024,SKU_GRO_060,SLOT_G_05,44,50,61,105,20,40
STORE_024,SKU_GRO_061,SLOT_G_06,39,50,74,113,20,40
STORE_024,SKU_GRO_062,SLOT_G_07,29,50,53,82,20,40
STORE_024,SKU_GRO_063,SLOT_G_08,45,50,48,93,20,40
STORE_024,SKU_GRO_064,SLOT_G_09,43,50,74,117,20,40
STORE_024,SKU_GRO_065,SLOT_G_10,31,50,95,126,20,40
STORE_024,SKU_GRO_066,SLOT_G_11,29,50,59,88,20,40
STORE_024,SKU_GRO_067,SLOT_G_12,41,50,98,139,20,40
STORE_024,SKU_GRO_068,SLOT_G_13,29,50,67,96,20,40
STORE_024,SKU_GRO_069,SLOT_G_14,29,50,81,110,20,40
STORE_024,SKU_GRO_070,SLOT_G_15,43,50,98,141,20,40
STORE_024,SKU_GRO_071,SLOT_G_16,30,50,60,90,20,40
STORE_024,SKU_FRU&VEG_072,SLOT_F&V_17,27,50,75,102,20,40
STORE_024,SKU_FRU&VEG_073,SLOT_F&V_18,42,50,100,142,20,40
STORE_024,SKU_FRU&VEG_074,SLOT_F&V_19,28,50,51,79,20,40
STORE_024,SKU_FRU&VEG_075,SLOT_F&V_20,35,50,93,128,20,40
STORE_024,SKU_FRU&VEG_076,SLOT_F&V_21,29,50,86,115,20,40
STORE_024,SKU_FRU&VEG_077,SLOT_F&V_22,25,50,88,113,20,40
STORE_024,SKU_FRU&VEG_078,SLOT_F&V_23,35,50,96,131,20,40
STORE_024,SKU_FRU&VEG_079,SLOT_F&V_24,38,50,66,104,20,40
STORE_024,SKU_FRU&VEG_080,SLOT_F&V_25,34,50,68,102,20,40
STORE_024,SKU_FRU&VEG_081,SLOT_F&V_26,45,50,99,144,20,40
STORE_024,SKU_FRU&VEG_082,SLOT_F&V_27,33,50,49,82,20,40
STORE_024,SKU_FRU&VEG_083,SLOT_F&V_28,31,50,46,77,20,40
STORE_024,SKU_FRU&VEG_084,SLOT_F&V_29,29,50,51,80,20,40
STORE_024,SKU_FRU&VEG_085,SLOT_F&V_30,25,50,88,113,20,40
STORE_024,SKU_FRU&VEG_086,SLOT_F&V_01,44,50,79,123,20,40
STORE_024,SKU_PERCAR_087,SLOT_PC_02,33,50,78,111,20,40
STORE_024,SKU_PERCAR_088,SLOT_PC_03,43,50,79,122,20,40
STORE_024,SKU_PERCAR_089,SLOT_PC_04,32,50,78,110,20,40
STORE_024,SKU_PERCAR_090,SLOT_PC_05,32,50,54,86,20,40
STORE_024,SKU_PERCAR_091,SLOT_PC_06,25,50,62,87,20,40
STORE_024,SKU_PERCAR_092,SLOT_PC_07,27,50,84,111,20,40
STORE_024,SKU_PERCAR_093,SLOT_PC_08,40,50,48,88,20,40
STORE_024,SKU_PERCAR_094,SLOT_PC_09,41,50,94,135,20,40
STORE_024,SKU_PERCAR_095,SLOT_PC_10,44,50,70,114,20,40
STORE_024,SKU_PERCAR_096,SLOT_PC_11,45,50,63,108,20,40
STORE_024,SKU_PERCAR_097,SLOT_PC_12,30,50,94,124,20,40
STORE_024,SKU_PERCAR_098,SLOT_PC_13,37,50,71,108,20,40
STORE_024,SKU_PERCAR_099,SLOT_PC_14,40,50,48,88,20,40
STORE_024,SKU_PERCAR_100,SLOT_PC_15,30,50,52,82,20,40
STORE_024,SKU_SWE_101,SLOT_S_16,32,50,42,74,20,40
STORE_024,SKU_SWE_102,SLOT_S_17,38,50,88,126,20,40
STORE_024,SKU_SWE_103,SLOT_S_18,25,50,99,124,20,40
STORE_024,SKU_SWE_104,SLOT_S_19,33,50,100,133,20,40
STORE_024,SKU_SWE_105,SLOT_S_20,38,50,54,92,20,40
STORE_024,SKU_SWE_106,SLOT_S_21,31,50,88,119,20,40
STORE_024,SKU_SWE_107,SLOT_S_22,31,50,44,75,20,40
STORE_024,SKU_SWE_108,SLOT_S_23,30,50,99,129,20,40
STORE_024,SKU_SWE_109,SLOT_S_24,39,50,95,134,20,40
STORE_024,SKU_SWE_110,SLOT_S_25,44,50,71,115,20,40
STORE_024,SKU_GENERIC_SWE_116,SLOT_S_26,35,50,95,130,20,40
STORE_024,SKU_GENERIC_COLBEV_117,SLOT_CB_27,39,50,96,135,20,40
STORE_024,SKU_GENERIC_HOTBEV_118,SLOT_HB_28,32,50,67,99,20,40
STORE_024,SKU_GENERIC_SNA&CHI_119,SLOT_S&C_29,37,50,89,126,20,40
STORE_024,SKU_GENERIC_INSMEA_120,SLOT_IM_30,26,50,78,104,20,40
STORE_024,SKU_GENERIC_DAI&BAK_121,SLOT_D&B_01,37,50,86,123,20,40
STORE_024,SKU_GENERIC_GRO_122,SLOT_G_02,35,50,65,100,20,40
STORE_024,SKU_GENERIC_FRU&VEG_123,SLOT_F&V_03,44,50,100,144,20,40
STORE_024,SKU_GENERIC_PERCAR_124,SLOT_PC_04,43,50,78,121,20,40
STORE_024,SKU_GENERIC_SWE_125,SLOT_S_05,42,50,73,115,20,40
STORE_024,SKU_GENERIC_COLBEV_126,SLOT_CB_06,45,50,96,141,20,40
STORE_024,SKU_GENERIC_HOTBEV_127,SLOT_HB_07,26,50,73,99,20,40
STORE_024,SKU_GENERIC_SNA&CHI_128,SLOT_S&C_08,28,50,68,96,20,40
STORE_024,SKU_GENERIC_INSMEA_129,SLOT_IM_09,39,50,92,131,20,40
STORE_024,SKU_GENERIC_DAI&BAK_130,SLOT_D&B_10,26,50,96,122,20,40
STORE_024,SKU_GENERIC_GRO_131,SLOT_G_11,32,50,73,105,20,40
STORE_024,SKU_GENERIC_FRU&VEG_132,SLOT_F&V_12,42,50,65,107,20,40
STORE_024,SKU_GENERIC_PERCAR_133,SLOT_PC_13,26,50,75,101,20,40
STORE_024,SKU_GENERIC_SWE_134,SLOT_S_14,37,50,73,110,20,40
STORE_024,SKU_GENERIC_COLBEV_135,SLOT_CB_15,45,50,43,88,20,40
STORE_024,SKU_GENERIC_HOTBEV_136,SLOT_HB_16,31,50,58,89,20,40
STORE_024,SKU_GENERIC_SNA&CHI_137,SLOT_S&C_17,39,50,65,104,20,40
STORE_024,SKU_GENERIC_INSMEA_138,SLOT_IM_18,34,50,89,123,20,40
STORE_024,SKU_GENERIC_DAI&BAK_139,SLOT_D&B_19,34,50,69,103,20,40
STORE_024,SKU_GENERIC_GRO_140,SLOT_G_20,30,50,67,97,20,40
STORE_024,SKU_GENERIC_FRU&VEG_141,SLOT_F&V_21,34,50,79,113,20,40
STORE_024,SKU_GENERIC_PERCAR_142,SLOT_PC_22,26,50,84,110,20,40
STORE_024,SKU_GENERIC_SWE_143,SLOT_S_23,41,50,97,138,20,40
STORE_024,SKU_GENERIC_COLBEV_144,SLOT_CB_24,29,50,69,98,20,40
STORE_024,SKU_GENERIC_HOTBEV_145,SLOT_HB_25,45,50,68,113,20,40
STORE_024,SKU_GENERIC_SNA&CHI_146,SLOT_S&C_26,27,50,86,113,20,40
STORE_024,SKU_GENERIC_INSMEA_147,SLOT_IM_27,41,50,47,88,20,40
STORE_024,SKU_GENERIC_DAI&BAK_148,SLOT_D&B_28,30,50,89,119,20,40
STORE_024,SKU_GENERIC_GRO_149,SLOT_G_29,43,50,100,143,20,40
STORE_024,SKU_GENERIC_FRU&VEG_150,SLOT_F&V_30,42,50,48,90,20,40
STORE_025,SKU_COLD_DRINK_750ML,SLOT_CB_01,37,50,66,103,20,40
STORE_025,SKU_DIET_HERBAL_TEA_250ML,SLOT_HB_02,35,50,68,103,20,40
STORE_025,SKU_ENERGY_DRINK_250ML,SLOT_CB_03,25,50,51,76,20,40
STORE_025,SKU_KALE_CHIPS_50G,SLOT_S&C_04,39,50,77,116,20,40
STORE_025,SKU_CHIPS_100G,SLOT_S&C_05,31,50,96,127,20,40
STORE_025,SKU_COLBEV_001,SLOT_CB_06,39,50,45,84,20,40
STORE_025,SKU_COLBEV_002,SLOT_CB_07,33,50,60,93,20,40
STORE_025,SKU_COLBEV_003,SLOT_CB_08,45,50,98,143,20,40
STORE_025,SKU_COLBEV_004,SLOT_CB_09,30,50,85,115,20,40
STORE_025,SKU_COLBEV_005,SLOT_CB_10,28,50,45,73,20,40
STORE_025,SKU_COLBEV_006,SLOT_CB_11,28,50,85,113,20,40
STORE_025,SKU_COLBEV_007,SLOT_CB_12,39,50,80,119,20,40
STORE_025,SKU_COLBEV_008,SLOT_CB_13,36,50,45,81,20,40
STORE_025,SKU_COLBEV_009,SLOT_CB_14,41,50,85,126,20,40
STORE_025,SKU_COLBEV_010,SLOT_CB_15,37,50,86,123,20,40
STORE_025,SKU_COLBEV_011,SLOT_CB_16,41,50,79,120,20,40
STORE_025,SKU_COLBEV_012,SLOT_CB_17,30,50,64,94,20,40
STORE_025,SKU_COLBEV_013,SLOT_CB_18,42,50,64,106,20,40
STORE_025,SKU_COLBEV_014,SLOT_CB_19,26,50,89,115,20,40
STORE_025,SKU_HOTBEV_015,SLOT_HB_20,30,50,98,128,20,40
STORE_025,SKU_HOTBEV_016,SLOT_HB_21,35,50,76,111,20,40
STORE_025,SKU_HOTBEV_017,SLOT_HB_22,29,50,50,79,20,40
STORE_025,SKU_HOTBEV_018,SLOT_HB_23,29,50,51,80,20,40
STORE_025,SKU_HOTBEV_019,SLOT_HB_24,26,50,66,92,20,40
STORE_025,SKU_HOTBEV_020,SLOT_HB_25,34,50,59,93,20,40
STORE_025,SKU_HOTBEV_021,SLOT_HB_26,39,50,58,97,20,40
STORE_025,SKU_HOTBEV_022,SLOT_HB_27,45,50,51,96,20,40
STORE_025,SKU_HOTBEV_023,SLOT_HB_28,28,50,97,125,20,40
STORE_025,SKU_HOTBEV_024,SLOT_HB_29,29,50,52,81,20,40
STORE_025,SKU_HOTBEV_025,SLOT_HB_30,25,50,79,104,20,40
STORE_025,SKU_SNA&CHI_026,SLOT_S&C_01,33,50,40,73,20,40
STORE_025,SKU_SNA&CHI_027,SLOT_S&C_02,39,50,71,110,20,40
STORE_025,SKU_SNA&CHI_028,SLOT_S&C_03,40,50,74,114,20,40
STORE_025,SKU_SNA&CHI_029,SLOT_S&C_04,25,50,78,103,20,40
STORE_025,SKU_SNA&CHI_030,SLOT_S&C_05,40,50,55,95,20,40
STORE_025,SKU_SNA&CHI_031,SLOT_S&C_06,31,50,77,108,20,40
STORE_025,SKU_SNA&CHI_032,SLOT_S&C_07,40,50,69,109,20,40
STORE_025,SKU_SNA&CHI_033,SLOT_S&C_08,38,50,68,106,20,40
STORE_025,SKU_SNA&CHI_034,SLOT_S&C_09,27,50,78,105,20,40
STORE_025,SKU_SNA&CHI_035,SLOT_S&C_10,44,50,40,84,20,40
STORE_025,SKU_SNA&CHI_036,SLOT_S&C_11,32,50,96,128,20,40
STORE_025,SKU_SNA&CHI_037,SLOT_S&C_12,42,50,57,99,20,40
STORE_025,SKU_SNA&CHI_038,SLOT_S&C_13,44,50,80,124,20,40
STORE_025,SKU_INSMEA_039,SLOT_IM_14,42,50,92,134,20,40
STORE_025,SKU_INSMEA_040,SLOT_IM_15,31,50,43,74,20,40
STORE_025,SKU_INSMEA_041,SLOT_IM_16,30,50,49,79,20,40
STORE_025,SKU_INSMEA_042,SLOT_IM_17,26,50,81,107,20,40
STORE_025,SKU_INSMEA_043,SLOT_IM_18,36,50,42,78,20,40
STORE_025,SKU_INSMEA_044,SLOT_IM_19,29,50,94,123,20,40
STORE_025,SKU_INSMEA_045,SLOT_IM_20,26,50,82,108,20,40
STORE_025,SKU_INSMEA_046,SLOT_IM_21,43,50,93,136,20,40
STORE_025,SKU_INSMEA_047,SLOT_IM_22,44,50,59,103,20,40
STORE_025,SKU_INSMEA_048,SLOT_IM_23,35,50,98,133,20,40
STORE_025,SKU_INSMEA_049,SLOT_IM_24,27,50,43,70,20,40
STORE_025,SKU_INSMEA_050,SLOT_IM_25,28,50,66,94,20,40
STORE_025,SKU_INSMEA_051,SLOT_IM_26,30,50,50,80,20,40
STORE_025,SKU_INSMEA_052,SLOT_IM_27,34,50,79,113,20,40
STORE_025,SKU_INSMEA_053,SLOT_IM_28,44,50,76,120,20,40
STORE_025,SKU_INSMEA_054,SLOT_IM_29,42,50,51,93,20,40
STORE_025,SKU_GRO_055,SLOT_G_30,39,50,87,126,20,40
STORE_025,SKU_GRO_056,SLOT_G_01,43,50,63,106,20,40
STORE_025,SKU_GRO_057,SLOT_G_02,26,50,45,71,20,40
STORE_025,SKU_GRO_058,SLOT_G_03,34,50,60,94,20,40
STORE_025,SKU_GRO_059,SLOT_G_04,36,50,97,133,20,40
STORE_025,SKU_GRO_060,SLOT_G_05,37,50,92,129,20,40
STORE_025,SKU_GRO_061,SLOT_G_06,27,50,88,115,20,40
STORE_025,SKU_GRO_062,SLOT_G_07,38,50,93,131,20,40
STORE_025,SKU_GRO_063,SLOT_G_08,42,50,44,86,20,40
STORE_025,SKU_GRO_064,SLOT_G_09,34,50,70,104,20,40
STORE_025,SKU_GRO_065,SLOT_G_10,29,50,47,76,20,40
STORE_025,SKU_GRO_066,SLOT_G_11,33,50,61,94,20,40
STORE_025,SKU_GRO_067,SLOT_G_12,41,50,66,107,20,40
STORE_025,SKU_GRO_068,SLOT_G_13,41,50,53,94,20,40
STORE_025,SKU_GRO_069,SLOT_G_14,31,50,79,110,20,40
STORE_025,SKU_GRO_070,SLOT_G_15,26,50,46,72,20,40
STORE_025,SKU_GRO_071,SLOT_G_16,43,50,86,129,20,40
STORE_025,SKU_FRU&VEG_072,SLOT_F&V_17,45,50,73,118,20,40
STORE_025,SKU_FRU&VEG_073,SLOT_F&V_18,27,50,70,97,20,40
STORE_025,SKU_FRU&VEG_074,SLOT_F&V_19,44,50,99,143,20,40
STORE_025,SKU_FRU&VEG_075,SLOT_F&V_20,34,50,67,101,20,40
STORE_025,SKU_FRU&VEG_076,SLOT_F&V_21,44,50,94,138,20,40
STORE_025,SKU_FRU&VEG_077,SLOT_F&V_22,35,50,56,91,20,40
STORE_025,SKU_FRU&VEG_078,SLOT_F&V_23,41,50,76,117,20,40
STORE_025,SKU_FRU&VEG_079,SLOT_F&V_24,44,50,62,106,20,40
STORE_025,SKU_FRU&VEG_080,SLOT_F&V_25,29,50,79,108,20,40
STORE_025,SKU_FRU&VEG_081,SLOT_F&V_26,43,50,71,114,20,40
STORE_025,SKU_FRU&VEG_082,SLOT_F&V_27,41,50,86,127,20,40
STORE_025,SKU_FRU&VEG_083,SLOT_F&V_28,45,50,71,116,20,40
STORE_025,SKU_FRU&VEG_084,SLOT_F&V_29,40,50,91,131,20,40
STORE_025,SKU_FRU&VEG_085,SLOT_F&V_30,30,50,96,126,20,40
STORE_025,SKU_FRU&VEG_086,SLOT_F&V_01,44,50,54,98,20,40
STORE_025,SKU_PERCAR_087,SLOT_PC_02,34,50,52,86,20,40
STORE_025,SKU_PERCAR_088,SLOT_PC_03,25,50,47,72,20,40
STORE_025,SKU_PERCAR_089,SLOT_PC_04,25,50,69,94,20,40
STORE_025,SKU_PERCAR_090,SLOT_PC_05,45,50,90,135,20,40
STORE_025,SKU_PERCAR_091,SLOT_PC_06,28,50,87,115,20,40
STORE_025,SKU_PERCAR_092,SLOT_PC_07,31,50,91,122,20,40
STORE_025,SKU_PERCAR_093,SLOT_PC_08,44,50,66,110,20,40
STORE_025,SKU_PERCAR_094,SLOT_PC_09,38,50,42,80,20,40
STORE_025,SKU_PERCAR_095,SLOT_PC_10,35,50,62,97,20,40
STORE_025,SKU_PERCAR_096,SLOT_PC_11,42,50,91,133,20,40
STORE_025,SKU_PERCAR_097,SLOT_PC_12,45,50,53,98,20,40
STORE_025,SKU_PERCAR_098,SLOT_PC_13,25,50,80,105,20,40
STORE_025,SKU_PERCAR_099,SLOT_PC_14,31,50,84,115,20,40
STORE_025,SKU_PERCAR_100,SLOT_PC_15,34,50,56,90,20,40
STORE_025,SKU_SWE_101,SLOT_S_16,27,50,59,86,20,40
STORE_025,SKU_SWE_102,SLOT_S_17,34,50,72,106,20,40
STORE_025,SKU_SWE_103,SLOT_S_18,42,50,60,102,20,40
STORE_025,SKU_SWE_104,SLOT_S_19,25,50,47,72,20,40
STORE_025,SKU_SWE_105,SLOT_S_20,35,50,61,96,20,40
STORE_025,SKU_SWE_106,SLOT_S_21,37,50,86,123,20,40
STORE_025,SKU_SWE_107,SLOT_S_22,43,50,79,122,20,40
STORE_025,SKU_SWE_108,SLOT_S_23,25,50,93,118,20,40
STORE_025,SKU_SWE_109,SLOT_S_24,30,50,52,82,20,40
STORE_025,SKU_SWE_110,SLOT_S_25,35,50,93,128,20,40
STORE_025,SKU_GENERIC_SWE_116,SLOT_S_26,35,50,99,134,20,40
STORE_025,SKU_GENERIC_COLBEV_117,SLOT_CB_27,40,50,98,138,20,40
STORE_025,SKU_GENERIC_HOTBEV_118,SLOT_HB_28,40,50,91,131,20,40
STORE_025,SKU_GENERIC_SNA&CHI_119,SLOT_S&C_29,26,50,81,107,20,40
STORE_025,SKU_GENERIC_INSMEA_120,SLOT_IM_30,29,50,70,99,20,40
STORE_025,SKU_GENERIC_DAI&BAK_121,SLOT_D&B_01,29,50,80,109,20,40
STORE_025,SKU_GENERIC_GRO_122,SLOT_G_02,39,50,97,136,20,40
STORE_025,SKU_GENERIC_FRU&VEG_123,SLOT_F&V_03,42,50,97,139,20,40
STORE_025,SKU_GENERIC_PERCAR_124,SLOT_PC_04,35,50,69,104,20,40
STORE_025,SKU_GENERIC_SWE_125,SLOT_S_05,38,50,99,137,20,40
STORE_025,SKU_GENERIC_COLBEV_126,SLOT_CB_06,26,50,93,119,20,40
STORE_025,SKU_GENERIC_HOTBEV_127,SLOT_HB_07,41,50,59,100,20,40
STORE_025,SKU_GENERIC_SNA&CHI_128,SLOT_S&C_08,43,50,86,129,20,40
STORE_025,SKU_GENERIC_INSMEA_129,SLOT_IM_09,35,50,75,110,20,40
STORE_025,SKU_GENERIC_DAI&BAK_130,SLOT_D&B_10,42,50,41,83,20,40
STORE_025,SKU_GENERIC_GRO_131,SLOT_G_11,31,50,76,107,20,40
STORE_025,SKU_GENERIC_FRU&VEG_132,SLOT_F&V_12,35,50,91,126,20,40
STORE_025,SKU_GENERIC_PERCAR_133,SLOT_PC_13,36,50,44,80,20,40
STORE_025,SKU_GENERIC_SWE_134,SLOT_S_14,29,50,57,86,20,40
STORE_025,SKU_GENERIC_COLBEV_135,SLOT_CB_15,25,50,61,86,20,40
STORE_025,SKU_GENERIC_HOTBEV_136,SLOT_HB_16,37,50,80,117,20,40
STORE_025,SKU_GENERIC_SNA&CHI_137,SLOT_S&C_17,42,50,93,135,20,40
STORE_025,SKU_GENERIC_INSMEA_138,SLOT_IM_18,30,50,76,106,20,40
STORE_025,SKU_GENERIC_DAI&BAK_139,SLOT_D&B_19,44,50,64,108,20,40
STORE_025,SKU_GENERIC_GRO_140,SLOT_G_20,30,50,78,108,20,40
STORE_025,SKU_GENERIC_FRU&VEG_141,SLOT_F&V_21,28,50,95,123,20,40
STORE_025,SKU_GENERIC_PERCAR_142,SLOT_PC_22,34,50,85,119,20,40
STORE_025,SKU_GENERIC_SWE_143,SLOT_S_23,35,50,85,120,20,40
STORE_025,SKU_GENERIC_COLBEV_144,SLOT_CB_24,26,50,57,83,20,40
STORE_025,SKU_GENERIC_HOTBEV_145,SLOT_HB_25,38,50,45,83,20,40
STORE_025,SKU_GENERIC_SNA&CHI_146,SLOT_S&C_26,40,50,96,136,20,40
STORE_025,SKU_GENERIC_INSMEA_147,SLOT_IM_27,32,50,63,95,20,40
STORE_025,SKU_GENERIC_DAI&BAK_148,SLOT_D&B_28,39,50,93,132,20,40
STORE_025,SKU_GENERIC_GRO_149,SLOT_G_29,34,50,53,87,20,40
STORE_025,SKU_GENERIC_FRU&VEG_150,SLOT_F&V_30,41,50,59,100,20,40
STORE_026,SKU_COLD_DRINK_750ML,SLOT_CB_01,30,50,47,77,20,40
STORE_026,SKU_DIET_HERBAL_TEA_250ML,SLOT_HB_02,36,50,90,126,20,40
STORE_026,SKU_ENERGY_DRINK_250ML,SLOT_CB_03,26,50,89,115,20,40
STORE_026,SKU_KALE_CHIPS_50G,SLOT_S&C_04,31,50,98,129,20,40
STORE_026,SKU_CHIPS_100G,SLOT_S&C_05,27,50,68,95,20,40
STORE_026,SKU_COLBEV_001,SLOT_CB_06,41,50,41,82,20,40
STORE_026,SKU_COLBEV_002,SLOT_CB_07,40,50,97,137,20,40
STORE_026,SKU_COLBEV_003,SLOT_CB_08,41,50,49,90,20,40
STORE_026,SKU_COLBEV_004,SLOT_CB_09,31,50,61,92,20,40
STORE_026,SKU_COLBEV_005,SLOT_CB_10,40,50,86,126,20,40
STORE_026,SKU_COLBEV_006,SLOT_CB_11,41,50,59,100,20,40
STORE_026,SKU_COLBEV_007,SLOT_CB_12,35,50,49,84,20,40
STORE_026,SKU_COLBEV_008,SLOT_CB_13,28,50,92,120,20,40
STORE_026,SKU_COLBEV_009,SLOT_CB_14,41,50,83,124,20,40
STORE_026,SKU_COLBEV_010,SLOT_CB_15,29,50,53,82,20,40
STORE_026,SKU_COLBEV_011,SLOT_CB_16,26,50,69,95,20,40
STORE_026,SKU_COLBEV_012,SLOT_CB_17,37,50,85,122,20,40
STORE_026,SKU_COLBEV_013,SLOT_CB_18,41,50,47,88,20,40
STORE_026,SKU_COLBEV_014,SLOT_CB_19,25,50,59,84,20,40
STORE_026,SKU_HOTBEV_015,SLOT_HB_20,26,50,83,109,20,40
STORE_026,SKU_HOTBEV_016,SLOT_HB_21,44,50,95,139,20,40
STORE_026,SKU_HOTBEV_017,SLOT_HB_22,27,50,61,88,20,40
STORE_026,SKU_HOTBEV_018,SLOT_HB_23,39,50,96,135,20,40
STORE_026,SKU_HOTBEV_019,SLOT_HB_24,26,50,46,72,20,40
STORE_026,SKU_HOTBEV_020,SLOT_HB_25,41,50,89,130,20,40
STORE_026,SKU_HOTBEV_021,SLOT_HB_26,34,50,41,75,20,40
STORE_026,SKU_HOTBEV_022,SLOT_HB_27,43,50,88,131,20,40
STORE_026,SKU_HOTBEV_023,SLOT_HB_28,34,50,80,114,20,40
STORE_026,SKU_HOTBEV_024,SLOT_HB_29,31,50,60,91,20,40
STORE_026,SKU_HOTBEV_025,SLOT_HB_30,31,50,52,83,20,40
STORE_026,SKU_SNA&CHI_026,SLOT_S&C_01,34,50,57,91,20,40
STORE_026,SKU_SNA&CHI_027,SLOT_S&C_02,42,50,60,102,20,40
STORE_026,SKU_SNA&CHI_028,SLOT_S&C_03,39,50,82,121,20,40
STORE_026,SKU_SNA&CHI_029,SLOT_S&C_04,28,50,57,85,20,40
STORE_026,SKU_SNA&CHI_030,SLOT_S&C_05,29,50,50,79,20,40
STORE_026,SKU_SNA&CHI_031,SLOT_S&C_06,33,50,47,80,20,40
STORE_026,SKU_SNA&CHI_032,SLOT_S&C_07,25,50,79,104,20,40
STORE_026,SKU_SNA&CHI_033,SLOT_S&C_08,42,50,72,114,20,40
STORE_026,SKU_SNA&CHI_034,SLOT_S&C_09,28,50,53,81,20,40
STORE_026,SKU_SNA&CHI_035,SLOT_S&C_10,42,50,62,104,20,40
STORE_026,SKU_SNA&CHI_036,SLOT_S&C_11,42,50,60,102,20,40
STORE_026,SKU_SNA&CHI_037,SLOT_S&C_12,33,50,49,82,20,40
STORE_026,SKU_SNA&CHI_038,SLOT_S&C_13,34,50,76,110,20,40
STORE_026,SKU_INSMEA_039,SLOT_IM_14,32,50,50,82,20,40
STORE_026,SKU_INSMEA_040,SLOT_IM_15,27,50,59,86,20,40
STORE_026,SKU_INSMEA_041,SLOT_IM_16,44,50,97,141,20,40
STORE_026,SKU_INSMEA_042,SLOT_IM_17,35,50,74,109,20,40
STORE_026,SKU_INSMEA_043,SLOT_IM_18,39,50,43,82,20,40
STORE_026,SKU_INSMEA_044,SLOT_IM_19,29,50,41,70,20,40
STORE_026,SKU_INSMEA_045,SLOT_IM_20,40,50,97,137,20,40
STORE_026,SKU_INSMEA_046,SLOT_IM_21,26,50,46,72,20,40
STORE_026,SKU_INSMEA_047,SLOT_IM_22,37,50,43,80,20,40
STORE_026,SKU_INSMEA_048,SLOT_IM_23,27,50,67,94,20,40
STORE_026,SKU_INSMEA_049,SLOT_IM_24,37,50,51,88,20,40
STORE_026,SKU_INSMEA_050,SLOT_IM_25,44,50,97,141,20,40
STORE_026,SKU_INSMEA_051,SLOT_IM_26,43,50,80,123,20,40
STORE_026,SKU_INSMEA_052,SLOT_IM_27,39,50,79,118,20,40
STORE_026,SKU_INSMEA_053,SLOT_IM_28,36,50,59,95,20,40
STORE_026,SKU_INSMEA_054,SLOT_IM_29,35,50,92,127,20,40
STORE_026,SKU_GRO_055,SLOT_G_30,31,50,85,116,20,40
STORE_026,SKU_GRO_056,SLOT_G_01,42,50,45,87,20,40
STORE_026,SKU_GRO_057,SLOT_G_02,39,50,76,115,20,40
STORE_026,SKU_GRO_058,SLOT_G_03,29,50,45,74,20,40
STORE_026,SKU_GRO_059,SLOT_G_04,39,50,46,85,20,40
STORE_026,SKU_GRO_060,SLOT_G_05,39,50,59,98,20,40
STORE_026,SKU_GRO_061,SLOT_G_06,45,50,85,130,20,40
STORE_026,SKU_GRO_062,SLOT_G_07,39,50,70,109,20,40
STORE_026,SKU_GRO_063,SLOT_G_08,32,50,100,132,20,40
STORE_026,SKU_GRO_064,SLOT_G_09,32,50,49,81,20,40
STORE_026,SKU_GRO_065,SLOT_G_10,44,50,56,100,20,40
STORE_026,SKU_GRO_066,SLOT_G_11,36,50,65,101,20,40
STORE_026,SKU_GRO_067,SLOT_G_12,30,50,84,114,20,40
STORE_026,SKU_GRO_068,SLOT_G_13,35,50,90,125,20,40
STORE_026,SKU_GRO_069,SLOT_G_14,35,50,69,104,20,40
STORE_026,SKU_GRO_070,SLOT_G_15,40,50,41,81,20,40
STORE_026,SKU_GRO_071,SLOT_G_16,27,50,70,97,20,40
STORE_026,SKU_FRU&VEG_072,SLOT_F&V_17,28,50,62,90,20,40
STORE_026,SKU_FRU&VEG_073,SLOT_F&V_18,40,50,69,109,20,40
STORE_026,SKU_FRU&VEG_074,SLOT_F&V_19,30,50,58,88,20,40
STORE_026,SKU_FRU&VEG_075,SLOT_F&V_20,36,50,78,114,20,40
STORE_026,SKU_FRU&VEG_076,SLOT_F&V_21,43,50,48,91,20,40
STORE_026,SKU_FRU&VEG_077,SLOT_F&V_22,41,50,46,87,20,40
STORE_026,SKU_FRU&VEG_078,SLOT_F&V_23,37,50,92,129,20,40
STORE_026,SKU_FRU&VEG_079,SLOT_F&V_24,28,50,60,88,20,40
STORE_026,SKU_FRU&VEG_080,SLOT_F&V_25,42,50,81,123,20,40
STORE_026,SKU_FRU&VEG_081,SLOT_F&V_26,27,50,90,117,20,40
STORE_026,SKU_FRU&VEG_082,SLOT_F&V_27,34,50,74,108,20,40
STORE_026,SKU_FRU&VEG_083,SLOT_F&V_28,39,50,65,104,20,40
STORE_026,SKU_FRU&VEG_084,SLOT_F&V_29,43,50,66,109,20,40
STORE_026,SKU_FRU&VEG_085,SLOT_F&V_30,32,50,79,111,20,40
STORE_026,SKU_FRU&VEG_086,SLOT_F&V_01,32,50,75,107,20,40
STORE_026,SKU_PERCAR_087,SLOT_PC_02,30,50,70,100,20,40
STORE_026,SKU_PERCAR_088,SLOT_PC_03,37,50,44,81,20,40
STORE_026,SKU_PERCAR_089,SLOT_PC_04,35,50,53,88,20,40
STORE_026,SKU_PERCAR_090,SLOT_PC_05,43,50,67,110,20,40
STORE_026,SKU_PERCAR_091,SLOT_PC_06,38,50,76,114,20,40
STORE_026,SKU_PERCAR_092,SLOT_PC_07,35,50,74,109,20,40
STORE_026,SKU_PERCAR_093,SLOT_PC_08,32,50,51,83,20,40
STORE_026,SKU_PERCAR_094,SLOT_PC_09,27,50,87,114,20,40
STORE_026,SKU_PERCAR_095,SLOT_PC_10,43,50,93,136,20,40
STORE_026,SKU_PERCAR_096,SLOT_PC_11,40,50,47,87,20,40
STORE_026,SKU_PERCAR_097,SLOT_PC_12,43,50,78,121,20,40
STORE_026,SKU_PERCAR_098,SLOT_PC_13,39,50,60,99,20,40
STORE_026,SKU_PERCAR_099,SLOT_PC_14,42,50,46,88,20,40
STORE_026,SKU_PERCAR_100,SLOT_PC_15,39,50,51,90,20,40
STORE_026,SKU_SWE_101,SLOT_S_16,34,50,65,99,20,40
STORE_026,SKU_SWE_102,SLOT_S_17,27,50,78,105,20,40
STORE_026,SKU_SWE_103,SLOT_S_18,28,50,83,111,20,40
STORE_026,SKU_SWE_104,SLOT_S_19,44,50,89,133,20,40
STORE_026,SKU_SWE_105,SLOT_S_20,37,50,60,97,20,40
STORE_026,SKU_SWE_106,SLOT_S_21,40,50,81,121,20,40
STORE_026,SKU_SWE_107,SLOT_S_22,26,50,45,71,20,40
STORE_026,SKU_SWE_108,SLOT_S_23,31,50,92,123,20,40
STORE_026,SKU_SWE_109,SLOT_S_24,29,50,96,125,20,40
STORE_026,SKU_SWE_110,SLOT_S_25,43,50,97,140,20,40
STORE_026,SKU_GENERIC_SWE_116,SLOT_S_26,45,50,91,136,20,40
STORE_026,SKU_GENERIC_COLBEV_117,SLOT_CB_27,25,50,88,113,20,40
STORE_026,SKU_GENERIC_HOTBEV_118,SLOT_HB_28,29,50,82,111,20,40
STORE_026,SKU_GENERIC_SNA&CHI_119,SLOT_S&C_29,29,50,68,97,20,40
STORE_026,SKU_GENERIC_INSMEA_120,SLOT_IM_30,42,50,58,100,20,40
STORE_026,SKU_GENERIC_DAI&BAK_121,SLOT_D&B_01,37,50,79,116,20,40
STORE_026,SKU_GENERIC_GRO_122,SLOT_G_02,43,50,68,111,20,40
STORE_026,SKU_GENERIC_FRU&VEG_123,SLOT_F&V_03,31,50,53,84,20,40
STORE_026,SKU_GENERIC_PERCAR_124,SLOT_PC_04,35,50,59,94,20,40
STORE_026,SKU_GENERIC_SWE_125,SLOT_S_05,43,50,90,133,20,40
STORE_026,SKU_GENERIC_COLBEV_126,SLOT_CB_06,34,50,98,132,20,40
STORE_026,SKU_GENERIC_HOTBEV_127,SLOT_HB_07,38,50,85,123,20,40
STORE_026,SKU_GENERIC_SNA&CHI_128,SLOT_S&C_08,36,50,45,81,20,40
STORE_026,SKU_GENERIC_INSMEA_129,SLOT_IM_09,43,50,40,83,20,40
STORE_026,SKU_GENERIC_DAI&BAK_130,SLOT_D&B_10,44,50,72,116,20,40
STORE_026,SKU_GENERIC_GRO_131,SLOT_G_11,37,50,94,131,20,40
STORE_026,SKU_GENERIC_FRU&VEG_132,SLOT_F&V_12,29,50,94,123,20,40
STORE_026,SKU_GENERIC_PERCAR_133,SLOT_PC_13,34,50,43,77,20,40
STORE_026,SKU_GENERIC_SWE_134,SLOT_S_14,36,50,97,133,20,40
STORE_026,SKU_GENERIC_COLBEV_135,SLOT_CB_15,42,50,43,85,20,40
STORE_026,SKU_GENERIC_HOTBEV_136,SLOT_HB_16,25,50,85,110,20,40
STORE_026,SKU_GENERIC_SNA&CHI_137,SLOT_S&C_17,42,50,92,134,20,40
STORE_026,SKU_GENERIC_INSMEA_138,SLOT_IM_18,36,50,47,83,20,40
STORE_026,SKU_GENERIC_DAI&BAK_139,SLOT_D&B_19,34,50,95,129,20,40
STORE_026,SKU_GENERIC_GRO_140,SLOT_G_20,25,50,55,80,20,40
STORE_026,SKU_GENERIC_FRU&VEG_141,SLOT_F&V_21,38,50,84,122,20,40
STORE_026,SKU_GENERIC_PERCAR_142,SLOT_PC_22,43,50,65,108,20,40
STORE_026,SKU_GENERIC_SWE_143,SLOT_S_23,45,50,60,105,20,40
STORE_026,SKU_GENERIC_COLBEV_144,SLOT_CB_24,37,50,65,102,20,40
STORE_026,SKU_GENERIC_HOTBEV_145,SLOT_HB_25,37,50,67,104,20,40
STORE_026,SKU_GENERIC_SNA&CHI_146,SLOT_S&C_26,42,50,53,95,20,40
STORE_026,SKU_GENERIC_INSMEA_147,SLOT_IM_27,30,50,70,100,20,40
STORE_026,SKU_GENERIC_DAI&BAK_148,SLOT_D&B_28,29,50,52,81,20,40
STORE_026,SKU_GENERIC_GRO_149,SLOT_G_29,42,50,64,106,20,40
STORE_026,SKU_GENERIC_FRU&VEG_150,SLOT_F&V_30,36,50,93,129,20,40
STORE_027,SKU_COLD_DRINK_750ML,SLOT_CB_01,38,50,49,87,20,40
STORE_027,SKU_DIET_HERBAL_TEA_250ML,SLOT_HB_02,34,50,95,129,20,40
STORE_027,SKU_ENERGY_DRINK_250ML,SLOT_CB_03,29,50,48,77,20,40
STORE_027,SKU_KALE_CHIPS_50G,SLOT_S&C_04,25,50,44,69,20,40
STORE_027,SKU_CHIPS_100G,SLOT_S&C_05,45,50,41,86,20,40
STORE_027,SKU_COLBEV_001,SLOT_CB_06,29,50,86,115,20,40
STORE_027,SKU_COLBEV_002,SLOT_CB_07,40,50,82,122,20,40
STORE_027,SKU_COLBEV_003,SLOT_CB_08,38,50,48,86,20,40
STORE_027,SKU_COLBEV_004,SLOT_CB_09,27,50,48,75,20,40
STORE_027,SKU_COLBEV_005,SLOT_CB_10,45,50,91,136,20,40
STORE_027,SKU_COLBEV_006,SLOT_CB_11,38,50,95,133,20,40
STORE_027,SKU_COLBEV_007,SLOT_CB_12,39,50,97,136,20,40
STORE_027,SKU_COLBEV_008,SLOT_CB_13,44,50,99,143,20,40
STORE_027,SKU_COLBEV_009,SLOT_CB_14,38,50,79,117,20,40
STORE_027,SKU_COLBEV_010,SLOT_CB_15,30,50,69,99,20,40
STORE_027,SKU_COLBEV_011,SLOT_CB_16,41,50,67,108,20,40
STORE_027,SKU_COLBEV_012,SLOT_CB_17,42,50,92,134,20,40
STORE_027,SKU_COLBEV_013,SLOT_CB_18,39,50,64,103,20,40
STORE_027,SKU_COLBEV_014,SLOT_CB_19,36,50,54,90,20,40
STORE_027,SKU_HOTBEV_015,SLOT_HB_20,30,50,67,97,20,40
STORE_027,SKU_HOTBEV_016,SLOT_HB_21,44,50,40,84,20,40
STORE_027,SKU_HOTBEV_017,SLOT_HB_22,43,50,71,114,20,40
STORE_027,SKU_HOTBEV_018,SLOT_HB_23,32,50,85,117,20,40
STORE_027,SKU_HOTBEV_019,SLOT_HB_24,41,50,57,98,20,40
STORE_027,SKU_HOTBEV_020,SLOT_HB_25,38,50,99,137,20,40
STORE_027,SKU_HOTBEV_021,SLOT_HB_26,42,50,76,118,20,40
STORE_027,SKU_HOTBEV_022,SLOT_HB_27,36,50,42,78,20,40
STORE_027,SKU_HOTBEV_023,SLOT_HB_28,26,50,76,102,20,40
STORE_027,SKU_HOTBEV_024,SLOT_HB_29,40,50,85,125,20,40
STORE_027,SKU_HOTBEV_025,SLOT_HB_30,36,50,47,83,20,40
STORE_027,SKU_SNA&CHI_026,SLOT_S&C_01,43,50,70,113,20,40
STORE_027,SKU_SNA&CHI_027,SLOT_S&C_02,27,50,49,76,20,40
STORE_027,SKU_SNA&CHI_028,SLOT_S&C_03,41,50,94,135,20,40
STORE_027,SKU_SNA&CHI_029,SLOT_S&C_04,33,50,69,102,20,40
STORE_027,SKU_SNA&CHI_030,SLOT_S&C_05,41,50,45,86,20,40
STORE_027,SKU_SNA&CHI_031,SLOT_S&C_06,41,50,96,137,20,40
STORE_027,SKU_SNA&CHI_032,SLOT_S&C_07,44,50,45,89,20,40
STORE_027,SKU_SNA&CHI_033,SLOT_S&C_08,32,50,70,102,20,40
STORE_027,SKU_SNA&CHI_034,SLOT_S&C_09,45,50,87,132,20,40
STORE_027,SKU_SNA&CHI_035,SLOT_S&C_10,27,50,83,110,20,40
STORE_027,SKU_SNA&CHI_036,SLOT_S&C_11,45,50,74,119,20,40
STORE_027,SKU_SNA&CHI_037,SLOT_S&C_12,43,50,59,102,20,40
STORE_027,SKU_SNA&CHI_038,SLOT_S&C_13,44,50,43,87,20,40
STORE_027,SKU_INSMEA_039,SLOT_IM_14,35,50,74,109,20,40
STORE_027,SKU_INSMEA_040,SLOT_IM_15,25,50,70,95,20,40
STORE_027,SKU_INSMEA_041,SLOT_IM_16,39,50,72,111,20,40
STORE_027,SKU_INSMEA_042,SLOT_IM_17,40,50,76,116,20,40
STORE_027,SKU_INSMEA_043,SLOT_IM_18,35,50,66,101,20,40
STORE_027,SKU_INSMEA_044,SLOT_IM_19,36,50,91,127,20,40
STORE_027,SKU_INSMEA_045,SLOT_IM_20,34,50,58,92,20,40
STORE_027,SKU_INSMEA_046,SLOT_IM_21,30,50,42,72,20,40
STORE_027,SKU_INSMEA_047,SLOT_IM_22,44,50,87,131,20,40
STORE_027,SKU_INSMEA_048,SLOT_IM_23,34,50,86,120,20,40
STORE_027,SKU_INSMEA_049,SLOT_IM_24,43,50,56,99,20,40
STORE_027,SKU_INSMEA_050,SLOT_IM_25,26,50,80,106,20,40
STORE_027,SKU_INSMEA_051,SLOT_IM_26,40,50,77,117,20,40
STORE_027,SKU_INSMEA_052,SLOT_IM_27,30,50,76,106,20,40
STORE_027,SKU_INSMEA_053,SLOT_IM_28,26,50,82,108,20,40
STORE_027,SKU_INSMEA_054,SLOT_IM_29,34,50,91,125,20,40
STORE_027,SKU_GRO_055,SLOT_G_30,44,50,41,85,20,40
STORE_027,SKU_GRO_056,SLOT_G_01,34,50,71,105,20,40
STORE_027,SKU_GRO_057,SLOT_G_02,27,50,48,75,20,40
STORE_027,SKU_GRO_058,SLOT_G_03,41,50,44,85,20,40
STORE_027,SKU_GRO_059,SLOT_G_04,33,50,56,89,20,40
STORE_027,SKU_GRO_060,SLOT_G_05,29,50,79,108,20,40
STORE_027,SKU_GRO_061,SLOT_G_06,33,50,57,90,20,40
STORE_027,SKU_GRO_062,SLOT_G_07,33,50,40,73,20,40
STORE_027,SKU_GRO_063,SLOT_G_08,28,50,78,106,20,40
STORE_027,SKU_GRO_064,SLOT_G_09,30,50,98,128,20,40
STORE_027,SKU_GRO_065,SLOT_G_10,43,50,87,130,20,40
STORE_027,SKU_GRO_066,SLOT_G_11,29,50,82,111,20,40
STORE_027,SKU_GRO_067,SLOT_G_12,39,50,63,102,20,40
STORE_027,SKU_GRO_068,SLOT_G_13,30,50,56,86,20,40
STORE_027,SKU_GRO_069,SLOT_G_14,32,50,71,103,20,40
STORE_027,SKU_GRO_070,SLOT_G_15,30,50,91,121,20,40
STORE_027,SKU_GRO_071,SLOT_G_16,41,50,95,136,20,40
STORE_027,SKU_FRU&VEG_072,SLOT_F&V_17,26,50,61,87,20,40
STORE_027,SKU_FRU&VEG_073,SLOT_F&V_18,27,50,49,76,20,40
STORE_027,SKU_FRU&VEG_074,SLOT_F&V_19,44,50,99,143,20,40
STORE_027,SKU_FRU&VEG_075,SLOT_F&V_20,29,50,93,122,20,40
STORE_027,SKU_FRU&VEG_076,SLOT_F&V_21,40,50,88,128,20,40
STORE_027,SKU_FRU&VEG_077,SLOT_F&V_22,38,50,89,127,20,40
STORE_027,SKU_FRU&VEG_078,SLOT_F&V_23,37,50,55,92,20,40
STORE_027,SKU_FRU&VEG_079,SLOT_F&V_24,39,50,86,125,20,40
STORE_027,SKU_FRU&VEG_080,SLOT_F&V_25,45,50,50,95,20,40
STORE_027,SKU_FRU&VEG_081,SLOT_F&V_26,31,50,76,107,20,40
STORE_027,SKU_FRU&VEG_082,SLOT_F&V_27,36,50,43,79,20,40
STORE_027,SKU_FRU&VEG_083,SLOT_F&V_28,45,50,56,101,20,40
STORE_027,SKU_FRU&VEG_084,SLOT_F&V_29,28,50,43,71,20,40
STORE_027,SKU_FRU&VEG_085,SLOT_F&V_30,30,50,69,99,20,40
STORE_027,SKU_FRU&VEG_086,SLOT_F&V_01,37,50,70,107,20,40
STORE_027,SKU_PERCAR_087,SLOT_PC_02,34,50,70,104,20,40
STORE_027,SKU_PERCAR_088,SLOT_PC_03,42,50,54,96,20,40
STORE_027,SKU_PERCAR_089,SLOT_PC_04,37,50,83,120,20,40
STORE_027,SKU_PERCAR_090,SLOT_PC_05,37,50,70,107,20,40
STORE_027,SKU_PERCAR_091,SLOT_PC_06,33,50,49,82,20,40
STORE_027,SKU_PERCAR_092,SLOT_PC_07,41,50,95,136,20,40
STORE_027,SKU_PERCAR_093,SLOT_PC_08,38,50,40,78,20,40
STORE_027,SKU_PERCAR_094,SLOT_PC_09,34,50,99,133,20,40
STORE_027,SKU_PERCAR_095,SLOT_PC_10,39,50,64,103,20,40
STORE_027,SKU_PERCAR_096,SLOT_PC_11,35,50,73,108,20,40
STORE_027,SKU_PERCAR_097,SLOT_PC_12,26,50,46,72,20,40
STORE_027,SKU_PERCAR_098,SLOT_PC_13,42,50,80,122,20,40
STORE_027,SKU_PERCAR_099,SLOT_PC_14,36,50,94,130,20,40
STORE_027,SKU_PERCAR_100,SLOT_PC_15,38,50,79,117,20,40
STORE_027,SKU_SWE_101,SLOT_S_16,45,50,94,139,20,40
STORE_027,SKU_SWE_102,SLOT_S_17,33,50,61,94,20,40
STORE_027,SKU_SWE_103,SLOT_S_18,33,50,57,90,20,40
STORE_027,SKU_SWE_104,SLOT_S_19,28,50,56,84,20,40
STORE_027,SKU_SWE_105,SLOT_S_20,45,50,77,122,20,40
STORE_027,SKU_SWE_106,SLOT_S_21,37,50,69,106,20,40
STORE_027,SKU_SWE_107,SLOT_S_22,32,50,86,118,20,40
STORE_027,SKU_SWE_108,SLOT_S_23,43,50,89,132,20,40
STORE_027,SKU_SWE_109,SLOT_S_24,31,50,73,104,20,40
STORE_027,SKU_SWE_110,SLOT_S_25,35,50,83,118,20,40
STORE_027,SKU_GENERIC_SWE_116,SLOT_S_26,30,50,60,90,20,40
STORE_027,SKU_GENERIC_COLBEV_117,SLOT_CB_27,42,50,40,82,20,40
STORE_027,SKU_GENERIC_HOTBEV_118,SLOT_HB_28,25,50,93,118,20,40
STORE_027,SKU_GENERIC_SNA&CHI_119,SLOT_S&C_29,27,50,40,67,20,40
STORE_027,SKU_GENERIC_INSMEA_120,SLOT_IM_30,38,50,46,84,20,40
STORE_027,SKU_GENERIC_DAI&BAK_121,SLOT_D&B_01,41,50,46,87,20,40
STORE_027,SKU_GENERIC_GRO_122,SLOT_G_02,39,50,62,101,20,40
STORE_027,SKU_GENERIC_FRU&VEG_123,SLOT_F&V_03,32,50,86,118,20,40
STORE_027,SKU_GENERIC_PERCAR_124,SLOT_PC_04,34,50,56,90,20,40
STORE_027,SKU_GENERIC_SWE_125,SLOT_S_05,31,50,42,73,20,40
STORE_027,SKU_GENERIC_COLBEV_126,SLOT_CB_06,25,50,79,104,20,40
STORE_027,SKU_GENERIC_HOTBEV_127,SLOT_HB_07,27,50,43,70,20,40
STORE_027,SKU_GENERIC_SNA&CHI_128,SLOT_S&C_08,44,50,82,126,20,40
STORE_027,SKU_GENERIC_INSMEA_129,SLOT_IM_09,31,50,100,131,20,40
STORE_027,SKU_GENERIC_DAI&BAK_130,SLOT_D&B_10,44,50,80,124,20,40
STORE_027,SKU_GENERIC_GRO_131,SLOT_G_11,28,50,85,113,20,40
STORE_027,SKU_GENERIC_FRU&VEG_132,SLOT_F&V_12,28,50,45,73,20,40
STORE_027,SKU_GENERIC_PERCAR_133,SLOT_PC_13,44,50,48,92,20,40
STORE_027,SKU_GENERIC_SWE_134,SLOT_S_14,37,50,82,119,20,40
STORE_027,SKU_GENERIC_COLBEV_135,SLOT_CB_15,45,50,76,121,20,40
STORE_027,SKU_GENERIC_HOTBEV_136,SLOT_HB_16,30,50,97,127,20,40
STORE_027,SKU_GENERIC_SNA&CHI_137,SLOT_S&C_17,28,50,84,112,20,40
STORE_027,SKU_GENERIC_INSMEA_138,SLOT_IM_18,30,50,56,86,20,40
STORE_027,SKU_GENERIC_DAI&BAK_139,SLOT_D&B_19,34,50,69,103,20,40
STORE_027,SKU_GENERIC_GRO_140,SLOT_G_20,27,50,80,107,20,40
STORE_027,SKU_GENERIC_FRU&VEG_141,SLOT_F&V_21,39,50,99,138,20,40
STORE_027,SKU_GENERIC_PERCAR_142,SLOT_PC_22,33,50,89,122,20,40
STORE_027,SKU_GENERIC_SWE_143,SLOT_S_23,38,50,84,122,20,40
STORE_027,SKU_GENERIC_COLBEV_144,SLOT_CB_24,35,50,56,91,20,40
STORE_027,SKU_GENERIC_HOTBEV_145,SLOT_HB_25,30,50,89,119,20,40
STORE_027,SKU_GENERIC_SNA&CHI_146,SLOT_S&C_26,27,50,57,84,20,40
STORE_027,SKU_GENERIC_INSMEA_147,SLOT_IM_27,26,50,64,90,20,40
STORE_027,SKU_GENERIC_DAI&BAK_148,SLOT_D&B_28,37,50,61,98,20,40
STORE_027,SKU_GENERIC_GRO_149,SLOT_G_29,26,50,56,82,20,40
STORE_027,SKU_GENERIC_FRU&VEG_150,SLOT_F&V_30,33,50,51,84,20,40
STORE_028,SKU_COLD_DRINK_750ML,SLOT_CB_01,39,50,44,83,20,40
STORE_028,SKU_DIET_HERBAL_TEA_250ML,SLOT_HB_02,40,50,99,139,20,40
STORE_028,SKU_ENERGY_DRINK_250ML,SLOT_CB_03,31,50,79,110,20,40
STORE_028,SKU_KALE_CHIPS_50G,SLOT_S&C_04,37,50,51,88,20,40
STORE_028,SKU_CHIPS_100G,SLOT_S&C_05,45,50,71,116,20,40
STORE_028,SKU_COLBEV_001,SLOT_CB_06,28,50,49,77,20,40
STORE_028,SKU_COLBEV_002,SLOT_CB_07,42,50,89,131,20,40
STORE_028,SKU_COLBEV_003,SLOT_CB_08,38,50,53,91,20,40
STORE_028,SKU_COLBEV_004,SLOT_CB_09,44,50,81,125,20,40
STORE_028,SKU_COLBEV_005,SLOT_CB_10,28,50,98,126,20,40
STORE_028,SKU_COLBEV_006,SLOT_CB_11,39,50,85,124,20,40
STORE_028,SKU_COLBEV_007,SLOT_CB_12,33,50,46,79,20,40
STORE_028,SKU_COLBEV_008,SLOT_CB_13,26,50,44,70,20,40
STORE_028,SKU_COLBEV_009,SLOT_CB_14,27,50,76,103,20,40
STORE_028,SKU_COLBEV_010,SLOT_CB_15,33,50,89,122,20,40
STORE_028,SKU_COLBEV_011,SLOT_CB_16,39,50,41,80,20,40
STORE_028,SKU_COLBEV_012,SLOT_CB_17,40,50,49,89,20,40
STORE_028,SKU_COLBEV_013,SLOT_CB_18,45,50,80,125,20,40
STORE_028,SKU_COLBEV_014,SLOT_CB_19,25,50,99,124,20,40
STORE_028,SKU_HOTBEV_015,SLOT_HB_20,26,50,82,108,20,40
STORE_028,SKU_HOTBEV_016,SLOT_HB_21,37,50,57,94,20,40
STORE_028,SKU_HOTBEV_017,SLOT_HB_22,29,50,84,113,20,40
STORE_028,SKU_HOTBEV_018,SLOT_HB_23,35,50,97,132,20,40
STORE_028,SKU_HOTBEV_019,SLOT_HB_24,37,50,76,113,20,40
STORE_028,SKU_HOTBEV_020,SLOT_HB_25,25,50,72,97,20,40
STORE_028,SKU_HOTBEV_021,SLOT_HB_26,40,50,70,110,20,40
STORE_028,SKU_HOTBEV_022,SLOT_HB_27,38,50,65,103,20,40
STORE_028,SKU_HOTBEV_023,SLOT_HB_28,27,50,74,101,20,40
STORE_028,SKU_HOTBEV_024,SLOT_HB_29,32,50,40,72,20,40
STORE_028,SKU_HOTBEV_025,SLOT_HB_30,37,50,84,121,20,40
STORE_028,SKU_SNA&CHI_026,SLOT_S&C_01,40,50,47,87,20,40
STORE_028,SKU_SNA&CHI_027,SLOT_S&C_02,43,50,74,117,20,40
STORE_028,SKU_SNA&CHI_028,SLOT_S&C_03,36,50,61,97,20,40
STORE_028,SKU_SNA&CHI_029,SLOT_S&C_04,34,50,65,99,20,40
STORE_028,SKU_SNA&CHI_030,SLOT_S&C_05,26,50,80,106,20,40
STORE_028,SKU_SNA&CHI_031,SLOT_S&C_06,45,50,45,90,20,40
STORE_028,SKU_SNA&CHI_032,SLOT_S&C_07,36,50,74,110,20,40
STORE_028,SKU_SNA&CHI_033,SLOT_S&C_08,35,50,45,80,20,40
STORE_028,SKU_SNA&CHI_034,SLOT_S&C_09,39,50,88,127,20,40
STORE_028,SKU_SNA&CHI_035,SLOT_S&C_10,34,50,81,115,20,40
STORE_028,SKU_SNA&CHI_036,SLOT_S&C_11,31,50,51,82,20,40
STORE_028,SKU_SNA&CHI_037,SLOT_S&C_12,42,50,42,84,20,40
STORE_028,SKU_SNA&CHI_038,SLOT_S&C_13,37,50,82,119,20,40
STORE_028,SKU_INSMEA_039,SLOT_IM_14,31,50,59,90,20,40
STORE_028,SKU_INSMEA_040,SLOT_IM_15,37,50,97,134,20,40
STORE_028,SKU_INSMEA_041,SLOT_IM_16,28,50,80,108,20,40
STORE_028,SKU_INSMEA_042,SLOT_IM_17,36,50,71,107,20,40
STORE_028,SKU_INSMEA_043,SLOT_IM_18,27,50,96,123,20,40
STORE_028,SKU_INSMEA_044,SLOT_IM_19,45,50,68,113,20,40
STORE_028,SKU_INSMEA_045,SLOT_IM_20,31,50,48,79,20,40
STORE_028,SKU_INSMEA_046,SLOT_IM_21,26,50,52,78,20,40
STORE_028,SKU_INSMEA_047,SLOT_IM_22,25,50,86,111,20,40
STORE_028,SKU_INSMEA_048,SLOT_IM_23,43,50,55,98,20,40
STORE_028,SKU_INSMEA_049,SLOT_IM_24,40,50,64,104,20,40
STORE_028,SKU_INSMEA_050,SLOT_IM_25,27,50,90,117,20,40
STORE_028,SKU_INSMEA_051,SLOT_IM_26,42,50,81,123,20,40
STORE_028,SKU_INSMEA_052,SLOT_IM_27,34,50,71,105,20,40
STORE_028,SKU_INSMEA_053,SLOT_IM_28,42,50,93,135,20,40
STORE_028,SKU_INSMEA_054,SLOT_IM_29,39,50,41,80,20,40
STORE_028,SKU_GRO_055,SLOT_G_30,26,50,61,87,20,40
STORE_028,SKU_GRO_056,SLOT_G_01,26,50,61,87,20,40
STORE_028,SKU_GRO_057,SLOT_G_02,26,50,65,91,20,40
STORE_028,SKU_GRO_058,SLOT_G_03,28,50,53,81,20,40
STORE_028,SKU_GRO_059,SLOT_G_04,45,50,82,127,20,40
STORE_028,SKU_GRO_060,SLOT_G_05,41,50,69,110,20,40
STORE_028,SKU_GRO_061,SLOT_G_06,42,50,49,91,20,40
STORE_028,SKU_GRO_062,SLOT_G_07,43,50,54,97,20,40
STORE_028,SKU_GRO_063,SLOT_G_08,27,50,42,69,20,40
STORE_028,SKU_GRO_064,SLOT_G_09,29,50,71,100,20,40
STORE_028,SKU_GRO_065,SLOT_G_10,45,50,41,86,20,40
STORE_028,SKU_GRO_066,SLOT_G_11,40,50,98,138,20,40
STORE_028,SKU_GRO_067,SLOT_G_12,44,50,42,86,20,40
STORE_028,SKU_GRO_068,SLOT_G_13,32,50,84,116,20,40
STORE_028,SKU_GRO_069,SLOT_G_14,45,50,48,93,20,40
STORE_028,SKU_GRO_070,SLOT_G_15,25,50,51,76,20,40
STORE_028,SKU_GRO_071,SLOT_G_16,45,50,43,88,20,40
STORE_028,SKU_FRU&VEG_072,SLOT_F&V_17,34,50,92,126,20,40
STORE_028,SKU_FRU&VEG_073,SLOT_F&V_18,28,50,69,97,20,40
STORE_028,SKU_FRU&VEG_074,SLOT_F&V_19,44,50,50,94,20,40
STORE_028,SKU_FRU&VEG_075,SLOT_F&V_20,43,50,44,87,20,40
STORE_028,SKU_FRU&VEG_076,SLOT_F&V_21,28,50,47,75,20,40
STORE_028,SKU_FRU&VEG_077,SLOT_F&V_22,40,50,78,118,20,40
STORE_028,SKU_FRU&VEG_078,SLOT_F&V_23,44,50,54,98,20,40
STORE_028,SKU_FRU&VEG_079,SLOT_F&V_24,27,50,91,118,20,40
STORE_028,SKU_FRU&VEG_080,SLOT_F&V_25,31,50,67,98,20,40
STORE_028,SKU_FRU&VEG_081,SLOT_F&V_26,35,50,91,126,20,40
STORE_028,SKU_FRU&VEG_082,SLOT_F&V_27,37,50,60,97,20,40
STORE_028,SKU_FRU&VEG_083,SLOT_F&V_28,28,50,83,111,20,40
STORE_028,SKU_FRU&VEG_084,SLOT_F&V_29,43,50,74,117,20,40
STORE_028,SKU_FRU&VEG_085,SLOT_F&V_30,29,50,60,89,20,40
STORE_028,SKU_FRU&VEG_086,SLOT_F&V_01,31,50,88,119,20,40
STORE_028,SKU_PERCAR_087,SLOT_PC_02,26,50,77,103,20,40
STORE_028,SKU_PERCAR_088,SLOT_PC_03,30,50,61,91,20,40
STORE_028,SKU_PERCAR_089,SLOT_PC_04,27,50,47,74,20,40
STORE_028,SKU_PERCAR_090,SLOT_PC_05,33,50,49,82,20,40
STORE_028,SKU_PERCAR_091,SLOT_PC_06,38,50,50,88,20,40
STORE_028,SKU_PERCAR_092,SLOT_PC_07,36,50,75,111,20,40
STORE_028,SKU_PERCAR_093,SLOT_PC_08,30,50,68,98,20,40
STORE_028,SKU_PERCAR_094,SLOT_PC_09,32,50,99,131,20,40
STORE_028,SKU_PERCAR_095,SLOT_PC_10,43,50,42,85,20,40
STORE_028,SKU_PERCAR_096,SLOT_PC_11,29,50,46,75,20,40
STORE_028,SKU_PERCAR_097,SLOT_PC_12,45,50,79,124,20,40
STORE_028,SKU_PERCAR_098,SLOT_PC_13,37,50,89,126,20,40
STORE_028,SKU_PERCAR_099,SLOT_PC_14,30,50,41,71,20,40
STORE_028,SKU_PERCAR_100,SLOT_PC_15,40,50,45,85,20,40
STORE_028,SKU_SWE_101,SLOT_S_16,25,50,40,65,20,40
STORE_028,SKU_SWE_102,SLOT_S_17,30,50,99,129,20,40
STORE_028,SKU_SWE_103,SLOT_S_18,27,50,85,112,20,40
STORE_028,SKU_SWE_104,SLOT_S_19,45,50,77,122,20,40
STORE_028,SKU_SWE_105,SLOT_S_20,34,50,66,100,20,40
STORE_028,SKU_SWE_106,SLOT_S_21,40,50,84,124,20,40
STORE_028,SKU_SWE_107,SLOT_S_22,29,50,53,82,20,40
STORE_028,SKU_SWE_108,SLOT_S_23,29,50,80,109,20,40
STORE_028,SKU_SWE_109,SLOT_S_24,33,50,73,106,20,40
STORE_028,SKU_SWE_110,SLOT_S_25,39,50,66,105,20,40
STORE_028,SKU_GENERIC_SWE_116,SLOT_S_26,32,50,100,132,20,40
STORE_028,SKU_GENERIC_COLBEV_117,SLOT_CB_27,30,50,79,109,20,40
STORE_028,SKU_GENERIC_HOTBEV_118,SLOT_HB_28,26,50,78,104,20,40
STORE_028,SKU_GENERIC_SNA&CHI_119,SLOT_S&C_29,30,50,85,115,20,40
STORE_028,SKU_GENERIC_INSMEA_120,SLOT_IM_30,40,50,79,119,20,40
STORE_028,SKU_GENERIC_DAI&BAK_121,SLOT_D&B_01,27,50,80,107,20,40
STORE_028,SKU_GENERIC_GRO_122,SLOT_G_02,34,50,62,96,20,40
STORE_028,SKU_GENERIC_FRU&VEG_123,SLOT_F&V_03,38,50,40,78,20,40
STORE_028,SKU_GENERIC_PERCAR_124,SLOT_PC_04,42,50,55,97,20,40
STORE_028,SKU_GENERIC_SWE_125,SLOT_S_05,31,50,47,78,20,40
STORE_028,SKU_GENERIC_COLBEV_126,SLOT_CB_06,41,50,46,87,20,40
STORE_028,SKU_GENERIC_HOTBEV_127,SLOT_HB_07,44,50,63,107,20,40
STORE_028,SKU_GENERIC_SNA&CHI_128,SLOT_S&C_08,42,50,72,114,20,40
STORE_028,SKU_GENERIC_INSMEA_129,SLOT_IM_09,32,50,69,101,20,40
STORE_028,SKU_GENERIC_DAI&BAK_130,SLOT_D&B_10,45,50,82,127,20,40
STORE_028,SKU_GENERIC_GRO_131,SLOT_G_11,31,50,57,88,20,40
STORE_028,SKU_GENERIC_FRU&VEG_132,SLOT_F&V_12,26,50,52,78,20,40
STORE_028,SKU_GENERIC_PERCAR_133,SLOT_PC_13,28,50,90,118,20,40
STORE_028,SKU_GENERIC_SWE_134,SLOT_S_14,29,50,83,112,20,40
STORE_028,SKU_GENERIC_COLBEV_135,SLOT_CB_15,40,50,71,111,20,40
STORE_028,SKU_GENERIC_HOTBEV_136,SLOT_HB_16,30,50,50,80,20,40
STORE_028,SKU_GENERIC_SNA&CHI_137,SLOT_S&C_17,26,50,43,69,20,40
STORE_028,SKU_GENERIC_INSMEA_138,SLOT_IM_18,45,50,63,108,20,40
STORE_028,SKU_GENERIC_DAI&BAK_139,SLOT_D&B_19,34,50,53,87,20,40
STORE_028,SKU_GENERIC_GRO_140,SLOT_G_20,38,50,56,94,20,40
STORE_028,SKU_GENERIC_FRU&VEG_141,SLOT_F&V_21,35,50,79,114,20,40
STORE_028,SKU_GENERIC_PERCAR_142,SLOT_PC_22,39,50,42,81,20,40
STORE_028,SKU_GENERIC_SWE_143,SLOT_S_23,28,50,87,115,20,40
STORE_028,SKU_GENERIC_COLBEV_144,SLOT_CB_24,26,50,99,125,20,40
STORE_028,SKU_GENERIC_HOTBEV_145,SLOT_HB_25,42,50,51,93,20,40
STORE_028,SKU_GENERIC_SNA&CHI_146,SLOT_S&C_26,30,50,90,120,20,40
STORE_028,SKU_GENERIC_INSMEA_147,SLOT_IM_27,25,50,71,96,20,40
STORE_028,SKU_GENERIC_DAI&BAK_148,SLOT_D&B_28,41,50,47,88,20,40
STORE_028,SKU_GENERIC_GRO_149,SLOT_G_29,27,50,97,124,20,40
STORE_028,SKU_GENERIC_FRU&VEG_150,SLOT_F&V_30,32,50,86,118,20,40
STORE_029,SKU_COLD_DRINK_750ML,SLOT_CB_01,39,50,77,116,20,40
STORE_029,SKU_DIET_HERBAL_TEA_250ML,SLOT_HB_02,43,50,60,103,20,40
STORE_029,SKU_ENERGY_DRINK_250ML,SLOT_CB_03,38,50,52,90,20,40
STORE_029,SKU_KALE_CHIPS_50G,SLOT_S&C_04,35,50,54,89,20,40
STORE_029,SKU_CHIPS_100G,SLOT_S&C_05,28,50,60,88,20,40
STORE_029,SKU_COLBEV_001,SLOT_CB_06,32,50,46,78,20,40
STORE_029,SKU_COLBEV_002,SLOT_CB_07,32,50,87,119,20,40
STORE_029,SKU_COLBEV_003,SLOT_CB_08,38,50,95,133,20,40
STORE_029,SKU_COLBEV_004,SLOT_CB_09,31,50,64,95,20,40
STORE_029,SKU_COLBEV_005,SLOT_CB_10,32,50,44,76,20,40
STORE_029,SKU_COLBEV_006,SLOT_CB_11,40,50,77,117,20,40
STORE_029,SKU_COLBEV_007,SLOT_CB_12,40,50,43,83,20,40
STORE_029,SKU_COLBEV_008,SLOT_CB_13,38,50,49,87,20,40
STORE_029,SKU_COLBEV_009,SLOT_CB_14,31,50,99,130,20,40
STORE_029,SKU_COLBEV_010,SLOT_CB_15,44,50,69,113,20,40
STORE_029,SKU_COLBEV_011,SLOT_CB_16,30,50,64,94,20,40
STORE_029,SKU_COLBEV_012,SLOT_CB_17,36,50,48,84,20,40
STORE_029,SKU_COLBEV_013,SLOT_CB_18,39,50,86,125,20,40
STORE_029,SKU_COLBEV_014,SLOT_CB_19,31,50,80,111,20,40
STORE_029,SKU_HOTBEV_015,SLOT_HB_20,36,50,57,93,20,40
STORE_029,SKU_HOTBEV_016,SLOT_HB_21,31,50,61,92,20,40
STORE_029,SKU_HOTBEV_017,SLOT_HB_22,29,50,42,71,20,40
STORE_029,SKU_HOTBEV_018,SLOT_HB_23,43,50,43,86,20,40
STORE_029,SKU_HOTBEV_019,SLOT_HB_24,33,50,48,81,20,40
STORE_029,SKU_HOTBEV_020,SLOT_HB_25,28,50,94,122,20,40
STORE_029,SKU_HOTBEV_021,SLOT_HB_26,39,50,69,108,20,40
STORE_029,SKU_HOTBEV_022,SLOT_HB_27,38,50,50,88,20,40
STORE_029,SKU_HOTBEV_023,SLOT_HB_28,35,50,54,89,20,40
STORE_029,SKU_HOTBEV_024,SLOT_HB_29,34,50,78,112,20,40
STORE_029,SKU_HOTBEV_025,SLOT_HB_30,30,50,90,120,20,40
STORE_029,SKU_SNA&CHI_026,SLOT_S&C_01,45,50,100,145,20,40
STORE_029,SKU_SNA&CHI_027,SLOT_S&C_02,44,50,97,141,20,40
STORE_029,SKU_SNA&CHI_028,SLOT_S&C_03,30,50,76,106,20,40
STORE_029,SKU_SNA&CHI_029,SLOT_S&C_04,42,50,94,136,20,40
STORE_029,SKU_SNA&CHI_030,SLOT_S&C_05,32,50,45,77,20,40
STORE_029,SKU_SNA&CHI_031,SLOT_S&C_06,38,50,94,132,20,40
STORE_029,SKU_SNA&CHI_032,SLOT_S&C_07,41,50,71,112,20,40
STORE_029,SKU_SNA&CHI_033,SLOT_S&C_08,31,50,77,108,20,40
STORE_029,SKU_SNA&CHI_034,SLOT_S&C_09,40,50,93,133,20,40
STORE_029,SKU_SNA&CHI_035,SLOT_S&C_10,39,50,57,96,20,40
STORE_029,SKU_SNA&CHI_036,SLOT_S&C_11,25,50,86,111,20,40
STORE_029,SKU_SNA&CHI_037,SLOT_S&C_12,38,50,87,125,20,40
STORE_029,SKU_SNA&CHI_038,SLOT_S&C_13,32,50,55,87,20,40
STORE_029,SKU_INSMEA_039,SLOT_IM_14,35,50,67,102,20,40
STORE_029,SKU_INSMEA_040,SLOT_IM_15,43,50,54,97,20,40
STORE_029,SKU_INSMEA_041,SLOT_IM_16,43,50,100,143,20,40
STORE_029,SKU_INSMEA_042,SLOT_IM_17,29,50,98,127,20,40
STORE_029,SKU_INSMEA_043,SLOT_IM_18,43,50,97,140,20,40
STORE_029,SKU_INSMEA_044,SLOT_IM_19,25,50,66,91,20,40
STORE_029,SKU_INSMEA_045,SLOT_IM_20,26,50,42,68,20,40
STORE_029,SKU_INSMEA_046,SLOT_IM_21,40,50,86,126,20,40
STORE_029,SKU_INSMEA_047,SLOT_IM_22,41,50,42,83,20,40
STORE_029,SKU_INSMEA_048,SLOT_IM_23,38,50,73,111,20,40
STORE_029,SKU_INSMEA_049,SLOT_IM_24,37,50,70,107,20,40
STORE_029,SKU_INSMEA_050,SLOT_IM_25,28,50,68,96,20,40
STORE_029,SKU_INSMEA_051,SLOT_IM_26,40,50,55,95,20,40
STORE_029,SKU_INSMEA_052,SLOT_IM_27,27,50,75,102,20,40
STORE_029,SKU_INSMEA_053,SLOT_IM_28,25,50,84,109,20,40
STORE_029,SKU_INSMEA_054,SLOT_IM_29,38,50,100,138,20,40
STORE_029,SKU_GRO_055,SLOT_G_30,31,50,48,79,20,40
STORE_029,SKU_GRO_056,SLOT_G_01,36,50,58,94,20,40
STORE_029,SKU_GRO_057,SLOT_G_02,32,50,81,113,20,40
STORE_029,SKU_GRO_058,SLOT_G_03,27,50,41,68,20,40
STORE_029,SKU_GRO_059,SLOT_G_04,40,50,82,122,20,40
STORE_029,SKU_GRO_060,SLOT_G_05,34,50,50,84,20,40
STORE_029,SKU_GRO_061,SLOT_G_06,39,50,94,133,20,40
STORE_029,SKU_GRO_062,SLOT_G_07,43,50,87,130,20,40
STORE_029,SKU_GRO_063,SLOT_G_08,43,50,41,84,20,40
STORE_029,SKU_GRO_064,SLOT_G_09,39,50,69,108,20,40
STORE_029,SKU_GRO_065,SLOT_G_10,29,50,95,124,20,40
STORE_029,SKU_GRO_066,SLOT_G_11,37,50,51,88,20,40
STORE_029,SKU_GRO_067,SLOT_G_12,36,50,80,116,20,40
STORE_029,SKU_GRO_068,SLOT_G_13,39,50,85,124,20,40
STORE_029,SKU_GRO_069,SLOT_G_14,45,50,40,85,20,40
STORE_029,SKU_GRO_070,SLOT_G_15,45,50,44,89,20,40
STORE_029,SKU_GRO_071,SLOT_G_16,37,50,97,134,20,40
STORE_029,SKU_FRU&VEG_072,SLOT_F&V_17,35,50,73,108,20,40
STORE_029,SKU_FRU&VEG_073,SLOT_F&V_18,26,50,58,84,20,40
STORE_029,SKU_FRU&VEG_074,SLOT_F&V_19,38,50,88,126,20,40
STORE_029,SKU_FRU&VEG_075,SLOT_F&V_20,33,50,84,117,20,40
STORE_029,SKU_FRU&VEG_076,SLOT_F&V_21,44,50,74,118,20,40
STORE_029,SKU_FRU&VEG_077,SLOT_F&V_22,43,50,90,133,20,40
STORE_029,SKU_FRU&VEG_078,SLOT_F&V_23,31,50,90,121,20,40
STORE_029,SKU_FRU&VEG_079,SLOT_F&V_24,27,50,79,106,20,40
STORE_029,SKU_FRU&VEG_080,SLOT_F&V_25,35,50,87,122,20,40
STORE_029,SKU_FRU&VEG_081,SLOT_F&V_26,26,50,72,98,20,40
STORE_029,SKU_FRU&VEG_082,SLOT_F&V_27,36,50,96,132,20,40
STORE_029,SKU_FRU&VEG_083,SLOT_F&V_28,26,50,47,73,20,40
STORE_029,SKU_FRU&VEG_084,SLOT_F&V_29,37,50,63,100,20,40
STORE_029,SKU_FRU&VEG_085,SLOT_F&V_30,39,50,79,118,20,40
STORE_029,SKU_FRU&VEG_086,SLOT_F&V_01,26,50,63,89,20,40
STORE_029,SKU_PERCAR_087,SLOT_PC_02,36,50,51,87,20,40
STORE_029,SKU_PERCAR_088,SLOT_PC_03,45,50,75,120,20,40
STORE_029,SKU_PERCAR_089,SLOT_PC_04,27,50,75,102,20,40
STORE_029,SKU_PERCAR_090,SLOT_PC_05,31,50,48,79,20,40
STORE_029,SKU_PERCAR_091,SLOT_PC_06,35,50,55,90,20,40
STORE_029,SKU_PERCAR_092,SLOT_PC_07,42,50,47,89,20,40
STORE_029,SKU_PERCAR_093,SLOT_PC_08,45,50,70,115,20,40
STORE_029,SKU_PERCAR_094,SLOT_PC_09,43,50,95,138,20,40
STORE_029,SKU_PERCAR_095,SLOT_PC_10,31,50,88,119,20,40
STORE_029,SKU_PERCAR_096,SLOT_PC_11,32,50,60,92,20,40
STORE_029,SKU_PERCAR_097,SLOT_PC_12,36,50,97,133,20,40
STORE_029,SKU_PERCAR_098,SLOT_PC_13,33,50,72,105,20,40
STORE_029,SKU_PERCAR_099,SLOT_PC_14,38,50,57,95,20,40
STORE_029,SKU_PERCAR_100,SLOT_PC_15,26,50,44,70,20,40
STORE_029,SKU_SWE_101,SLOT_S_16,36,50,62,98,20,40
STORE_029,SKU_SWE_102,SLOT_S_17,39,50,71,110,20,40
STORE_029,SKU_SWE_103,SLOT_S_18,41,50,73,114,20,40
STORE_029,SKU_SWE_104,SLOT_S_19,28,50,70,98,20,40
STORE_029,SKU_SWE_105,SLOT_S_20,42,50,83,125,20,40
STORE_029,SKU_SWE_106,SLOT_S_21,42,50,97,139,20,40
STORE_029,SKU_SWE_107,SLOT_S_22,34,50,68,102,20,40
STORE_029,SKU_SWE_108,SLOT_S_23,44,50,63,107,20,40
STORE_029,SKU_SWE_109,SLOT_S_24,27,50,52,79,20,40
STORE_029,SKU_SWE_110,SLOT_S_25,39,50,45,84,20,40
STORE_029,SKU_GENERIC_SWE_116,SLOT_S_26,27,50,65,92,20,40
STORE_029,SKU_GENERIC_COLBEV_117,SLOT_CB_27,30,50,58,88,20,40
STORE_029,SKU_GENERIC_HOTBEV_118,SLOT_HB_28,27,50,46,73,20,40
STORE_029,SKU_GENERIC_SNA&CHI_119,SLOT_S&C_29,30,50,57,87,20,40
STORE_029,SKU_GENERIC_INSMEA_120,SLOT_IM_30,28,50,84,112,20,40
STORE_029,SKU_GENERIC_DAI&BAK_121,SLOT_D&B_01,29,50,71,100,20,40
STORE_029,SKU_GENERIC_GRO_122,SLOT_G_02,29,50,95,124,20,40
STORE_029,SKU_GENERIC_FRU&VEG_123,SLOT_F&V_03,31,50,73,104,20,40
STORE_029,SKU_GENERIC_PERCAR_124,SLOT_PC_04,45,50,41,86,20,40
STORE_029,SKU_GENERIC_SWE_125,SLOT_S_05,34,50,66,100,20,40
STORE_029,SKU_GENERIC_COLBEV_126,SLOT_CB_06,42,50,99,141,20,40
STORE_029,SKU_GENERIC_HOTBEV_127,SLOT_HB_07,29,50,70,99,20,40
STORE_029,SKU_GENERIC_SNA&CHI_128,SLOT_S&C_08,36,50,66,102,20,40
STORE_029,SKU_GENERIC_INSMEA_129,SLOT_IM_09,39,50,87,126,20,40
STORE_029,SKU_GENERIC_DAI&BAK_130,SLOT_D&B_10,45,50,41,86,20,40
STORE_029,SKU_GENERIC_GRO_131,SLOT_G_11,34,50,52,86,20,40
STORE_029,SKU_GENERIC_FRU&VEG_132,SLOT_F&V_12,27,50,41,68,20,40
STORE_029,SKU_GENERIC_PERCAR_133,SLOT_PC_13,32,50,93,125,20,40
STORE_029,SKU_GENERIC_SWE_134,SLOT_S_14,41,50,81,122,20,40
STORE_029,SKU_GENERIC_COLBEV_135,SLOT_CB_15,35,50,66,101,20,40
STORE_029,SKU_GENERIC_HOTBEV_136,SLOT_HB_16,43,50,61,104,20,40
STORE_029,SKU_GENERIC_SNA&CHI_137,SLOT_S&C_17,45,50,81,126,20,40
STORE_029,SKU_GENERIC_INSMEA_138,SLOT_IM_18,35,50,71,106,20,40
STORE_029,SKU_GENERIC_DAI&BAK_139,SLOT_D&B_19,43,50,82,125,20,40
STORE_029,SKU_GENERIC_GRO_140,SLOT_G_20,41,50,93,134,20,40
STORE_029,SKU_GENERIC_FRU&VEG_141,SLOT_F&V_21,42,50,68,110,20,40
STORE_029,SKU_GENERIC_PERCAR_142,SLOT_PC_22,39,50,59,98,20,40
STORE_029,SKU_GENERIC_SWE_143,SLOT_S_23,43,50,48,91,20,40
STORE_029,SKU_GENERIC_COLBEV_144,SLOT_CB_24,34,50,50,84,20,40
STORE_029,SKU_GENERIC_HOTBEV_145,SLOT_HB_25,33,50,54,87,20,40
STORE_029,SKU_GENERIC_SNA&CHI_146,SLOT_S&C_26,40,50,63,103,20,40
STORE_029,SKU_GENERIC_INSMEA_147,SLOT_IM_27,34,50,89,123,20,40
STORE_029,SKU_GENERIC_DAI&BAK_148,SLOT_D&B_28,26,50,49,75,20,40
STORE_029,SKU_GENERIC_GRO_149,SLOT_G_29,36,50,58,94,20,40
STORE_029,SKU_GENERIC_FRU&VEG_150,SLOT_F&V_30,39,50,50,89,20,40
STORE_030,SKU_COLD_DRINK_750ML,SLOT_CB_01,44,50,99,143,20,40
STORE_030,SKU_DIET_HERBAL_TEA_250ML,SLOT_HB_02,30,50,85,115,20,40
STORE_030,SKU_ENERGY_DRINK_250ML,SLOT_CB_03,42,50,58,100,20,40
STORE_030,SKU_KALE_CHIPS_50G,SLOT_S&C_04,30,50,51,81,20,40
STORE_030,SKU_CHIPS_100G,SLOT_S&C_05,29,50,50,79,20,40
STORE_030,SKU_COLBEV_001,SLOT_CB_06,32,50,47,79,20,40
STORE_030,SKU_COLBEV_002,SLOT_CB_07,26,50,60,86,20,40
STORE_030,SKU_COLBEV_003,SLOT_CB_08,43,50,48,91,20,40
STORE_030,SKU_COLBEV_004,SLOT_CB_09,39,50,56,95,20,40
STORE_030,SKU_COLBEV_005,SLOT_CB_10,36,50,51,87,20,40
STORE_030,SKU_COLBEV_006,SLOT_CB_11,31,50,75,106,20,40
STORE_030,SKU_COLBEV_007,SLOT_CB_12,26,50,82,108,20,40
STORE_030,SKU_COLBEV_008,SLOT_CB_13,35,50,62,97,20,40
STORE_030,SKU_COLBEV_009,SLOT_CB_14,29,50,63,92,20,40
STORE_030,SKU_COLBEV_010,SLOT_CB_15,39,50,74,113,20,40
STORE_030,SKU_COLBEV_011,SLOT_CB_16,30,50,74,104,20,40
STORE_030,SKU_COLBEV_012,SLOT_CB_17,34,50,47,81,20,40
STORE_030,SKU_COLBEV_013,SLOT_CB_18,25,50,65,90,20,40
STORE_030,SKU_COLBEV_014,SLOT_CB_19,40,50,89,129,20,40
STORE_030,SKU_HOTBEV_015,SLOT_HB_20,29,50,100,129,20,40
STORE_030,SKU_HOTBEV_016,SLOT_HB_21,39,50,99,138,20,40
STORE_030,SKU_HOTBEV_017,SLOT_HB_22,35,50,49,84,20,40
STORE_030,SKU_HOTBEV_018,SLOT_HB_23,25,50,87,112,20,40
STORE_030,SKU_HOTBEV_019,SLOT_HB_24,42,50,72,114,20,40
STORE_030,SKU_HOTBEV_020,SLOT_HB_25,35,50,81,116,20,40
STORE_030,SKU_HOTBEV_021,SLOT_HB_26,34,50,70,104,20,40
STORE_030,SKU_HOTBEV_022,SLOT_HB_27,34,50,100,134,20,40
STORE_030,SKU_HOTBEV_023,SLOT_HB_28,43,50,82,125,20,40
STORE_030,SKU_HOTBEV_024,SLOT_HB_29,29,50,91,120,20,40
STORE_030,SKU_HOTBEV_025,SLOT_HB_30,43,50,86,129,20,40
STORE_030,SKU_SNA&CHI_026,SLOT_S&C_01,39,50,61,100,20,40
STORE_030,SKU_SNA&CHI_027,SLOT_S&C_02,28,50,86,114,20,40
STORE_030,SKU_SNA&CHI_028,SLOT_S&C_03,40,50,97,137,20,40
STORE_030,SKU_SNA&CHI_029,SLOT_S&C_04,26,50,48,74,20,40
STORE_030,SKU_SNA&CHI_030,SLOT_S&C_05,42,50,47,89,20,40
STORE_030,SKU_SNA&CHI_031,SLOT_S&C_06,34,50,41,75,20,40
STORE_030,SKU_SNA&CHI_032,SLOT_S&C_07,37,50,79,116,20,40
STORE_030,SKU_SNA&CHI_033,SLOT_S&C_08,32,50,68,100,20,40
STORE_030,SKU_SNA&CHI_034,SLOT_S&C_09,36,50,45,81,20,40
STORE_030,SKU_SNA&CHI_035,SLOT_S&C_10,35,50,43,78,20,40
STORE_030,SKU_SNA&CHI_036,SLOT_S&C_11,44,50,81,125,20,40
STORE_030,SKU_SNA&CHI_037,SLOT_S&C_12,31,50,77,108,20,40
STORE_030,SKU_SNA&CHI_038,SLOT_S&C_13,41,50,54,95,20,40
STORE_030,SKU_INSMEA_039,SLOT_IM_14,33,50,52,85,20,40
STORE_030,SKU_INSMEA_040,SLOT_IM_15,25,50,45,70,20,40
STORE_030,SKU_INSMEA_041,SLOT_IM_16,42,50,94,136,20,40
STORE_030,SKU_INSMEA_042,SLOT_IM_17,39,50,83,122,20,40
STORE_030,SKU_INSMEA_043,SLOT_IM_18,27,50,72,99,20,40
STORE_030,SKU_INSMEA_044,SLOT_IM_19,37,50,52,89,20,40
STORE_030,SKU_INSMEA_045,SLOT_IM_20,40,50,60,100,20,40
STORE_030,SKU_INSMEA_046,SLOT_IM_21,44,50,78,122,20,40
STORE_030,SKU_INSMEA_047,SLOT_IM_22,41,50,100,141,20,40
STORE_030,SKU_INSMEA_048,SLOT_IM_23,26,50,98,124,20,40
STORE_030,SKU_INSMEA_049,SLOT_IM_24,36,50,65,101,20,40
STORE_030,SKU_INSMEA_050,SLOT_IM_25,29,50,85,114,20,40
STORE_030,SKU_INSMEA_051,SLOT_IM_26,38,50,63,101,20,40
STORE_030,SKU_INSMEA_052,SLOT_IM_27,37,50,63,100,20,40
STORE_030,SKU_INSMEA_053,SLOT_IM_28,25,50,58,83,20,40
STORE_030,SKU_INSMEA_054,SLOT_IM_29,36,50,62,98,20,40
STORE_030,SKU_GRO_055,SLOT_G_30,34,50,68,102,20,40
STORE_030,SKU_GRO_056,SLOT_G_01,42,50,45,87,20,40
STORE_030,SKU_GRO_057,SLOT_G_02,31,50,86,117,20,40
STORE_030,SKU_GRO_058,SLOT_G_03,39,50,87,126,20,40
STORE_030,SKU_GRO_059,SLOT_G_04,38,50,91,129,20,40
STORE_030,SKU_GRO_060,SLOT_G_05,39,50,58,97,20,40
STORE_030,SKU_GRO_061,SLOT_G_06,30,50,91,121,20,40
STORE_030,SKU_GRO_062,SLOT_G_07,38,50,86,124,20,40
STORE_030,SKU_GRO_063,SLOT_G_08,38,50,48,86,20,40
STORE_030,SKU_GRO_064,SLOT_G_09,43,50,78,121,20,40
STORE_030,SKU_GRO_065,SLOT_G_10,27,50,49,76,20,40
STORE_030,SKU_GRO_066,SLOT_G_11,31,50,59,90,20,40
STORE_030,SKU_GRO_067,SLOT_G_12,40,50,95,135,20,40
STORE_030,SKU_GRO_068,SLOT_G_13,41,50,61,102,20,40
STORE_030,SKU_GRO_069,SLOT_G_14,27,50,99,126,20,40
STORE_030,SKU_GRO_070,SLOT_G_15,43,50,88,131,20,40
STORE_030,SKU_GRO_071,SLOT_G_16,37,50,45,82,20,40
STORE_030,SKU_FRU&VEG_072,SLOT_F&V_17,25,50,66,91,20,40
STORE_030,SKU_FRU&VEG_073,SLOT_F&V_18,45,50,98,143,20,40
STORE_030,SKU_FRU&VEG_074,SLOT_F&V_19,33,50,66,99,20,40
STORE_030,SKU_FRU&VEG_075,SLOT_F&V_20,30,50,75,105,20,40
STORE_030,SKU_FRU&VEG_076,SLOT_F&V_21,39,50,85,124,20,40
STORE_030,SKU_FRU&VEG_077,SLOT_F&V_22,43,50,88,131,20,40
STORE_030,SKU_FRU&VEG_078,SLOT_F&V_23,29,50,52,81,20,40
STORE_030,SKU_FRU&VEG_079,SLOT_F&V_24,30,50,93,123,20,40
STORE_030,SKU_FRU&VEG_080,SLOT_F&V_25,37,50,58,95,20,40
STORE_030,SKU_FRU&VEG_081,SLOT_F&V_26,42,50,71,113,20,40
STORE_030,SKU_FRU&VEG_082,SLOT_F&V_27,26,50,92,118,20,40
STORE_030,SKU_FRU&VEG_083,SLOT_F&V_28,34,50,93,127,20,40
STORE_030,SKU_FRU&VEG_084,SLOT_F&V_29,43,50,59,102,20,40
STORE_030,SKU_FRU&VEG_085,SLOT_F&V_30,40,50,75,115,20,40
STORE_030,SKU_FRU&VEG_086,SLOT_F&V_01,39,50,54,93,20,40
STORE_030,SKU_PERCAR_087,SLOT_PC_02,25,50,90,115,20,40
STORE_030,SKU_PERCAR_088,SLOT_PC_03,25,50,49,74,20,40
STORE_030,SKU_PERCAR_089,SLOT_PC_04,33,50,59,92,20,40
STORE_030,SKU_PERCAR_090,SLOT_PC_05,45,50,93,138,20,40
STORE_030,SKU_PERCAR_091,SLOT_PC_06,45,50,70,115,20,40
STORE_030,SKU_PERCAR_092,SLOT_PC_07,28,50,81,109,20,40
STORE_030,SKU_PERCAR_093,SLOT_PC_08,34,50,66,100,20,40
STORE_030,SKU_PERCAR_094,SLOT_PC_09,30,50,71,101,20,40
STORE_030,SKU_PERCAR_095,SLOT_PC_10,45,50,55,100,20,40
STORE_030,SKU_PERCAR_096,SLOT_PC_11,25,50,47,72,20,40
STORE_030,SKU_PERCAR_097,SLOT_PC_12,33,50,71,104,20,40
STORE_030,SKU_PERCAR_098,SLOT_PC_13,27,50,78,105,20,40
STORE_030,SKU_PERCAR_099,SLOT_PC_14,36,50,77,113,20,40
STORE_030,SKU_PERCAR_100,SLOT_PC_15,40,50,76,116,20,40
STORE_030,SKU_SWE_101,SLOT_S_16,38,50,95,133,20,40
STORE_030,SKU_SWE_102,SLOT_S_17,33,50,80,113,20,40
STORE_030,SKU_SWE_103,SLOT_S_18,40,50,84,124,20,40
STORE_030,SKU_SWE_104,SLOT_S_19,28,50,63,91,20,40
STORE_030,SKU_SWE_105,SLOT_S_20,41,50,86,127,20,40
STORE_030,SKU_SWE_106,SLOT_S_21,43,50,41,84,20,40
STORE_030,SKU_SWE_107,SLOT_S_22,33,50,50,83,20,40
STORE_030,SKU_SWE_108,SLOT_S_23,43,50,43,86,20,40
STORE_030,SKU_SWE_109,SLOT_S_24,29,50,60,89,20,40
STORE_030,SKU_SWE_110,SLOT_S_25,39,50,96,135,20,40
STORE_030,SKU_GENERIC_SWE_116,SLOT_S_26,29,50,62,91,20,40
STORE_030,SKU_GENERIC_COLBEV_117,SLOT_CB_27,30,50,43,73,20,40
STORE_030,SKU_GENERIC_HOTBEV_118,SLOT_HB_28,33,50,63,96,20,40
STORE_030,SKU_GENERIC_SNA&CHI_119,SLOT_S&C_29,38,50,80,118,20,40
STORE_030,SKU_GENERIC_INSMEA_120,SLOT_IM_30,36,50,43,79,20,40
STORE_030,SKU_GENERIC_DAI&BAK_121,SLOT_D&B_01,34,50,58,92,20,40
STORE_030,SKU_GENERIC_GRO_122,SLOT_G_02,41,50,80,121,20,40
STORE_030,SKU_GENERIC_FRU&VEG_123,SLOT_F&V_03,27,50,72,99,20,40
STORE_030,SKU_GENERIC_PERCAR_124,SLOT_PC_04,31,50,89,120,20,40
STORE_030,SKU_GENERIC_SWE_125,SLOT_S_05,45,50,51,96,20,40
STORE_030,SKU_GENERIC_COLBEV_126,SLOT_CB_06,28,50,78,106,20,40
STORE_030,SKU_GENERIC_HOTBEV_127,SLOT_HB_07,30,50,74,104,20,40
STORE_030,SKU_GENERIC_SNA&CHI_128,SLOT_S&C_08,35,50,95,130,20,40
STORE_030,SKU_GENERIC_INSMEA_129,SLOT_IM_09,35,50,92,127,20,40
STORE_030,SKU_GENERIC_DAI&BAK_130,SLOT_D&B_10,34,50,57,91,20,40
STORE_030,SKU_GENERIC_GRO_131,SLOT_G_11,36,50,46,82,20,40
STORE_030,SKU_GENERIC_FRU&VEG_132,SLOT_F&V_12,42,50,77,119,20,40
STORE_030,SKU_GENERIC_PERCAR_133,SLOT_PC_13,36,50,92,128,20,40
STORE_030,SKU_GENERIC_SWE_134,SLOT_S_14,29,50,40,69,20,40
STORE_030,SKU_GENERIC_COLBEV_135,SLOT_CB_15,29,50,73,102,20,40
STORE_030,SKU_GENERIC_HOTBEV_136,SLOT_HB_16,34,50,63,97,20,40
STORE_030,SKU_GENERIC_SNA&CHI_137,SLOT_S&C_17,40,50,66,106,20,40
STORE_030,SKU_GENERIC_INSMEA_138,SLOT_IM_18,35,50,98,133,20,40
STORE_030,SKU_GENERIC_DAI&BAK_139,SLOT_D&B_19,30,50,46,76,20,40
STORE_030,SKU_GENERIC_GRO_140,SLOT_G_20,31,50,49,80,20,40
STORE_030,SKU_GENERIC_FRU&VEG_141,SLOT_F&V_21,41,50,54,95,20,40
STORE_030,SKU_GENERIC_PERCAR_142,SLOT_PC_22,31,50,90,121,20,40
STORE_030,SKU_GENERIC_SWE_143,SLOT_S_23,42,50,79,121,20,40
STORE_030,SKU_GENERIC_COLBEV_144,SLOT_CB_24,41,50,94,135,20,40
STORE_030,SKU_GENERIC_HOTBEV_145,SLOT_HB_25,42,50,85,127,20,40
STORE_030,SKU_GENERIC_SNA&CHI_146,SLOT_S&C_26,42,50,84,126,20,40
STORE_030,SKU_GENERIC_INSMEA_147,SLOT_IM_27,28,50,66,94,20,40
STORE_030,SKU_GENERIC_DAI&BAK_148,SLOT_D&B_28,39,50,98,137,20,40
STORE_030,SKU_GENERIC_GRO_149,SLOT_G_29,27,50,47,74,20,40
STORE_030,SKU_GENERIC_FRU&VEG_150,SLOT_F&V_30,29,50,99,128,20,40
